item_id,question,prediction,ground_truth,metrics
2hop__44815_494136,Who is the spouse of the actor of Ethan in A Dog's Purpose?,{'answer': 'Error: Failed to parse final JSON.'},Meg Ryan,"{'answer_em': 0.0, 'answer_f1': 0.0, 'answer_precision': 0.0, 'answer_recall': 0.0, 'support_f1': 0.0, 'support_precision': 0.0, 'support_recall': 0.0, 'error': 1}"
2hop__640262_122868,What university did the author of 1967: The Last Good Year attend?,{'answer': 'Error: Failed to parse final JSON.'},University of British Columbia,"{'answer_em': 0.0, 'answer_f1': 0.0, 'answer_precision': 0.0, 'answer_recall': 0.0, 'support_f1': 0.0, 'support_precision': 0.0, 'support_recall': 0.0, 'error': 1}"
2hop__370564_71701,What year did the japanese get to the current administrative territorial entity of the Century Lotus Stadium and the rest of the guangdong province?,{'answer': 'Error: Failed to parse final JSON.'},November 5,"{'answer_em': 0.0, 'answer_f1': 0.0, 'answer_precision': 0.0, 'answer_recall': 0.0, 'support_f1': 0.0, 'support_precision': 0.0, 'support_recall': 0.0, 'error': 1}"
2hop__6827_79845,How many atms does the bank that bought FleetBoston Financial has are there?,{'answer': 'Error: Failed to parse final JSON.'},"15,900","{'answer_em': 0.0, 'answer_f1': 0.0, 'answer_precision': 0.0, 'answer_recall': 0.0, 'support_f1': 0.0, 'support_precision': 0.0, 'support_recall': 0.0, 'error': 1}"
3hop2__90098_156850_10557,"What was the form of the language that the last name Sylvester comes from, used in the era of Fastrada's spouse, later known as?",{'answer': 'Error: Failed to parse final JSON.'},Medieval Latin,"{'answer_em': 0.0, 'answer_f1': 0.0, 'answer_precision': 0.0, 'answer_recall': 0.0, 'support_f1': 0.0, 'support_precision': 0.0, 'support_recall': 0.0, 'error': 1}"
2hop__488811_30110,What happened to the Curonians who lived in the area where Erich Zakowski was born?,{'answer': 'Error: Failed to parse final JSON.'},expelled by the Soviet Union,"{'answer_em': 0.0, 'answer_f1': 0.0, 'answer_precision': 0.0, 'answer_recall': 0.0, 'support_f1': 0.0, 'support_precision': 0.0, 'support_recall': 0.0, 'error': 1}"
2hop__17827_54024,Which king sold part of the Crown Freehold and commissioned a bible translation?,{'answer': 'Error: Failed to parse final JSON.'},King James I of England,"{'answer_em': 0.0, 'answer_f1': 0.0, 'answer_precision': 0.0, 'answer_recall': 0.0, 'support_f1': 0.0, 'support_precision': 0.0, 'support_recall': 0.0, 'error': 1}"
2hop__752214_639679,Who is the spouse of the author of Queen of the Elephants?,{'answer': 'Error: Failed to parse final JSON.'},Clio Goldsmith,"{'answer_em': 0.0, 'answer_f1': 0.0, 'answer_precision': 0.0, 'answer_recall': 0.0, 'support_f1': 0.0, 'support_precision': 0.0, 'support_recall': 0.0, 'error': 1}"
2hop__810884_22402,How many students attend the university that Edith Humphrey was educated?,{'answer': 'Error: Failed to parse final JSON.'},"nearly 25,000","{'answer_em': 0.0, 'answer_f1': 0.0, 'answer_precision': 0.0, 'answer_recall': 0.0, 'support_f1': 0.0, 'support_precision': 0.0, 'support_recall': 0.0, 'error': 1}"
4hop1__341777_508773_85832_745702,"Who was the child of the Italian navigator who sailed for England, and explored the eastern coast of the continent where the birthplace of Eduardo Cuervo is found?",{'answer': 'Error: Failed to parse final JSON.'},Sebastian Cabot,"{'answer_em': 0.0, 'answer_f1': 0.0, 'answer_precision': 0.0, 'answer_recall': 0.0, 'support_f1': 0.0, 'support_precision': 0.0, 'support_recall': 0.0, 'error': 1}"
3hop2__132957_222979_40768,"When did Nissan, the Acura Legend maker and the Scion owner open US assembly plants?",{'answer': 'Error: Failed to parse final JSON.'},1981,"{'answer_em': 0.0, 'answer_f1': 0.0, 'answer_precision': 0.0, 'answer_recall': 0.0, 'support_f1': 0.0, 'support_precision': 0.0, 'support_recall': 0.0, 'error': 1}"
2hop__62311_62279,When did Germany launch an air attack on the country the U.S. fought during the American Revolution?,{'answer': 'Error: Failed to parse final JSON.'},10 July -- 31 October 1940,"{'answer_em': 0.0, 'answer_f1': 0.0, 'answer_precision': 0.0, 'answer_recall': 0.0, 'support_f1': 0.0, 'support_precision': 0.0, 'support_recall': 0.0, 'error': 1}"
3hop1__365934_87694_124169,What date did the Governor of the city where the basilica named after the same saint as the one that Mantua Cathedral is dedicated to end?,{'answer': 'Error: Failed to parse final JSON.'},1952,"{'answer_em': 0.0, 'answer_f1': 0.0, 'answer_precision': 0.0, 'answer_recall': 0.0, 'support_f1': 0.0, 'support_precision': 0.0, 'support_recall': 0.0, 'error': 1}"
2hop__409166_152023,"What record label is responsible for the performer of ""Sanctuary""?",{'answer': 'Error: Failed to parse final JSON.'},Kicking Mule Records,"{'answer_em': 0.0, 'answer_f1': 0.0, 'answer_precision': 0.0, 'answer_recall': 0.0, 'support_f1': 0.0, 'support_precision': 0.0, 'support_recall': 0.0, 'error': 1}"
3hop1__857_846_7821,How many miles of highways are in the city where the Yongle emperor greeted the person to whom the edict was addressed?,{'answer': 'Error: Failed to parse final JSON.'},140 mi,"{'answer_em': 0.0, 'answer_f1': 0.0, 'answer_precision': 0.0, 'answer_recall': 0.0, 'support_f1': 0.0, 'support_precision': 0.0, 'support_recall': 0.0, 'error': 1}"
3hop1__19768_19788_10117,"Widely practiced in the region having the second largest rain-forest in the world, how long ago did this religion arrive in Zhejiang?",{'answer': 'Error: Failed to parse final JSON.'},"1,400 years","{'answer_em': 0.0, 'answer_f1': 0.0, 'answer_precision': 0.0, 'answer_recall': 0.0, 'support_f1': 0.0, 'support_precision': 0.0, 'support_recall': 0.0, 'error': 1}"
2hop__703767_37168,Where does the employer of Hasan Hanafi rank according to QS World University Rankings?,{'answer': 'Error: Failed to parse final JSON.'},551-600,"{'answer_em': 0.0, 'answer_f1': 0.0, 'answer_precision': 0.0, 'answer_recall': 0.0, 'support_f1': 0.0, 'support_precision': 0.0, 'support_recall': 0.0, 'error': 1}"
2hop__56851_343058,Who is the spouse of the actress who played the fairy god mother in Shrek 2?,{'answer': 'Error: Failed to parse final JSON.'},Adrian Edmondson,"{'answer_em': 0.0, 'answer_f1': 0.0, 'answer_precision': 0.0, 'answer_recall': 0.0, 'support_f1': 0.0, 'support_precision': 0.0, 'support_recall': 0.0, 'error': 1}"
3hop2__30152_105395_20999,"How were the people that the Somali Muslim Ajuran Empire made coins to proclaim independence from, expelled from the country where Star Cola is produced?",{'answer': 'Error: Failed to parse final JSON.'},The dynasty regrouped and defeated the Portuguese,"{'answer_em': 0.0, 'answer_f1': 0.0, 'answer_precision': 0.0, 'answer_recall': 0.0, 'support_f1': 0.0, 'support_precision': 0.0, 'support_recall': 0.0, 'error': 1}"
2hop__42747_83837,Who sings Home Alone Tonight with the singer of Light It Up?,{'answer': 'Error: Failed to parse final JSON.'},Karen Fairchild,"{'answer_em': 0.0, 'answer_f1': 0.0, 'answer_precision': 0.0, 'answer_recall': 0.0, 'support_f1': 0.0, 'support_precision': 0.0, 'support_recall': 0.0, 'error': 1}"
2hop__511176_22458,What does the acronym of the organization Danish Football Union is part of stand for?,{'answer': 'Error: Failed to parse final JSON.'},International Federation of Association Football,"{'answer_em': 0.0, 'answer_f1': 0.0, 'answer_precision': 0.0, 'answer_recall': 0.0, 'support_f1': 0.0, 'support_precision': 0.0, 'support_recall': 0.0, 'error': 1}"
2hop__83800_747874,Who's the sibling of the player who won the men's wimbledon championship 2016?,"{'answer': 'Jamie Murray', 'supporting_facts': ['Andy Murray and Jamie Murray were the defending champions but decided to participate at Basel instead.', ""The Gentlemen's Singles title was won by Andy Murray.""]}",Jamie Murray,"{'answer_em': 1.0, 'answer_f1': 1.0, 'answer_precision': 1.0, 'answer_recall': 1.0, 'support_f1': 0.0, 'support_precision': 0.0, 'support_recall': 0.0, 'accuracy': 1.0}"
2hop__83257_19033,Where did the inventor of the Money in the Bank ladder match win in 2008?,{'answer': 'Error: Failed to parse final JSON.'},Great American Bash,"{'answer_em': 0.0, 'answer_f1': 0.0, 'answer_precision': 0.0, 'answer_recall': 0.0, 'support_f1': 0.0, 'support_precision': 0.0, 'support_recall': 0.0, 'error': 1}"
2hop__55966_162341,What kind of recognition did the actor who played the game maker in hunger games receive?,{'answer': 'Error: Failed to parse final JSON.'},nominated for an Academy Award for Best Supporting Actor,"{'answer_em': 0.0, 'answer_f1': 0.0, 'answer_precision': 0.0, 'answer_recall': 0.0, 'support_f1': 0.0, 'support_precision': 0.0, 'support_recall': 0.0, 'error': 1}"
2hop__754753_57816,What is the U.S. News ranking of the law school at Carlos Alvarez's employer?,{'answer': 'Error: Failed to parse final JSON.'},100,"{'answer_em': 0.0, 'answer_f1': 0.0, 'answer_precision': 0.0, 'answer_recall': 0.0, 'support_f1': 0.0, 'support_precision': 0.0, 'support_recall': 0.0, 'error': 1}"
3hop1__127837_157828_239539,Where is the headquarters of the Radio Television of the country that has a co-official language in the language that Kuhinjica is in?,{'answer': 'Error: Failed to parse final JSON.'},Pristina,"{'answer_em': 0.0, 'answer_f1': 0.0, 'answer_precision': 0.0, 'answer_recall': 0.0, 'support_f1': 0.0, 'support_precision': 0.0, 'support_recall': 0.0, 'error': 1}"
3hop1__102461_24918_24991,What went down after the Soviet President visiting the the birth country of Andrey Dashkov while the protests were taking place departed from the Kremlin?,{'answer': 'Error: Failed to parse final JSON.'},Soviet flag,"{'answer_em': 0.0, 'answer_f1': 0.0, 'answer_precision': 0.0, 'answer_recall': 0.0, 'support_f1': 0.0, 'support_precision': 0.0, 'support_recall': 0.0, 'error': 1}"
2hop__612719_6455,What was the resulting browser of the group that owns Mozilla Messaging?,{'answer': 'Error: Failed to parse final JSON.'},Firefox,"{'answer_em': 0.0, 'answer_f1': 0.0, 'answer_precision': 0.0, 'answer_recall': 0.0, 'support_f1': 0.0, 'support_precision': 0.0, 'support_recall': 0.0, 'error': 1}"
2hop__30905_189318,Where did the person who sponsored the resolution to reopen trade with Vietnam along with Kerry go to college?,{'answer': 'Error: Failed to parse final JSON.'},National War College,"{'answer_em': 0.0, 'answer_f1': 0.0, 'answer_precision': 0.0, 'answer_recall': 0.0, 'support_f1': 0.0, 'support_precision': 0.0, 'support_recall': 0.0, 'error': 1}"
2hop__776377_857193,What is the mouth of watercourse for the body of water where Bartram's Covered Bridge is located?,{'answer': 'Error: Failed to parse final JSON.'},Delaware River,"{'answer_em': 0.0, 'answer_f1': 0.0, 'answer_precision': 0.0, 'answer_recall': 0.0, 'support_f1': 0.0, 'support_precision': 0.0, 'support_recall': 0.0, 'error': 1}"
2hop__411091_625230,In which county is Mark Dismore's birthplace located?,{'answer': 'Error: Failed to parse final JSON.'},Hancock County,"{'answer_em': 0.0, 'answer_f1': 0.0, 'answer_precision': 0.0, 'answer_recall': 0.0, 'support_f1': 0.0, 'support_precision': 0.0, 'support_recall': 0.0, 'error': 1}"
4hop2__160585_14670_8987_8529,"A country's military branch, which in the US contains the Air Defense Artillery, was unprepared for the invasion of Hana Mandlikova's birth country. When was the word ""Slavs"" used in the national anthem of the unprepared country?",{'answer': 'Error: Failed to parse final JSON.'},1943–1992,"{'answer_em': 0.0, 'answer_f1': 0.0, 'answer_precision': 0.0, 'answer_recall': 0.0, 'support_f1': 0.0, 'support_precision': 0.0, 'support_recall': 0.0, 'error': 1}"
3hop1__28404_160713_77246,What is the meaning of the word that is also a majority religion in what became India when the country that disavowed the Taliban was created in the Arabic dictionary?,{'answer': 'Error: Failed to parse final JSON.'},the country of India,"{'answer_em': 0.0, 'answer_f1': 0.0, 'answer_precision': 0.0, 'answer_recall': 0.0, 'support_f1': 0.0, 'support_precision': 0.0, 'support_recall': 0.0, 'error': 1}"
2hop__8496_21567,Who introduced a system of musical notation used during the 14th century in the place where there is no evidence of a Slavic settlement before c. 600 AD?,{'answer': 'Error: Failed to parse final JSON.'},John Kukuzelis,"{'answer_em': 0.0, 'answer_f1': 0.0, 'answer_precision': 0.0, 'answer_recall': 0.0, 'support_f1': 0.0, 'support_precision': 0.0, 'support_recall': 0.0, 'error': 1}"
2hop__70338_36240,"What specific part of the book where the quote ""by the skin of your teeth"" comes from document reference for Mary?",{'answer': 'Error: Failed to parse final JSON.'},Genesis 3:15,"{'answer_em': 0.0, 'answer_f1': 0.0, 'answer_precision': 0.0, 'answer_recall': 0.0, 'support_f1': 0.0, 'support_precision': 0.0, 'support_recall': 0.0, 'error': 1}"
2hop__275891_55984,Who wrote the song The Story that is sung by the performer of Rhapsody Originals?,{'answer': 'Error: Failed to parse final JSON.'},Phil Hanseroth,"{'answer_em': 0.0, 'answer_f1': 0.0, 'answer_precision': 0.0, 'answer_recall': 0.0, 'support_f1': 0.0, 'support_precision': 0.0, 'support_recall': 0.0, 'error': 1}"
3hop1__136129_87694_124169,What year did the Governor of the city where the basilica named after the same saint as the one that Mantua Cathedral is dedicated to die?,{'answer': 'Error: Failed to parse final JSON.'},1952,"{'answer_em': 0.0, 'answer_f1': 0.0, 'answer_precision': 0.0, 'answer_recall': 0.0, 'support_f1': 0.0, 'support_precision': 0.0, 'support_recall': 0.0, 'error': 1}"
4hop3__373866_5189_38229_86687,A group of nations of which the People's Socialist Republic of Albania was a member was controlled by one country. When did that country agree to a unified Germany inside of the organization Eisenhower would not discuss during the campaign?,{'answer': 'Error: Failed to parse final JSON.'},May 1990,"{'answer_em': 0.0, 'answer_f1': 0.0, 'answer_precision': 0.0, 'answer_recall': 0.0, 'support_f1': 0.0, 'support_precision': 0.0, 'support_recall': 0.0, 'error': 1}"
2hop__455158_247871,What county is the NRHEG High School located in?,"{'answer': 'Waseca County', 'supporting_facts': ['New Richland is a city in Waseca County, Minnesota, United States.', 'NRHEG High School is located in New Richland, Minnesota.']}",Waseca County,"{'answer_em': 1.0, 'answer_f1': 1.0, 'answer_precision': 1.0, 'answer_recall': 1.0, 'support_f1': 0.0, 'support_precision': 0.0, 'support_recall': 0.0, 'accuracy': 1.0}"
3hop1__131783_131926_13165,What treaty ceded territory to the US extending west to the body of water by the location of the Minikahda Club?,{'answer': 'Error: Failed to parse final JSON.'},Treaty of Paris,"{'answer_em': 0.0, 'answer_f1': 0.0, 'answer_precision': 0.0, 'answer_recall': 0.0, 'support_f1': 0.0, 'support_precision': 0.0, 'support_recall': 0.0, 'error': 1}"
2hop__123214_22402,How many students attend Daniel Thürer's university?,{'answer': 'Error: Failed to parse final JSON.'},"nearly 25,000","{'answer_em': 0.0, 'answer_f1': 0.0, 'answer_precision': 0.0, 'answer_recall': 0.0, 'support_f1': 0.0, 'support_precision': 0.0, 'support_recall': 0.0, 'error': 1}"
3hop1__358853_339990_15538,"When did the state, that contains the county where Raven Creek is located, reinstate the death penalty?",{'answer': 'Error: Failed to parse final JSON.'},1984,"{'answer_em': 0.0, 'answer_f1': 0.0, 'answer_precision': 0.0, 'answer_recall': 0.0, 'support_f1': 0.0, 'support_precision': 0.0, 'support_recall': 0.0, 'error': 1}"
2hop__552546_70131,Who constituted the free corps in the country that the Free State of Mecklenburg-Schwerin is located in?,{'answer': 'Error: Failed to parse final JSON.'},consisting largely of World War I veterans,"{'answer_em': 0.0, 'answer_f1': 0.0, 'answer_precision': 0.0, 'answer_recall': 0.0, 'support_f1': 0.0, 'support_precision': 0.0, 'support_recall': 0.0, 'error': 1}"
2hop__67956_463572,What record label does the artist who sang you belong to me belong to?,{'answer': 'Error: Failed to parse final JSON.'},MGM Records,"{'answer_em': 0.0, 'answer_f1': 0.0, 'answer_precision': 0.0, 'answer_recall': 0.0, 'support_f1': 0.0, 'support_precision': 0.0, 'support_recall': 0.0, 'error': 1}"
2hop__418360_67370,When does real time with the author of The New New Rules start again in 2018,{'answer': 'Error: Failed to parse final JSON.'},"January 19, 2018","{'answer_em': 0.0, 'answer_f1': 0.0, 'answer_precision': 0.0, 'answer_recall': 0.0, 'support_f1': 0.0, 'support_precision': 0.0, 'support_recall': 0.0, 'error': 1}"
2hop__73921_807969,The BBC Footballer of the Year is a member of which team?,"{'answer': 'No specific team mentioned', 'supporting_facts': ['BBC African Footballer of the Year Presented by BBC World Service First awarded 1992 Currently held by Mohamed Salah Television / radio coverage Network BBC']}",Egypt national football team,"{'answer_em': 0.0, 'answer_f1': 0.25, 'answer_precision': 0.25, 'answer_recall': 0.25, 'support_f1': 0.0, 'support_precision': 0.0, 'support_recall': 0.0, 'accuracy': 0.25}"
3hop1__139787_88110_77129,What was the first OS to support Hyper-V from the company the letters MS stands for in the network that broadcasts Buchanan & Press?,{'answer': 'Error: Failed to parse final JSON.'},Windows 8,"{'answer_em': 0.0, 'answer_f1': 0.0, 'answer_precision': 0.0, 'answer_recall': 0.0, 'support_f1': 0.0, 'support_precision': 0.0, 'support_recall': 0.0, 'error': 1}"
2hop__141456_6455,What was the resulting browser for the company Mozilla Messaging is a part of?,{'answer': 'Error: Failed to parse final JSON.'},Firefox,"{'answer_em': 0.0, 'answer_f1': 0.0, 'answer_precision': 0.0, 'answer_recall': 0.0, 'support_f1': 0.0, 'support_precision': 0.0, 'support_recall': 0.0, 'error': 1}"
3hop2__326964_7855_7713,How long had the city considered to be a place that is popular with tourists been the capital city of the location of the Yaxing Coach headquarters?,{'answer': 'Error: Failed to parse final JSON.'},about 400 years,"{'answer_em': 0.0, 'answer_f1': 0.0, 'answer_precision': 0.0, 'answer_recall': 0.0, 'support_f1': 0.0, 'support_precision': 0.0, 'support_recall': 0.0, 'error': 1}"
4hop1__436202_765799_282674_759393,What is the seat of the county sharing a border with the county in which J. P. Hayes was born?,{'answer': 'Error: Failed to parse final JSON.'},Green Bay,"{'answer_em': 0.0, 'answer_f1': 0.0, 'answer_precision': 0.0, 'answer_recall': 0.0, 'support_f1': 0.0, 'support_precision': 0.0, 'support_recall': 0.0, 'error': 1}"
3hop1__389069_132457_47686,"Where do greyhound buses depart from, in the city where the performer of Sleep Is the Enemy was formed?",{'answer': 'Error: Failed to parse final JSON.'},Toronto Coach Terminal,"{'answer_em': 0.0, 'answer_f1': 0.0, 'answer_precision': 0.0, 'answer_recall': 0.0, 'support_f1': 0.0, 'support_precision': 0.0, 'support_recall': 0.0, 'error': 1}"
2hop__90773_715759,What was the inventor of the atomic bomb trigger a participant in?,{'answer': 'Error: Failed to parse final JSON.'},Manhattan Project,"{'answer_em': 0.0, 'answer_f1': 0.0, 'answer_precision': 0.0, 'answer_recall': 0.0, 'support_f1': 0.0, 'support_precision': 0.0, 'support_recall': 0.0, 'error': 1}"
2hop__135652_669373,Who is the employer of the physicist who Mach number is named after?,{'answer': 'Error: Failed to parse final JSON.'},Charles University,"{'answer_em': 0.0, 'answer_f1': 0.0, 'answer_precision': 0.0, 'answer_recall': 0.0, 'support_f1': 0.0, 'support_precision': 0.0, 'support_recall': 0.0, 'error': 1}"
2hop__6736_6733,To what division does the place where the most speakers are found belong?,{'answer': 'Error: Failed to parse final JSON.'},Eastern block,"{'answer_em': 0.0, 'answer_f1': 0.0, 'answer_precision': 0.0, 'answer_recall': 0.0, 'support_f1': 0.0, 'support_precision': 0.0, 'support_recall': 0.0, 'error': 1}"
4hop1__58323_375563_161848_83118,When does daylight savings end in the country near the country where the author of The Book Thief is from?,{'answer': 'Error: Failed to parse final JSON.'},the first Sunday in April,"{'answer_em': 0.0, 'answer_f1': 0.0, 'answer_precision': 0.0, 'answer_recall': 0.0, 'support_f1': 0.0, 'support_precision': 0.0, 'support_recall': 0.0, 'error': 1}"
4hop3__524186_219173_862998_72134,When did the city where Hillcrest High School is located become capitol of the state where the screenwriter of The Poor Boob was born?,{'answer': 'Error: Failed to parse final JSON.'},1839,"{'answer_em': 0.0, 'answer_f1': 0.0, 'answer_precision': 0.0, 'answer_recall': 0.0, 'support_f1': 0.0, 'support_precision': 0.0, 'support_recall': 0.0, 'error': 1}"
3hop1__354480_834494_34109,What is the administrative territorial entity that contains the location of Eric Marcus Municipal Airport PBS station?,{'answer': 'Error: Failed to parse final JSON.'},KUAT-TV 6,"{'answer_em': 0.0, 'answer_f1': 0.0, 'answer_precision': 0.0, 'answer_recall': 0.0, 'support_f1': 0.0, 'support_precision': 0.0, 'support_recall': 0.0, 'error': 1}"
2hop__354635_174222,What company succeeded the owner of Empire Sports Network?,{'answer': 'Error: Failed to parse final JSON.'},Time Warner Cable,"{'answer_em': 0.0, 'answer_f1': 0.0, 'answer_precision': 0.0, 'answer_recall': 0.0, 'support_f1': 0.0, 'support_precision': 0.0, 'support_recall': 0.0, 'error': 1}"
4hop3__678814_466199_695123_72134,When did the town WIZE is licensed in become capitol of the state where Stoney Creek Township is located?,{'answer': 'Error: Failed to parse final JSON.'},1839,"{'answer_em': 0.0, 'answer_f1': 0.0, 'answer_precision': 0.0, 'answer_recall': 0.0, 'support_f1': 0.0, 'support_precision': 0.0, 'support_recall': 0.0, 'error': 1}"
2hop__83405_158262,When did the president of the Confederate States of America end his fight in the Mexican-American war?,{'answer': 'Error: Failed to parse final JSON.'},1848,"{'answer_em': 0.0, 'answer_f1': 0.0, 'answer_precision': 0.0, 'answer_recall': 0.0, 'support_f1': 0.0, 'support_precision': 0.0, 'support_recall': 0.0, 'error': 1}"
2hop__60001_512508,What did the person who discovered that all atoms of an element have the same number of protons participate in?,{'answer': 'Error: Failed to parse final JSON.'},Manhattan Project,"{'answer_em': 0.0, 'answer_f1': 0.0, 'answer_precision': 0.0, 'answer_recall': 0.0, 'support_f1': 0.0, 'support_precision': 0.0, 'support_recall': 0.0, 'error': 1}"
2hop__403712_793210,"Who is the father of Edward Baring, 1st Baron Revelstoke's father?",{'answer': 'Error: Failed to parse final JSON.'},"Sir Francis Baring, 1st Baronet","{'answer_em': 0.0, 'answer_f1': 0.0, 'answer_precision': 0.0, 'answer_recall': 0.0, 'support_f1': 0.0, 'support_precision': 0.0, 'support_recall': 0.0, 'error': 1}"
3hop1__409517_547811_80702,What is the name of the famous bridge in the birth city of the composer of Scanderbeg?,{'answer': 'Error: Failed to parse final JSON.'},Rialto Bridge,"{'answer_em': 0.0, 'answer_f1': 0.0, 'answer_precision': 0.0, 'answer_recall': 0.0, 'support_f1': 0.0, 'support_precision': 0.0, 'support_recall': 0.0, 'error': 1}"
4hop1__433767_32392_823060_610794,In what county is located the city that shares a border with the capital of the state where Mike Dow was born?,{'answer': 'Error: Failed to parse final JSON.'},Richland County,"{'answer_em': 0.0, 'answer_f1': 0.0, 'answer_precision': 0.0, 'answer_recall': 0.0, 'support_f1': 0.0, 'support_precision': 0.0, 'support_recall': 0.0, 'error': 1}"
4hop2__567956_39078_8987_8974,Normalization occurred in Country A that invaded Country B because the military branch was unprepared. Country B was the only communist country to have an embassy where?,{'answer': 'Error: Failed to parse final JSON.'},Alfredo Stroessner's Paraguay,"{'answer_em': 0.0, 'answer_f1': 0.0, 'answer_precision': 0.0, 'answer_recall': 0.0, 'support_f1': 0.0, 'support_precision': 0.0, 'support_recall': 0.0, 'error': 1}"
2hop__689472_52835,Who wrote the song turn me on that is performed by performer of Feelin' the Same Way?,{'answer': 'Error: Failed to parse final JSON.'},John D. Loudermilk,"{'answer_em': 0.0, 'answer_f1': 0.0, 'answer_precision': 0.0, 'answer_recall': 0.0, 'support_f1': 0.0, 'support_precision': 0.0, 'support_recall': 0.0, 'error': 1}"
2hop__820739_250752,Who is the sibling of the screenwriter of War of the Coprophages?,{'answer': 'Error: Failed to parse final JSON.'},Glen Morgan,"{'answer_em': 0.0, 'answer_f1': 0.0, 'answer_precision': 0.0, 'answer_recall': 0.0, 'support_f1': 0.0, 'support_precision': 0.0, 'support_recall': 0.0, 'error': 1}"
2hop__21104_16254,"By 1931, what percentage of the world's Jews were the group that represents at least 70% of Jews worldwide?",{'answer': 'Error: Failed to parse final JSON.'},92 percent,"{'answer_em': 0.0, 'answer_f1': 0.0, 'answer_precision': 0.0, 'answer_recall': 0.0, 'support_f1': 0.0, 'support_precision': 0.0, 'support_recall': 0.0, 'error': 1}"
4hop1__726391_153080_33952_34053,What was the wettest year in the second largest city of the state where the Oh Yeah performer is from?,{'answer': 'Error: Failed to parse final JSON.'},1905,"{'answer_em': 0.0, 'answer_f1': 0.0, 'answer_precision': 0.0, 'answer_recall': 0.0, 'support_f1': 0.0, 'support_precision': 0.0, 'support_recall': 0.0, 'error': 1}"
2hop__374767_152023,What label is responsible for the performer of One Night in America?,{'answer': 'Error: Failed to parse final JSON.'},Kicking Mule Records,"{'answer_em': 0.0, 'answer_f1': 0.0, 'answer_precision': 0.0, 'answer_recall': 0.0, 'support_f1': 0.0, 'support_precision': 0.0, 'support_recall': 0.0, 'error': 1}"
4hop3__426860_88460_30152_20999,How were the same people who the Somali Muslim Ajuran Empire declared independence from expelled from the natural boundary between Thailand and the country where That Dam is found?,{'answer': 'Error: Failed to parse final JSON.'},The dynasty regrouped and defeated the Portuguese,"{'answer_em': 0.0, 'answer_f1': 0.0, 'answer_precision': 0.0, 'answer_recall': 0.0, 'support_f1': 0.0, 'support_precision': 0.0, 'support_recall': 0.0, 'error': 1}"
3hop1__79462_91850_685675,What team is the person who hit the first home run at the new stadium where the american league Wildcard game will be played a member of?,{'answer': 'Error: Failed to parse final JSON.'},New York Yankees,"{'answer_em': 0.0, 'answer_f1': 0.0, 'answer_precision': 0.0, 'answer_recall': 0.0, 'support_f1': 0.0, 'support_precision': 0.0, 'support_recall': 0.0, 'error': 1}"
2hop__289517_139339,What was the cast member in After Hours nominated for?,{'answer': 'Error: Failed to parse final JSON.'},Academy Award for Best Live Action Short Film,"{'answer_em': 0.0, 'answer_f1': 0.0, 'answer_precision': 0.0, 'answer_recall': 0.0, 'support_f1': 0.0, 'support_precision': 0.0, 'support_recall': 0.0, 'error': 1}"
4hop1__129721_32392_823060_610794,What county is the city that shares a border with the state capital of the state where Zubly Cemetery is located in?,{'answer': 'Error: Failed to parse final JSON.'},Richland County,"{'answer_em': 0.0, 'answer_f1': 0.0, 'answer_precision': 0.0, 'answer_recall': 0.0, 'support_f1': 0.0, 'support_precision': 0.0, 'support_recall': 0.0, 'error': 1}"
2hop__142842_68489,Who did the performer of Night Rocker play on Young and Restless?,{'answer': 'Error: Failed to parse final JSON.'},Snapper Foster,"{'answer_em': 0.0, 'answer_f1': 0.0, 'answer_precision': 0.0, 'answer_recall': 0.0, 'support_f1': 0.0, 'support_precision': 0.0, 'support_recall': 0.0, 'error': 1}"
2hop__80546_75184,Who played the girlfriend of the actor who played Marlene McFly in Back to the Future?,{'answer': 'Error: Failed to parse final JSON.'},Claudia Wells,"{'answer_em': 0.0, 'answer_f1': 0.0, 'answer_precision': 0.0, 'answer_recall': 0.0, 'support_f1': 0.0, 'support_precision': 0.0, 'support_recall': 0.0, 'error': 1}"
2hop__323534_810083,Where was the author of Marcinkus born?,{'answer': 'Error: Failed to parse final JSON.'},Scranton,"{'answer_em': 0.0, 'answer_f1': 0.0, 'answer_precision': 0.0, 'answer_recall': 0.0, 'support_f1': 0.0, 'support_precision': 0.0, 'support_recall': 0.0, 'error': 1}"
2hop__829474_123956,On what date was the battle where Muhammad Shobran was born?,{'answer': 'Error: Failed to parse final JSON.'},15 February 1942,"{'answer_em': 0.0, 'answer_f1': 0.0, 'answer_precision': 0.0, 'answer_recall': 0.0, 'support_f1': 0.0, 'support_precision': 0.0, 'support_recall': 0.0, 'error': 1}"
4hop1__94201_642284_131926_90707,Where does the river by the city where the Southeast Library designer died and the Ohio River meet?,{'answer': 'Error: Failed to parse final JSON.'},"at the city of Cairo, Illinois","{'answer_em': 0.0, 'answer_f1': 0.0, 'answer_precision': 0.0, 'answer_recall': 0.0, 'support_f1': 0.0, 'support_precision': 0.0, 'support_recall': 0.0, 'error': 1}"
4hop1__629520_49925_13759_736921,In what region of Germany is the district where a sermon on Marian devotion was preached by the man who wanted to reform the religion of Victor Razafimahatratra?,{'answer': 'Error: Failed to parse final JSON.'},Saxony-Anhalt,"{'answer_em': 0.0, 'answer_f1': 0.0, 'answer_precision': 0.0, 'answer_recall': 0.0, 'support_f1': 0.0, 'support_precision': 0.0, 'support_recall': 0.0, 'error': 1}"
3hop1__540585_568433_47686,Where do greyhound buses leave from in the location of the headquarters of the production company of Miss Spider's Sunny Patch Kids?,{'answer': 'Error: Failed to parse final JSON.'},Toronto Coach Terminal,"{'answer_em': 0.0, 'answer_f1': 0.0, 'answer_precision': 0.0, 'answer_recall': 0.0, 'support_f1': 0.0, 'support_precision': 0.0, 'support_recall': 0.0, 'error': 1}"
2hop__56307_604644,"What is the record label of the Hey Now, You're A Rockstar singer?","{'answer': 'No information available', 'supporting_facts': []}",429 Records,"{'answer_em': 0.0, 'answer_f1': 0.0, 'answer_precision': 0.0, 'answer_recall': 0.0, 'support_f1': 0.0, 'support_precision': 0.0, 'support_recall': 0.0, 'accuracy': 0.0}"
2hop__507528_139339,What was the director of Lisa Picard is Famous nominated for?,{'answer': 'Error: Failed to parse final JSON.'},Academy Award for Best Live Action Short Film,"{'answer_em': 0.0, 'answer_f1': 0.0, 'answer_precision': 0.0, 'answer_recall': 0.0, 'support_f1': 0.0, 'support_precision': 0.0, 'support_recall': 0.0, 'error': 1}"
2hop__44259_747874,Who is the sibling of the player who won the 2012 U.S. Open Men's Singles final?,{'answer': 'Error: Failed to parse final JSON.'},Jamie Murray,"{'answer_em': 0.0, 'answer_f1': 0.0, 'answer_precision': 0.0, 'answer_recall': 0.0, 'support_f1': 0.0, 'support_precision': 0.0, 'support_recall': 0.0, 'error': 1}"
2hop__428940_135373,After what is the body of water Partridge Lake is part of named?,"{'answer': 'the Bering Sea drainage basin', 'supporting_facts': ['Partridge Lake is a lake in the Yukon and British Columbia, Canada that is part of the Bering Sea drainage basin.']}",Vitus Bering,"{'answer_em': 0.0, 'answer_f1': 0.3333333333333333, 'answer_precision': 0.25, 'answer_recall': 0.5, 'support_f1': 0.0, 'support_precision': 0.0, 'support_recall': 0.0, 'accuracy': 0.3333333333333333}"
3hop1__147225_30587_83479,What was Germany's goal in the Battle of the ocean adjacent to the city Herbert Saffir died in?,{'answer': 'Error: Failed to parse final JSON.'},to stem the flow of merchant shipping that enabled Britain to keep fighting,"{'answer_em': 0.0, 'answer_f1': 0.0, 'answer_precision': 0.0, 'answer_recall': 0.0, 'support_f1': 0.0, 'support_precision': 0.0, 'support_recall': 0.0, 'error': 1}"
2hop__642686_7292,"Along with Kenny G and the performer of Hello Tomorrow, what artist was featured on Smooth Jazz Stations?",{'answer': 'Error: Failed to parse final JSON.'},George Benson,"{'answer_em': 0.0, 'answer_f1': 0.0, 'answer_precision': 0.0, 'answer_recall': 0.0, 'support_f1': 0.0, 'support_precision': 0.0, 'support_recall': 0.0, 'error': 1}"
3hop1__107540_720914_27537,Why did Roncalli leave the place of death of the maker of The Gozzi Altarpiece?,{'answer': 'Error: Failed to parse final JSON.'},for the conclave in Rome,"{'answer_em': 0.0, 'answer_f1': 0.0, 'answer_precision': 0.0, 'answer_recall': 0.0, 'support_f1': 0.0, 'support_precision': 0.0, 'support_recall': 0.0, 'error': 1}"
3hop1__161433_33952_33939,"In 1900, what was the population of the second largest city, in the state that the cross-border transactions committee focuses on?",{'answer': 'Error: Failed to parse final JSON.'},"7,531","{'answer_em': 0.0, 'answer_f1': 0.0, 'answer_precision': 0.0, 'answer_recall': 0.0, 'support_f1': 0.0, 'support_precision': 0.0, 'support_recall': 0.0, 'error': 1}"
2hop__71871_494136,Who is the spouse of the actor playing Bart's father in I can only imagine?,{'answer': 'Error: Failed to parse final JSON.'},Meg Ryan,"{'answer_em': 0.0, 'answer_f1': 0.0, 'answer_precision': 0.0, 'answer_recall': 0.0, 'support_f1': 0.0, 'support_precision': 0.0, 'support_recall': 0.0, 'error': 1}"
4hop1__310029_153080_33897_81096,Who won the Indy car race in the largest populated city in the state where the Jazz Portraits: Mingus in Wonderland performer is from?,{'answer': 'Error: Failed to parse final JSON.'},Mario Andretti,"{'answer_em': 0.0, 'answer_f1': 0.0, 'answer_precision': 0.0, 'answer_recall': 0.0, 'support_f1': 0.0, 'support_precision': 0.0, 'support_recall': 0.0, 'error': 1}"
2hop__620853_22458,What does the name of the organization the Haiti national football team belongs to stand for?,"{'answer': 'FIFA stands for International Federation of Association Football', 'supporting_facts': [""The headquarters of the sport's governing body, the International Federation of Association Football (FIFA), is located in Zürich.""]}",International Federation of Association Football,"{'answer_em': 0.0, 'answer_f1': 0.7692307692307693, 'answer_precision': 0.625, 'answer_recall': 1.0, 'support_f1': 0.0, 'support_precision': 0.0, 'support_recall': 0.0, 'accuracy': 0.7692307692307693}"
2hop__865828_377862,Which city is in the same county as Gmina Jordanow?,{'answer': 'Error: Failed to parse final JSON.'},Sucha Beskidzka,"{'answer_em': 0.0, 'answer_f1': 0.0, 'answer_precision': 0.0, 'answer_recall': 0.0, 'support_f1': 0.0, 'support_precision': 0.0, 'support_recall': 0.0, 'error': 1}"
4hop3__630723_88460_30152_20999,How were people from whom new coins were a proclamation of independence by the Somali Muslim Ajuran Empire expelled from the natural boundary between Thailand and Phommathat's country of citizenship?,{'answer': 'Error: Failed to parse final JSON.'},The dynasty regrouped and defeated the Portuguese,"{'answer_em': 0.0, 'answer_f1': 0.0, 'answer_precision': 0.0, 'answer_recall': 0.0, 'support_f1': 0.0, 'support_precision': 0.0, 'support_recall': 0.0, 'error': 1}"
4hop3__719125_132409_371500_35031,Where does the city where Veoh's headquarters is located rank in the top five largest urban areas of the state where Scars' performers were formed?,{'answer': 'Error: Failed to parse final JSON.'},third-largest,"{'answer_em': 0.0, 'answer_f1': 0.0, 'answer_precision': 0.0, 'answer_recall': 0.0, 'support_f1': 0.0, 'support_precision': 0.0, 'support_recall': 0.0, 'error': 1}"
4hop1__105688_17130_70784_79935,When was the region that lies to the north of where Eyal Golan is located and the Persian Gulf created?,{'answer': 'Error: Failed to parse final JSON.'},1930,"{'answer_em': 0.0, 'answer_f1': 0.0, 'answer_precision': 0.0, 'answer_recall': 0.0, 'support_f1': 0.0, 'support_precision': 0.0, 'support_recall': 0.0, 'error': 1}"
3hop1__376309_160713_77246,"In the Arabic dictionary, what's the meaning of the word for the majority religion in the area of British India that became India when Garlat's country was created?",{'answer': 'Error: Failed to parse final JSON.'},the country of India,"{'answer_em': 0.0, 'answer_f1': 0.0, 'answer_precision': 0.0, 'answer_recall': 0.0, 'support_f1': 0.0, 'support_precision': 0.0, 'support_recall': 0.0, 'error': 1}"
4hop1__525129_315334_131926_87157,"What is the direction of flow of the river by the city where the Lots More Blues, Rags and Hollers performer was formed?",{'answer': 'Error: Failed to parse final JSON.'},rises in northern Minnesota and meanders slowly southwards,"{'answer_em': 0.0, 'answer_f1': 0.0, 'answer_precision': 0.0, 'answer_recall': 0.0, 'support_f1': 0.0, 'support_precision': 0.0, 'support_recall': 0.0, 'error': 1}"
3hop1__140554_2053_52946,"When is Celebrity Big Brother coming to the network which, along with ABC and the network which hosts Westinghouse Playhouse, is the other major broadcaster based in NY?",{'answer': 'Error: Failed to parse final JSON.'},"February 7, 2018","{'answer_em': 0.0, 'answer_f1': 0.0, 'answer_precision': 0.0, 'answer_recall': 0.0, 'support_f1': 0.0, 'support_precision': 0.0, 'support_recall': 0.0, 'error': 1}"
3hop1__347858_503371_21711,When was the Palau de la Generalitat constructed in the city where Martin of the place where Castiliscar is located died?,{'answer': 'Error: Failed to parse final JSON.'},built in the 15th century,"{'answer_em': 0.0, 'answer_f1': 0.0, 'answer_precision': 0.0, 'answer_recall': 0.0, 'support_f1': 0.0, 'support_precision': 0.0, 'support_recall': 0.0, 'error': 1}"
2hop__709357_136043,The Move Ya Body song's band is named after who?,{'answer': 'Error: Failed to parse final JSON.'},Natalie Albino,"{'answer_em': 0.0, 'answer_f1': 0.0, 'answer_precision': 0.0, 'answer_recall': 0.0, 'support_f1': 0.0, 'support_precision': 0.0, 'support_recall': 0.0, 'error': 1}"
3hop1__516535_834494_34109,"What is the PBS station in the city that shares a county with Allen, Arizona?",{'answer': 'Error: Failed to parse final JSON.'},KUAT-TV 6,"{'answer_em': 0.0, 'answer_f1': 0.0, 'answer_precision': 0.0, 'answer_recall': 0.0, 'support_f1': 0.0, 'support_precision': 0.0, 'support_recall': 0.0, 'error': 1}"
3hop1__639955_834494_34109,What is the PBS station of the city in the same county as Helvetia?,{'answer': 'Error: Failed to parse final JSON.'},KUAT-TV 6,"{'answer_em': 0.0, 'answer_f1': 0.0, 'answer_precision': 0.0, 'answer_recall': 0.0, 'support_f1': 0.0, 'support_precision': 0.0, 'support_recall': 0.0, 'error': 1}"
3hop1__786067_228453_86925,What is the symbol of the Saints from the city where the headquarters of the manufacturer of McAfee's Benchmark called?,{'answer': 'Error: Failed to parse final JSON.'},fleur - de-lis,"{'answer_em': 0.0, 'answer_f1': 0.0, 'answer_precision': 0.0, 'answer_recall': 0.0, 'support_f1': 0.0, 'support_precision': 0.0, 'support_recall': 0.0, 'error': 1}"
3hop1__506062_792411_51423,What is the name of the castle in the place of birth of the performer of When I Was a Boy?,{'answer': 'Error: Failed to parse final JSON.'},Casa Loma,"{'answer_em': 0.0, 'answer_f1': 0.0, 'answer_precision': 0.0, 'answer_recall': 0.0, 'support_f1': 0.0, 'support_precision': 0.0, 'support_recall': 0.0, 'error': 1}"
4hop1__60000_59747_211319_557671,What county borders the county with the largest city in the state where Birth of a Nation was filmed?,{'answer': 'Error: Failed to parse final JSON.'},Presque Isle County,"{'answer_em': 0.0, 'answer_f1': 0.0, 'answer_precision': 0.0, 'answer_recall': 0.0, 'support_f1': 0.0, 'support_precision': 0.0, 'support_recall': 0.0, 'error': 1}"
3hop1__17192_78396_54865,"When were the American colonies lost by the country that owned the region that secured southern Lebanon in 1978, before it achieved country status?",{'answer': 'Error: Failed to parse final JSON.'},1776,"{'answer_em': 0.0, 'answer_f1': 0.0, 'answer_precision': 0.0, 'answer_recall': 0.0, 'support_f1': 0.0, 'support_precision': 0.0, 'support_recall': 0.0, 'error': 1}"
3hop2__36852_326964_7713,How long had the city the Qing lost in 1853 been the capitol city of Yaxing Coach's headquarters location?,{'answer': 'Error: Failed to parse final JSON.'},about 400 years,"{'answer_em': 0.0, 'answer_f1': 0.0, 'answer_precision': 0.0, 'answer_recall': 0.0, 'support_f1': 0.0, 'support_precision': 0.0, 'support_recall': 0.0, 'error': 1}"
2hop__179149_396277,What other notable work did the creator of Shrek make?,{'answer': 'Error: Failed to parse final JSON.'},Doctor De Soto,"{'answer_em': 0.0, 'answer_f1': 0.0, 'answer_precision': 0.0, 'answer_recall': 0.0, 'support_f1': 0.0, 'support_precision': 0.0, 'support_recall': 0.0, 'error': 1}"
2hop__145203_34088,Where does Ulysses Kay's birth city hold NASCAR races?,{'answer': 'Error: Failed to parse final JSON.'},Tucson Raceway Park,"{'answer_em': 0.0, 'answer_f1': 0.0, 'answer_precision': 0.0, 'answer_recall': 0.0, 'support_f1': 0.0, 'support_precision': 0.0, 'support_recall': 0.0, 'error': 1}"
3hop1__295815_40769_64047,When did the luxury division of the company that manufactures Toyopet Master change the body style of the RX 350?,{'answer': 'Error: Failed to parse final JSON.'},Sales began worldwide in April 2012,"{'answer_em': 0.0, 'answer_f1': 0.0, 'answer_precision': 0.0, 'answer_recall': 0.0, 'support_f1': 0.0, 'support_precision': 0.0, 'support_recall': 0.0, 'error': 1}"
3hop1__747772_514761_594810,What record label does the spouse of Heart Like Mine's performer belong to?,{'answer': 'Error: Failed to parse final JSON.'},Warner Bros. Records,"{'answer_em': 0.0, 'answer_f1': 0.0, 'answer_precision': 0.0, 'answer_recall': 0.0, 'support_f1': 0.0, 'support_precision': 0.0, 'support_recall': 0.0, 'error': 1}"
4hop3__439878_88460_30152_20999,How were people from whom new coins were a proclamation of independence by the Somali Muslim Ajuran Empire expelled from the natural boundary between Thailand and Ban Kenpha's country?,{'answer': 'Error: Failed to parse final JSON.'},The dynasty regrouped and defeated the Portuguese,"{'answer_em': 0.0, 'answer_f1': 0.0, 'answer_precision': 0.0, 'answer_recall': 0.0, 'support_f1': 0.0, 'support_precision': 0.0, 'support_recall': 0.0, 'error': 1}"
2hop__35136_35117,What's the life span of the scholar who theorized about pulmonary circulation?,{'answer': 'Error: Failed to parse final JSON.'},1213–1288,"{'answer_em': 0.0, 'answer_f1': 0.0, 'answer_precision': 0.0, 'answer_recall': 0.0, 'support_f1': 0.0, 'support_precision': 0.0, 'support_recall': 0.0, 'error': 1}"
3hop1__559908_42197_18397,Yagutil Mishiev is a citizen of a country that someone had argued had become an imperialist power. Where did this someone declare that he would intervene in the Korean conflict?,{'answer': 'Error: Failed to parse final JSON.'},the Politburo,"{'answer_em': 0.0, 'answer_f1': 0.0, 'answer_precision': 0.0, 'answer_recall': 0.0, 'support_f1': 0.0, 'support_precision': 0.0, 'support_recall': 0.0, 'error': 1}"
4hop1__105401_17130_70784_61381,When was the region immediately north of the region of the country in Strangers No More and the Persian Gulf established?,{'answer': 'Error: Failed to parse final JSON.'},1932,"{'answer_em': 0.0, 'answer_f1': 0.0, 'answer_precision': 0.0, 'answer_recall': 0.0, 'support_f1': 0.0, 'support_precision': 0.0, 'support_recall': 0.0, 'error': 1}"
2hop__157376_643670,Of which watercourse is the river the Willemsbrug crosses over the mouth?,"{'answer': 'Nieuwe Maas', 'supporting_facts': ['The Willemsbrug is a bridge next to the Erasmusbrug in the centre of Rotterdam, spanning the Nieuwe Maas.']}",Het Scheur,"{'answer_em': 0.0, 'answer_f1': 0.0, 'answer_precision': 0.0, 'answer_recall': 0.0, 'support_f1': 0.0, 'support_precision': 0.0, 'support_recall': 0.0, 'accuracy': 0.0}"
3hop1__823336_228453_86925,What is the symbol of the Saints from the headquarters location of Ten High's manufacturer called?,{'answer': 'Error: Failed to parse final JSON.'},fleur - de-lis,"{'answer_em': 0.0, 'answer_f1': 0.0, 'answer_precision': 0.0, 'answer_recall': 0.0, 'support_f1': 0.0, 'support_precision': 0.0, 'support_recall': 0.0, 'error': 1}"
2hop__59612_42352,How many people were in British Colonies where does the london broil cut come from ?,{'answer': 'Error: Failed to parse final JSON.'},2 million,"{'answer_em': 0.0, 'answer_f1': 0.0, 'answer_precision': 0.0, 'answer_recall': 0.0, 'support_f1': 0.0, 'support_precision': 0.0, 'support_recall': 0.0, 'error': 1}"
3hop1__768500_730460_70315,Where did Katrina hit the hardest in the Toussaint performer's birthplace?,{'answer': 'Error: Failed to parse final JSON.'},the city of New Orleans,"{'answer_em': 0.0, 'answer_f1': 0.0, 'answer_precision': 0.0, 'answer_recall': 0.0, 'support_f1': 0.0, 'support_precision': 0.0, 'support_recall': 0.0, 'error': 1}"
3hop1__127821_157828_162309,When did the country using Olivera Marković's native language as one of its official languages first have its own Olympic team?,{'answer': 'Error: Failed to parse final JSON.'},2016,"{'answer_em': 0.0, 'answer_f1': 0.0, 'answer_precision': 0.0, 'answer_recall': 0.0, 'support_f1': 0.0, 'support_precision': 0.0, 'support_recall': 0.0, 'error': 1}"
4hop1__15567_59747_211319_557671,Which county shares a border with the county where the most populous city in the state that sentenced Demarcus Sears to death is located?,{'answer': 'Error: Failed to parse final JSON.'},Presque Isle County,"{'answer_em': 0.0, 'answer_f1': 0.0, 'answer_precision': 0.0, 'answer_recall': 0.0, 'support_f1': 0.0, 'support_precision': 0.0, 'support_recall': 0.0, 'error': 1}"
2hop__96096_78606,Who plays the wife of the Real Rob cast member in Grown Ups?,{'answer': 'Error: Failed to parse final JSON.'},Joyce Van Patten,"{'answer_em': 0.0, 'answer_f1': 0.0, 'answer_precision': 0.0, 'answer_recall': 0.0, 'support_f1': 0.0, 'support_precision': 0.0, 'support_recall': 0.0, 'error': 1}"
4hop1__58323_375563_161848_61344,What continent is the country located near the country of citizenship of The Book Thief's author part of?,{'answer': 'Error: Failed to parse final JSON.'},submerged continent of Zealandia,"{'answer_em': 0.0, 'answer_f1': 0.0, 'answer_precision': 0.0, 'answer_recall': 0.0, 'support_f1': 0.0, 'support_precision': 0.0, 'support_recall': 0.0, 'error': 1}"
2hop__776637_87295,Who does the cast member from Julie play in Princess Diaries?,{'answer': 'Error: Failed to parse final JSON.'},Queen dowager Clarisse Renaldi,"{'answer_em': 0.0, 'answer_f1': 0.0, 'answer_precision': 0.0, 'answer_recall': 0.0, 'support_f1': 0.0, 'support_precision': 0.0, 'support_recall': 0.0, 'error': 1}"
4hop1__752321_153080_159767_81096,The largest city in the state the performer of Pithecanthropus Erectus was from is also the state capital. Who won the indy car race in that city?,{'answer': 'Error: Failed to parse final JSON.'},Mario Andretti,"{'answer_em': 0.0, 'answer_f1': 0.0, 'answer_precision': 0.0, 'answer_recall': 0.0, 'support_f1': 0.0, 'support_precision': 0.0, 'support_recall': 0.0, 'error': 1}"
3hop1__161507_160713_77246,What is the meaning of the word that is also a majority religion in the area that became India when the country where Masherbrum is located was created in the Arabic dictionary?,{'answer': 'Error: Failed to parse final JSON.'},the country of India,"{'answer_em': 0.0, 'answer_f1': 0.0, 'answer_precision': 0.0, 'answer_recall': 0.0, 'support_f1': 0.0, 'support_precision': 0.0, 'support_recall': 0.0, 'error': 1}"
2hop__84937_21969,When was Q1 who was impeached in england for acts committed as governor general of india impeached?,{'answer': 'Error: Failed to parse final JSON.'},1786,"{'answer_em': 0.0, 'answer_f1': 0.0, 'answer_precision': 0.0, 'answer_recall': 0.0, 'support_f1': 0.0, 'support_precision': 0.0, 'support_recall': 0.0, 'error': 1}"
4hop1__130623_32392_823060_610794,What county has a city that is adjacent to the capital city of Erskine College's state?,{'answer': 'Error: Failed to parse final JSON.'},Richland County,"{'answer_em': 0.0, 'answer_f1': 0.0, 'answer_precision': 0.0, 'answer_recall': 0.0, 'support_f1': 0.0, 'support_precision': 0.0, 'support_recall': 0.0, 'error': 1}"
3hop2__132957_483843_40768,"When did the maker of the Acura Legend, the manufacturer of Scion bbX and Nissan open US assembly plants?",{'answer': 'Error: Failed to parse final JSON.'},1981,"{'answer_em': 0.0, 'answer_f1': 0.0, 'answer_precision': 0.0, 'answer_recall': 0.0, 'support_f1': 0.0, 'support_precision': 0.0, 'support_recall': 0.0, 'error': 1}"
2hop__198650_84856,When does the new season start for the show starring the author of True Story: A Novel?,{'answer': 'Error: Failed to parse final JSON.'},"January 20, 2017","{'answer_em': 0.0, 'answer_f1': 0.0, 'answer_precision': 0.0, 'answer_recall': 0.0, 'support_f1': 0.0, 'support_precision': 0.0, 'support_recall': 0.0, 'error': 1}"
2hop__631139_75487,Who is the federal leader of the party in which John Lynch-Staunton held a position?,{'answer': 'Error: Failed to parse final JSON.'},Andrew Scheer,"{'answer_em': 0.0, 'answer_f1': 0.0, 'answer_precision': 0.0, 'answer_recall': 0.0, 'support_f1': 0.0, 'support_precision': 0.0, 'support_recall': 0.0, 'error': 1}"
2hop__223823_29898,Which affiliate left the owner of Canadian Broadcasting Centre due to an agreement with CHBC?,{'answer': 'Error: Failed to parse final JSON.'},CFJC-TV in Kamloops,"{'answer_em': 0.0, 'answer_f1': 0.0, 'answer_precision': 0.0, 'answer_recall': 0.0, 'support_f1': 0.0, 'support_precision': 0.0, 'support_recall': 0.0, 'error': 1}"
3hop2__607269_223623_162182,In what region of the country containing Hạ Hòa is John Phan's birthplace found?,{'answer': 'Error: Failed to parse final JSON.'},South Central Coast,"{'answer_em': 0.0, 'answer_f1': 0.0, 'answer_precision': 0.0, 'answer_recall': 0.0, 'support_f1': 0.0, 'support_precision': 0.0, 'support_recall': 0.0, 'error': 1}"
2hop__189094_612080,What league does the team that occupies the Rabat Ajax Football Ground belong to?,{'answer': 'Error: Failed to parse final JSON.'},Maltese Premier League,"{'answer_em': 0.0, 'answer_f1': 0.0, 'answer_precision': 0.0, 'answer_recall': 0.0, 'support_f1': 0.0, 'support_precision': 0.0, 'support_recall': 0.0, 'error': 1}"
3hop1__84887_538202_84283,Who is the owner of the record label that the singer of I just got started lovin you belongs to?,{'answer': 'Error: Failed to parse final JSON.'},Warner Music Group,"{'answer_em': 0.0, 'answer_f1': 0.0, 'answer_precision': 0.0, 'answer_recall': 0.0, 'support_f1': 0.0, 'support_precision': 0.0, 'support_recall': 0.0, 'error': 1}"
3hop1__305282_282081_10972,When did the city where Ill's performer was born elect its first black mayor?,"{'answer': '1973', 'supporting_facts': ['In 1973, the city elected its first black mayor, Coleman Young.']}",1970s,"{'answer_em': 0.0, 'answer_f1': 0.0, 'answer_precision': 0.0, 'answer_recall': 0.0, 'support_f1': 0.0, 'support_precision': 0.0, 'support_recall': 0.0, 'accuracy': 0.0}"
2hop__199513_801817,What is the birthplace of the person after whom São José dos Campos was named?,{'answer': 'Error: Failed to parse final JSON.'},Nazareth,"{'answer_em': 0.0, 'answer_f1': 0.0, 'answer_precision': 0.0, 'answer_recall': 0.0, 'support_f1': 0.0, 'support_precision': 0.0, 'support_recall': 0.0, 'error': 1}"
2hop__80637_19033,Where did the wrestler who created the Money in the Bank Ladder Match win in 2008?,{'answer': 'Error: Failed to parse final JSON.'},Great American Bash,"{'answer_em': 0.0, 'answer_f1': 0.0, 'answer_precision': 0.0, 'answer_recall': 0.0, 'support_f1': 0.0, 'support_precision': 0.0, 'support_recall': 0.0, 'error': 1}"
3hop1__133292_40769_64047,When did the RX 350 from The Hino Dutro creator's luxury division change body style?,{'answer': 'Error: Failed to parse final JSON.'},Sales began worldwide in April 2012,"{'answer_em': 0.0, 'answer_f1': 0.0, 'answer_precision': 0.0, 'answer_recall': 0.0, 'support_f1': 0.0, 'support_precision': 0.0, 'support_recall': 0.0, 'error': 1}"
3hop1__857_846_7810,What was where the Yongle emperor greeted who the edict addressed GDP per person in 2013?,{'answer': 'Error: Failed to parse final JSON.'},"RMB 98,174(US$16041)","{'answer_em': 0.0, 'answer_f1': 0.0, 'answer_precision': 0.0, 'answer_recall': 0.0, 'support_f1': 0.0, 'support_precision': 0.0, 'support_recall': 0.0, 'error': 1}"
4hop2__161602_426860_88460_126088,Who was in charge in the country that is the natural boundary between the country that hosted the tournament and the country where That Dam is located?,{'answer': 'Error: Failed to parse final JSON.'},Thein Sein,"{'answer_em': 0.0, 'answer_f1': 0.0, 'answer_precision': 0.0, 'answer_recall': 0.0, 'support_f1': 0.0, 'support_precision': 0.0, 'support_recall': 0.0, 'error': 1}"
2hop__669160_139339,What was the director of Addicted to Love nominated for?,{'answer': 'Error: Failed to parse final JSON.'},Academy Award for Best Live Action Short Film,"{'answer_em': 0.0, 'answer_f1': 0.0, 'answer_precision': 0.0, 'answer_recall': 0.0, 'support_f1': 0.0, 'support_precision': 0.0, 'support_recall': 0.0, 'error': 1}"
2hop__734582_74481,Who was played by the director of The Good Shepherd in The Godfather Part II?,{'answer': 'Error: Failed to parse final JSON.'},Vito Corleone,"{'answer_em': 0.0, 'answer_f1': 0.0, 'answer_precision': 0.0, 'answer_recall': 0.0, 'support_f1': 0.0, 'support_precision': 0.0, 'support_recall': 0.0, 'error': 1}"
2hop__156085_436709,Who is the creator of Mickey Mouse's spouse?,{'answer': 'Error: Failed to parse final JSON.'},Walt Disney,"{'answer_em': 0.0, 'answer_f1': 0.0, 'answer_precision': 0.0, 'answer_recall': 0.0, 'support_f1': 0.0, 'support_precision': 0.0, 'support_recall': 0.0, 'error': 1}"
2hop__137061_45752,Why does the place where Step Up Revolution takes place have a duck for a mascot?,{'answer': 'Error: Failed to parse final JSON.'},when the school's yearbook chose its name to be ``The Ibis,"{'answer_em': 0.0, 'answer_f1': 0.0, 'answer_precision': 0.0, 'answer_recall': 0.0, 'support_f1': 0.0, 'support_precision': 0.0, 'support_recall': 0.0, 'error': 1}"
2hop__67660_67223,Who married the narrator of How I Met Your Mother?,{'answer': 'Error: Failed to parse final JSON.'},Tracy Mosby,"{'answer_em': 0.0, 'answer_f1': 0.0, 'answer_precision': 0.0, 'answer_recall': 0.0, 'support_f1': 0.0, 'support_precision': 0.0, 'support_recall': 0.0, 'error': 1}"
2hop__252521_80650,Who played the character in the Santa Clause 3 that has a series named after it that includes Frost at Christmas?,{'answer': 'Error: Failed to parse final JSON.'},Martin Short,"{'answer_em': 0.0, 'answer_f1': 0.0, 'answer_precision': 0.0, 'answer_recall': 0.0, 'support_f1': 0.0, 'support_precision': 0.0, 'support_recall': 0.0, 'error': 1}"
2hop__58691_192417,The league playing in the Thursday night football game is a type of what?,{'answer': 'Error: Failed to parse final JSON.'},sports league,"{'answer_em': 0.0, 'answer_f1': 0.0, 'answer_precision': 0.0, 'answer_recall': 0.0, 'support_f1': 0.0, 'support_precision': 0.0, 'support_recall': 0.0, 'error': 1}"
3hop2__304722_203717_63959,When was the last time the sports team Alan O'Neil was a member of beat the winner of the 1894-95 FA cup?,{'answer': 'Error: Failed to parse final JSON.'},1 December 2010,"{'answer_em': 0.0, 'answer_f1': 0.0, 'answer_precision': 0.0, 'answer_recall': 0.0, 'support_f1': 0.0, 'support_precision': 0.0, 'support_recall': 0.0, 'error': 1}"
2hop__450600_158262,When did the author of The Rise and Fall of the Confederate Government end his fight in the Mexican-American War?,{'answer': 'Error: Failed to parse final JSON.'},1848,"{'answer_em': 0.0, 'answer_f1': 0.0, 'answer_precision': 0.0, 'answer_recall': 0.0, 'support_f1': 0.0, 'support_precision': 0.0, 'support_recall': 0.0, 'error': 1}"
2hop__194532_57594,What gun does the director of Pollock use in Westworld?,{'answer': 'Error: Failed to parse final JSON.'},LeMat revolver,"{'answer_em': 0.0, 'answer_f1': 0.0, 'answer_precision': 0.0, 'answer_recall': 0.0, 'support_f1': 0.0, 'support_precision': 0.0, 'support_recall': 0.0, 'error': 1}"
4hop1__9002_698949_157828_239539,The language of a film titled and about the city where Tito was interred is the co-official language of a county. In what city is the national Radio and Television broadcaster for that country?,{'answer': 'Error: Failed to parse final JSON.'},Pristina,"{'answer_em': 0.0, 'answer_f1': 0.0, 'answer_precision': 0.0, 'answer_recall': 0.0, 'support_f1': 0.0, 'support_precision': 0.0, 'support_recall': 0.0, 'error': 1}"
3hop1__374018_160713_77246,What is the meaning of the word that is also the majority religion in India when the country where Dubbi is located was created in the Arabic dictionary?,{'answer': 'Error: Failed to parse final JSON.'},the country of India,"{'answer_em': 0.0, 'answer_f1': 0.0, 'answer_precision': 0.0, 'answer_recall': 0.0, 'support_f1': 0.0, 'support_precision': 0.0, 'support_recall': 0.0, 'error': 1}"
2hop__268084_78303,"What was the name of the star of Forced Vengeance in Walter, Texas Ranger?",{'answer': 'Error: Failed to parse final JSON.'},Cordell Walker,"{'answer_em': 0.0, 'answer_f1': 0.0, 'answer_precision': 0.0, 'answer_recall': 0.0, 'support_f1': 0.0, 'support_precision': 0.0, 'support_recall': 0.0, 'error': 1}"
4hop3__661103_698586_1926_54362,Who burned down the city where Dunn Dunn's artist died in the war after which black people declined living in NYC?,{'answer': 'Error: Failed to parse final JSON.'},Confederate Gen. John Bell Hood,"{'answer_em': 0.0, 'answer_f1': 0.0, 'answer_precision': 0.0, 'answer_recall': 0.0, 'support_f1': 0.0, 'support_precision': 0.0, 'support_recall': 0.0, 'error': 1}"
4hop3__373573_132409_146285_35031,Where does the city where Alexander Golitzen died rank in the top five largest urban areas of the state where Still Swingin's performers were formed?,{'answer': 'Error: Failed to parse final JSON.'},third-largest,"{'answer_em': 0.0, 'answer_f1': 0.0, 'answer_precision': 0.0, 'answer_recall': 0.0, 'support_f1': 0.0, 'support_precision': 0.0, 'support_recall': 0.0, 'error': 1}"
3hop1__104996_160713_77246,What is the meaning of the word that is also a majority religion in the area that became India when the country that release Ankahi was created in Arabic dictionary?,{'answer': 'Error: Failed to parse final JSON.'},the country of India,"{'answer_em': 0.0, 'answer_f1': 0.0, 'answer_precision': 0.0, 'answer_recall': 0.0, 'support_f1': 0.0, 'support_precision': 0.0, 'support_recall': 0.0, 'error': 1}"
2hop__10017_18974,Who led the military expedition in the province that borders Zhejiang to the south?,{'answer': 'Error: Failed to parse final JSON.'},Chen Zheng,"{'answer_em': 0.0, 'answer_f1': 0.0, 'answer_precision': 0.0, 'answer_recall': 0.0, 'support_f1': 0.0, 'support_precision': 0.0, 'support_recall': 0.0, 'error': 1}"
3hop1__120881_2053_52946,"When is Celebrity Big Brother coming to the network which, along with ABC and the network which released Stand Against Fear, is the other major broadcaster based in NY?",{'answer': 'Error: Failed to parse final JSON.'},"February 7, 2018","{'answer_em': 0.0, 'answer_f1': 0.0, 'answer_precision': 0.0, 'answer_recall': 0.0, 'support_f1': 0.0, 'support_precision': 0.0, 'support_recall': 0.0, 'error': 1}"
2hop__735014_83837,"Who sings Home Alone Tonight with the singer of ""I Don't Want This Night to End""?",{'answer': 'Error: Failed to parse final JSON.'},Karen Fairchild,"{'answer_em': 0.0, 'answer_f1': 0.0, 'answer_precision': 0.0, 'answer_recall': 0.0, 'support_f1': 0.0, 'support_precision': 0.0, 'support_recall': 0.0, 'error': 1}"
2hop__596188_297986,What administrative territorial entity contains the place where Mycenae House is located?,{'answer': 'Error: Failed to parse final JSON.'},Royal Borough of Greenwich,"{'answer_em': 0.0, 'answer_f1': 0.0, 'answer_precision': 0.0, 'answer_recall': 0.0, 'support_f1': 0.0, 'support_precision': 0.0, 'support_recall': 0.0, 'error': 1}"
4hop3__700962_88460_30152_20999,How were the same people who the Somali Muslim Ajuran Empire declared independence from expelled from the natural boundary between Thailand and the country where Ban Pakpo is found?,{'answer': 'Error: Failed to parse final JSON.'},The dynasty regrouped and defeated the Portuguese,"{'answer_em': 0.0, 'answer_f1': 0.0, 'answer_precision': 0.0, 'answer_recall': 0.0, 'support_f1': 0.0, 'support_precision': 0.0, 'support_recall': 0.0, 'error': 1}"
3hop1__145427_106426_157788,What is one railway line in the country the produced The Longest Night in the city where You Wenhui was born?,{'answer': 'Error: Failed to parse final JSON.'},Yamanote Line loop,"{'answer_em': 0.0, 'answer_f1': 0.0, 'answer_precision': 0.0, 'answer_recall': 0.0, 'support_f1': 0.0, 'support_precision': 0.0, 'support_recall': 0.0, 'error': 1}"
2hop__857493_17335,When did the spouse of Parysatis II die?,{'answer': 'Error: Failed to parse final JSON.'},323 BC,"{'answer_em': 0.0, 'answer_f1': 0.0, 'answer_precision': 0.0, 'answer_recall': 0.0, 'support_f1': 0.0, 'support_precision': 0.0, 'support_recall': 0.0, 'error': 1}"
2hop__123104_77615,When did the military instruction start in the university that Paulo Manalo attended?,{'answer': 'Error: Failed to parse final JSON.'},1912,"{'answer_em': 0.0, 'answer_f1': 0.0, 'answer_precision': 0.0, 'answer_recall': 0.0, 'support_f1': 0.0, 'support_precision': 0.0, 'support_recall': 0.0, 'error': 1}"
4hop2__9988_685934_70784_61381,"When was the country established that lies north of the region that prevailed with the disgrace of the ""Near East"" and the body of water containing The World islands?",{'answer': 'Error: Failed to parse final JSON.'},1932,"{'answer_em': 0.0, 'answer_f1': 0.0, 'answer_precision': 0.0, 'answer_recall': 0.0, 'support_f1': 0.0, 'support_precision': 0.0, 'support_recall': 0.0, 'error': 1}"
2hop__788087_150107,Who published the Communication of the association that Deborah Estrin is a member of?,{'answer': 'Error: Failed to parse final JSON.'},Association for Computing Machinery,"{'answer_em': 0.0, 'answer_f1': 0.0, 'answer_precision': 0.0, 'answer_recall': 0.0, 'support_f1': 0.0, 'support_precision': 0.0, 'support_recall': 0.0, 'error': 1}"
4hop1__73810_32392_823060_610794,In what county is located the city that shares a border with the capital of the state that won the 2017 NCAA Basketball Tournament?,{'answer': 'Error: Failed to parse final JSON.'},Richland County,"{'answer_em': 0.0, 'answer_f1': 0.0, 'answer_precision': 0.0, 'answer_recall': 0.0, 'support_f1': 0.0, 'support_precision': 0.0, 'support_recall': 0.0, 'error': 1}"
4hop1__749065_698949_157828_239539,"Where are the headquarters of the Radio Television, of the country whose co-official language was used in the film named after the city where Slavko Šurdonja?",{'answer': 'Error: Failed to parse final JSON.'},Pristina,"{'answer_em': 0.0, 'answer_f1': 0.0, 'answer_precision': 0.0, 'answer_recall': 0.0, 'support_f1': 0.0, 'support_precision': 0.0, 'support_recall': 0.0, 'error': 1}"
3hop1__222380_443779_52195,Who is the president of the newly declared independent country that is part of the Commission of Truth and Friendship with the country where Buru is located?,{'answer': 'Error: Failed to parse final JSON.'},Francisco Guterres,"{'answer_em': 0.0, 'answer_f1': 0.0, 'answer_precision': 0.0, 'answer_recall': 0.0, 'support_f1': 0.0, 'support_precision': 0.0, 'support_recall': 0.0, 'error': 1}"
2hop__530579_13529,When was the father of Diego Sinagra signed by Barcelona?,{'answer': 'Error: Failed to parse final JSON.'},June 1982,"{'answer_em': 0.0, 'answer_f1': 0.0, 'answer_precision': 0.0, 'answer_recall': 0.0, 'support_f1': 0.0, 'support_precision': 0.0, 'support_recall': 0.0, 'error': 1}"
4hop2__161602_426860_88460_20988,What major conflict is the country between the country that hosted the tournament and the country where That Dam is from known for?,{'answer': 'Error: Failed to parse final JSON.'},one of the world's longest-running ongoing civil wars.,"{'answer_em': 0.0, 'answer_f1': 0.0, 'answer_precision': 0.0, 'answer_recall': 0.0, 'support_f1': 0.0, 'support_precision': 0.0, 'support_recall': 0.0, 'error': 1}"
3hop1__622497_160088_49779,Who is the host of Who Wants to be a Millionaire in the country that the producer of The Wild Women of Chastity Gulch is from?,{'answer': 'Error: Failed to parse final JSON.'},Chris Harrison,"{'answer_em': 0.0, 'answer_f1': 0.0, 'answer_precision': 0.0, 'answer_recall': 0.0, 'support_f1': 0.0, 'support_precision': 0.0, 'support_recall': 0.0, 'error': 1}"
2hop__14_59409,Who was Beyonce's husband talking about in the the song Cry?,"{'answer': 'Three different past relationships', 'supporting_facts': ['In an interview with Bill Maher, Jay - Z stated that this song was actually inspired by three different relationships he had in the past, and he wrote about his different experiences all together in different verses.']}",three different relationships he had in the past,"{'answer_em': 0.0, 'answer_f1': 0.7272727272727273, 'answer_precision': 1.0, 'answer_recall': 0.5714285714285714, 'support_f1': 0.0, 'support_precision': 0.0, 'support_recall': 0.0, 'accuracy': 0.7272727272727273}"
4hop1__51465_53706_795904_580996,What shares a border with the city where the person who went to the state where most billionaires in America live during the gold rush works?,{'answer': 'Error: Failed to parse final JSON.'},Rio Linda,"{'answer_em': 0.0, 'answer_f1': 0.0, 'answer_precision': 0.0, 'answer_recall': 0.0, 'support_f1': 0.0, 'support_precision': 0.0, 'support_recall': 0.0, 'error': 1}"
2hop__5658_25002,How long did the pact last between Kravchuk and the person who signed the decree suspending the Communist Party of the Russian SFSR?,{'answer': 'Error: Failed to parse final JSON.'},10-year,"{'answer_em': 0.0, 'answer_f1': 0.0, 'answer_precision': 0.0, 'answer_recall': 0.0, 'support_f1': 0.0, 'support_precision': 0.0, 'support_recall': 0.0, 'error': 1}"
2hop__66167_88526,Who was picked before the player who has the most points in an NBA season in the NBA draft?,{'answer': 'Error: Failed to parse final JSON.'},Greg Oden,"{'answer_em': 0.0, 'answer_f1': 0.0, 'answer_precision': 0.0, 'answer_recall': 0.0, 'support_f1': 0.0, 'support_precision': 0.0, 'support_recall': 0.0, 'error': 1}"
2hop__485221_544917,What body of water includes the terrain feature where Coffee Swamp is located?,{'answer': 'Error: Failed to parse final JSON.'},Lake Superior,"{'answer_em': 0.0, 'answer_f1': 0.0, 'answer_precision': 0.0, 'answer_recall': 0.0, 'support_f1': 0.0, 'support_precision': 0.0, 'support_recall': 0.0, 'error': 1}"
3hop1__622497_160088_73916,What is the average yearly income for someone with the same nationality as the producer of The Wild Women of Chastity Gulch?,{'answer': 'Error: Failed to parse final JSON.'},"$72,641","{'answer_em': 0.0, 'answer_f1': 0.0, 'answer_precision': 0.0, 'answer_recall': 0.0, 'support_f1': 0.0, 'support_precision': 0.0, 'support_recall': 0.0, 'error': 1}"
2hop__35566_17873,What happened to Buckingham after the departure of the queen who Martha Ann Ricks presented the famed Liberian coffee tree to?,{'answer': 'Error: Failed to parse final JSON.'},"palace was seldom used, even neglected","{'answer_em': 0.0, 'answer_f1': 0.0, 'answer_precision': 0.0, 'answer_recall': 0.0, 'support_f1': 0.0, 'support_precision': 0.0, 'support_recall': 0.0, 'error': 1}"
3hop2__326964_263934_7713,How long had the place of birth of Tang Jinhua been the capital city of the Yaxing Coach headquarters location?,{'answer': 'Error: Failed to parse final JSON.'},about 400 years,"{'answer_em': 0.0, 'answer_f1': 0.0, 'answer_precision': 0.0, 'answer_recall': 0.0, 'support_f1': 0.0, 'support_precision': 0.0, 'support_recall': 0.0, 'error': 1}"
3hop1__145427_106426_77199,When did the USA declare war on the country that produced The Longest Night in the city where You Wenhui was born?,{'answer': 'Error: Failed to parse final JSON.'},"December 8, 1941","{'answer_em': 0.0, 'answer_f1': 0.0, 'answer_precision': 0.0, 'answer_recall': 0.0, 'support_f1': 0.0, 'support_precision': 0.0, 'support_recall': 0.0, 'error': 1}"
4hop2__71753_729371_70784_61381,When was the region immediately north of the region home to Israel and the location of Operation Earnest Will established?,{'answer': 'Error: Failed to parse final JSON.'},1932,"{'answer_em': 0.0, 'answer_f1': 0.0, 'answer_precision': 0.0, 'answer_recall': 0.0, 'support_f1': 0.0, 'support_precision': 0.0, 'support_recall': 0.0, 'error': 1}"
2hop__13539_13493,"In 2009, what series of wins did the team who won the first match in the 1943 Copa del Generalissimo achieve?",{'answer': 'Error: Failed to parse final JSON.'},continental treble,"{'answer_em': 0.0, 'answer_f1': 0.0, 'answer_precision': 0.0, 'answer_recall': 0.0, 'support_f1': 0.0, 'support_precision': 0.0, 'support_recall': 0.0, 'error': 1}"
3hop1__796649_720914_27537,Why did Roncalli leave the city where the creator of Flora died?,{'answer': 'Error: Failed to parse final JSON.'},for the conclave in Rome,"{'answer_em': 0.0, 'answer_f1': 0.0, 'answer_precision': 0.0, 'answer_recall': 0.0, 'support_f1': 0.0, 'support_precision': 0.0, 'support_recall': 0.0, 'error': 1}"
2hop__9285_42311,What's the largest med school in what was the nobilities commonwealth?,{'answer': 'Error: Failed to parse final JSON.'},Medical University of Warsaw,"{'answer_em': 0.0, 'answer_f1': 0.0, 'answer_precision': 0.0, 'answer_recall': 0.0, 'support_f1': 0.0, 'support_precision': 0.0, 'support_recall': 0.0, 'error': 1}"
4hop1__9007_698949_157828_239539,The original language of the film titled and about the city of Tito's final resting place is the co-official language of a country. Where are the headquarters for that country's national radio and TV broadcaster?,{'answer': 'Error: Failed to parse final JSON.'},Pristina,"{'answer_em': 0.0, 'answer_f1': 0.0, 'answer_precision': 0.0, 'answer_recall': 0.0, 'support_f1': 0.0, 'support_precision': 0.0, 'support_recall': 0.0, 'error': 1}"
2hop__497191_129669,In which district was Alhandra born?,{'answer': 'Error: Failed to parse final JSON.'},Lisbon District,"{'answer_em': 0.0, 'answer_f1': 0.0, 'answer_precision': 0.0, 'answer_recall': 0.0, 'support_f1': 0.0, 'support_precision': 0.0, 'support_recall': 0.0, 'error': 1}"
3hop1__131110_39743_24526,"In the state that includes Walnut Spring, what's the typical winter daytime temperature range in the region of Richmond?",{'answer': 'Error: Failed to parse final JSON.'},upper 40s–lower 50s °F,"{'answer_em': 0.0, 'answer_f1': 0.0, 'answer_precision': 0.0, 'answer_recall': 0.0, 'support_f1': 0.0, 'support_precision': 0.0, 'support_recall': 0.0, 'error': 1}"
3hop1__9285_5188_23307,"What month did the Tripartite discussions begin between Britain, France, and the country where, despite being headquartered in the nation called the nobilities commonwealth, the top-ranking Warsaw Pact operatives originated?",{'answer': 'Error: Failed to parse final JSON.'},mid-June,"{'answer_em': 0.0, 'answer_f1': 0.0, 'answer_precision': 0.0, 'answer_recall': 0.0, 'support_f1': 0.0, 'support_precision': 0.0, 'support_recall': 0.0, 'error': 1}"
2hop__16844_42173,When was the ruler that was dissolved after the Indian Rebellion of 1857 established?,{'answer': 'Error: Failed to parse final JSON.'},1599,"{'answer_em': 0.0, 'answer_f1': 0.0, 'answer_precision': 0.0, 'answer_recall': 0.0, 'support_f1': 0.0, 'support_precision': 0.0, 'support_recall': 0.0, 'error': 1}"
3hop1__671542_665330_47686,Where do greyhound buses leave from in the city where the performer of Darlings formed?,{'answer': 'Error: Failed to parse final JSON.'},Toronto Coach Terminal,"{'answer_em': 0.0, 'answer_f1': 0.0, 'answer_precision': 0.0, 'answer_recall': 0.0, 'support_f1': 0.0, 'support_precision': 0.0, 'support_recall': 0.0, 'error': 1}"
3hop1__672543_503371_21711,"When was the Palau de la Generalitat built in the place of death of Martin, of the region containing Piedratajada?",{'answer': 'Error: Failed to parse final JSON.'},built in the 15th century,"{'answer_em': 0.0, 'answer_f1': 0.0, 'answer_precision': 0.0, 'answer_recall': 0.0, 'support_f1': 0.0, 'support_precision': 0.0, 'support_recall': 0.0, 'error': 1}"
4hop2__161602_426860_88460_21062,Are there any cruise travel destinations for the country lying between the country hosting the tournament and the country having That Dam?,{'answer': 'Error: Failed to parse final JSON.'},It is not possible for foreigners to go to/from Myanmar by sea or river.,"{'answer_em': 0.0, 'answer_f1': 0.0, 'answer_precision': 0.0, 'answer_recall': 0.0, 'support_f1': 0.0, 'support_precision': 0.0, 'support_recall': 0.0, 'error': 1}"
3hop1__404541_629431_124169,When did the Governorship end of the city where the author of Paenitentiam Agere died?,{'answer': 'Error: Failed to parse final JSON.'},1952,"{'answer_em': 0.0, 'answer_f1': 0.0, 'answer_precision': 0.0, 'answer_recall': 0.0, 'support_f1': 0.0, 'support_precision': 0.0, 'support_recall': 0.0, 'error': 1}"
2hop__648648_173389,The city which contains Broadhurst Park shares a border with what town?,{'answer': 'Error: Failed to parse final JSON.'},Middleton,"{'answer_em': 0.0, 'answer_f1': 0.0, 'answer_precision': 0.0, 'answer_recall': 0.0, 'support_f1': 0.0, 'support_precision': 0.0, 'support_recall': 0.0, 'error': 1}"
2hop__32441_522949,Who is the spouse of the other president Jenkins Orphanage played for that wasn't Taft?,{'answer': 'Error: Failed to parse final JSON.'},Edith Roosevelt,"{'answer_em': 0.0, 'answer_f1': 0.0, 'answer_precision': 0.0, 'answer_recall': 0.0, 'support_f1': 0.0, 'support_precision': 0.0, 'support_recall': 0.0, 'error': 1}"
3hop1__662413_42197_18397,Where did the arguer that Kirill Eskov's country of citizenship had become an imperialist power declare he would intervene in the Korean conflict?,{'answer': 'Error: Failed to parse final JSON.'},the Politburo,"{'answer_em': 0.0, 'answer_f1': 0.0, 'answer_precision': 0.0, 'answer_recall': 0.0, 'support_f1': 0.0, 'support_precision': 0.0, 'support_recall': 0.0, 'error': 1}"
3hop1__140855_2053_52946,"When is Celebrity Big Brother coming to the network that, along with the original network of Then Came Bronson and ABC, is based in New York?",{'answer': 'Error: Failed to parse final JSON.'},"February 7, 2018","{'answer_em': 0.0, 'answer_f1': 0.0, 'answer_precision': 0.0, 'answer_recall': 0.0, 'support_f1': 0.0, 'support_precision': 0.0, 'support_recall': 0.0, 'error': 1}"
2hop__93230_319887,What institute did the actor playing the voice of John Smith in Pocahontas attend?,{'answer': 'Error: Failed to parse final JSON.'},National Institute of Dramatic Art,"{'answer_em': 0.0, 'answer_f1': 0.0, 'answer_precision': 0.0, 'answer_recall': 0.0, 'support_f1': 0.0, 'support_precision': 0.0, 'support_recall': 0.0, 'error': 1}"
4hop3__323121_88460_30152_20999,How were people from whom new coins were a proclamation of independence by the Somali Muslim Ajuran Empire expelled from the natural boundary between Thailand and A Magne's country?,{'answer': 'Error: Failed to parse final JSON.'},The dynasty regrouped and defeated the Portuguese,"{'answer_em': 0.0, 'answer_f1': 0.0, 'answer_precision': 0.0, 'answer_recall': 0.0, 'support_f1': 0.0, 'support_precision': 0.0, 'support_recall': 0.0, 'error': 1}"
2hop__517145_367341,Who is the child of the cast member of Green Ice?,"{'answer': 'None', 'supporting_facts': ['Green Ice is the soundtrack to the 1981 United Kingdom science fiction film ""Green Ice"" starring Ryan O\'Neal.', 'The soundtrack was recorded by Bill Wyman and contains 18 original songs.']}",Tatum O'Neal,"{'answer_em': 0.0, 'answer_f1': 0.0, 'answer_precision': 0.0, 'answer_recall': 0.0, 'support_f1': 0.0, 'support_precision': 0.0, 'support_recall': 0.0, 'accuracy': 0.0}"
2hop__29893_29898,Which affiliate left the company that owns and operates most of the CBC television stations due to an agreement with CHBC?,{'answer': 'Error: Failed to parse final JSON.'},CFJC-TV in Kamloops,"{'answer_em': 0.0, 'answer_f1': 0.0, 'answer_precision': 0.0, 'answer_recall': 0.0, 'support_f1': 0.0, 'support_precision': 0.0, 'support_recall': 0.0, 'error': 1}"
3hop1__109422_720914_27537,Why did Roncalli leave the place of death of The Punishment of Tythus' creator?,{'answer': 'Error: Failed to parse final JSON.'},for the conclave in Rome,"{'answer_em': 0.0, 'answer_f1': 0.0, 'answer_precision': 0.0, 'answer_recall': 0.0, 'support_f1': 0.0, 'support_precision': 0.0, 'support_recall': 0.0, 'error': 1}"
4hop1__145422_698949_157828_162309,"When did the country, that has the original language of the film named after Vladimir Karalić's birthplace as a co-official language, first attend the Olympics as an independent team?",{'answer': 'Error: Failed to parse final JSON.'},2016,"{'answer_em': 0.0, 'answer_f1': 0.0, 'answer_precision': 0.0, 'answer_recall': 0.0, 'support_f1': 0.0, 'support_precision': 0.0, 'support_recall': 0.0, 'error': 1}"
2hop__754021_20057,Who started the organization that founded Defective by Design?,{'answer': 'Error: Failed to parse final JSON.'},Richard Stallman,"{'answer_em': 0.0, 'answer_f1': 0.0, 'answer_precision': 0.0, 'answer_recall': 0.0, 'support_f1': 0.0, 'support_precision': 0.0, 'support_recall': 0.0, 'error': 1}"
2hop__29191_59955,What country is between Lithuania and Frederic Chopin's home country?,{'answer': 'Error: Failed to parse final JSON.'},Kaliningrad Oblast,"{'answer_em': 0.0, 'answer_f1': 0.0, 'answer_precision': 0.0, 'answer_recall': 0.0, 'support_f1': 0.0, 'support_precision': 0.0, 'support_recall': 0.0, 'error': 1}"
2hop__35989_623159,In what oblast is the oldest city in the northeast located?,{'answer': 'Error: Failed to parse final JSON.'},Yaroslavl Oblast,"{'answer_em': 0.0, 'answer_f1': 0.0, 'answer_precision': 0.0, 'answer_recall': 0.0, 'support_f1': 0.0, 'support_precision': 0.0, 'support_recall': 0.0, 'error': 1}"
2hop__62823_654855,"What political party was the candidate who garnered a million votes during the 1920 election despite being in prison, a member of?",{'answer': 'Error: Failed to parse final JSON.'},Socialist Party of America,"{'answer_em': 0.0, 'answer_f1': 0.0, 'answer_precision': 0.0, 'answer_recall': 0.0, 'support_f1': 0.0, 'support_precision': 0.0, 'support_recall': 0.0, 'error': 1}"
2hop__839126_472799,Which competition did the performer of Cadore 33 participated?,{'answer': 'Error: Failed to parse final JSON.'},Eurovision Song Contest 1991,"{'answer_em': 0.0, 'answer_f1': 0.0, 'answer_precision': 0.0, 'answer_recall': 0.0, 'support_f1': 0.0, 'support_precision': 0.0, 'support_recall': 0.0, 'error': 1}"
3hop1__857_846_7701,When did the city where the Yongle emperor greeted the person to whom the edict was addressed become the Chinese national capital?,{'answer': 'Error: Failed to parse final JSON.'},Jin dynasty,"{'answer_em': 0.0, 'answer_f1': 0.0, 'answer_precision': 0.0, 'answer_recall': 0.0, 'support_f1': 0.0, 'support_precision': 0.0, 'support_recall': 0.0, 'error': 1}"
3hop1__497845_629431_64412,When did the place where the author of Princeps Pastorum died become its own country?,{'answer': 'Error: Failed to parse final JSON.'},11 February 1929,"{'answer_em': 0.0, 'answer_f1': 0.0, 'answer_precision': 0.0, 'answer_recall': 0.0, 'support_f1': 0.0, 'support_precision': 0.0, 'support_recall': 0.0, 'error': 1}"
2hop__556426_9237,When did the first mosque open where Air Marshall Islands is headquartered?,{'answer': 'Error: Failed to parse final JSON.'},September 2012,"{'answer_em': 0.0, 'answer_f1': 0.0, 'answer_precision': 0.0, 'answer_recall': 0.0, 'support_f1': 0.0, 'support_precision': 0.0, 'support_recall': 0.0, 'error': 1}"
4hop1__31333_59747_211319_557671,Which county shares a border with the county where the most populous city in the other state that sent Tennessee the most tourists in 2013 is located?,{'answer': 'Error: Failed to parse final JSON.'},Presque Isle County,"{'answer_em': 0.0, 'answer_f1': 0.0, 'answer_precision': 0.0, 'answer_recall': 0.0, 'support_f1': 0.0, 'support_precision': 0.0, 'support_recall': 0.0, 'error': 1}"
2hop__593866_80026,"In Willy Wonka and the Chocolate Factory, who played the character that the group who performs MMXIV was named after?",{'answer': 'Error: Failed to parse final JSON.'},Julie Dawn Cole,"{'answer_em': 0.0, 'answer_f1': 0.0, 'answer_precision': 0.0, 'answer_recall': 0.0, 'support_f1': 0.0, 'support_precision': 0.0, 'support_recall': 0.0, 'error': 1}"
3hop1__857_846_7795,"In 2011, what was the estimated population of the city where the Yongle emperor greeted the person to whom the edict was addressed?",{'answer': 'Error: Failed to parse final JSON.'},8.11 million,"{'answer_em': 0.0, 'answer_f1': 0.0, 'answer_precision': 0.0, 'answer_recall': 0.0, 'support_f1': 0.0, 'support_precision': 0.0, 'support_recall': 0.0, 'error': 1}"
3hop1__469478_15840_36002,What were the Genesis's advantages over the platform that plays Sunman?,{'answer': 'Error: Failed to parse final JSON.'},built on 16-bit architectures and offered improved graphics and sound,"{'answer_em': 0.0, 'answer_f1': 0.0, 'answer_precision': 0.0, 'answer_recall': 0.0, 'support_f1': 0.0, 'support_precision': 0.0, 'support_recall': 0.0, 'error': 1}"
2hop__747306_72813,"In The Wire, who is played by the Go for Broke cast member?",{'answer': 'Error: Failed to parse final JSON.'},a Western District uniformed officer,"{'answer_em': 0.0, 'answer_f1': 0.0, 'answer_precision': 0.0, 'answer_recall': 0.0, 'support_f1': 0.0, 'support_precision': 0.0, 'support_recall': 0.0, 'error': 1}"
4hop1__58323_375563_161848_53331,When was the death penalty abolished in the country near the country where the writer of The Book Thief is a citizen of?,{'answer': 'Error: Failed to parse final JSON.'},1989,"{'answer_em': 0.0, 'answer_f1': 0.0, 'answer_precision': 0.0, 'answer_recall': 0.0, 'support_f1': 0.0, 'support_precision': 0.0, 'support_recall': 0.0, 'error': 1}"
2hop__283298_22402,How many students attend the university employing Marie Theres Fögen?,{'answer': 'Error: Failed to parse final JSON.'},"nearly 25,000","{'answer_em': 0.0, 'answer_f1': 0.0, 'answer_precision': 0.0, 'answer_recall': 0.0, 'support_f1': 0.0, 'support_precision': 0.0, 'support_recall': 0.0, 'error': 1}"
2hop__998_25855,What does dell call the feature letting the interface replacing FireWire in later iterations of the iPod drives to remain powered when the computer is off?,{'answer': 'Error: Failed to parse final JSON.'},PowerShare,"{'answer_em': 0.0, 'answer_f1': 0.0, 'answer_precision': 0.0, 'answer_recall': 0.0, 'support_f1': 0.0, 'support_precision': 0.0, 'support_recall': 0.0, 'error': 1}"
3hop1__408237_400692_51423,What is the name of the castle in the birthplace of Harmony's performer?,{'answer': 'Error: Failed to parse final JSON.'},Casa Loma,"{'answer_em': 0.0, 'answer_f1': 0.0, 'answer_precision': 0.0, 'answer_recall': 0.0, 'support_f1': 0.0, 'support_precision': 0.0, 'support_recall': 0.0, 'error': 1}"
2hop__72487_510545,Who is the spouse of the actor that plays vision in avengers age of ultron?,{'answer': 'Error: Failed to parse final JSON.'},Jennifer Connelly,"{'answer_em': 0.0, 'answer_f1': 0.0, 'answer_precision': 0.0, 'answer_recall': 0.0, 'support_f1': 0.0, 'support_precision': 0.0, 'support_recall': 0.0, 'error': 1}"
3hop1__351696_42197_18397,Where did the person who argued that the country where Ural Oblast is located had become an imperialist power declare he would intervene in the Korean conflict?,{'answer': 'Error: Failed to parse final JSON.'},the Politburo,"{'answer_em': 0.0, 'answer_f1': 0.0, 'answer_precision': 0.0, 'answer_recall': 0.0, 'support_f1': 0.0, 'support_precision': 0.0, 'support_recall': 0.0, 'error': 1}"
3hop1__579562_629431_124169,What year did the Governor of the city where Pacem in Terris' author died end?,{'answer': 'Error: Failed to parse final JSON.'},1952,"{'answer_em': 0.0, 'answer_f1': 0.0, 'answer_precision': 0.0, 'answer_recall': 0.0, 'support_f1': 0.0, 'support_precision': 0.0, 'support_recall': 0.0, 'error': 1}"
4hop1__161765_53706_795904_580996,What city shares a border with the city where the person who went to the state where Englebart died during the gold rush works?,{'answer': 'Error: Failed to parse final JSON.'},Rio Linda,"{'answer_em': 0.0, 'answer_f1': 0.0, 'answer_precision': 0.0, 'answer_recall': 0.0, 'support_f1': 0.0, 'support_precision': 0.0, 'support_recall': 0.0, 'error': 1}"
2hop__71294_494136,Who is the spouse of the actor who plays the father on I Can Only Imagine?,{'answer': 'Error: Failed to parse final JSON.'},Meg Ryan,"{'answer_em': 0.0, 'answer_f1': 0.0, 'answer_precision': 0.0, 'answer_recall': 0.0, 'support_f1': 0.0, 'support_precision': 0.0, 'support_recall': 0.0, 'error': 1}"
2hop__657913_88628,Who did the producer of Big Jim McLain play in True Grit?,{'answer': 'Error: Failed to parse final JSON.'},U.S. Marshal Rooster Cogburn,"{'answer_em': 0.0, 'answer_f1': 0.0, 'answer_precision': 0.0, 'answer_recall': 0.0, 'support_f1': 0.0, 'support_precision': 0.0, 'support_recall': 0.0, 'error': 1}"
2hop__699172_141338,What company is the school where Lawrence Landweber was educated a part of?,{'answer': 'Error: Failed to parse final JSON.'},City University of New York,"{'answer_em': 0.0, 'answer_f1': 0.0, 'answer_precision': 0.0, 'answer_recall': 0.0, 'support_f1': 0.0, 'support_precision': 0.0, 'support_recall': 0.0, 'error': 1}"
2hop__613779_55984,"Who wrote the song ""The Story"" that is sung by the performer of ""That Wasn't Me""?",{'answer': 'Error: Failed to parse final JSON.'},Phil Hanseroth,"{'answer_em': 0.0, 'answer_f1': 0.0, 'answer_precision': 0.0, 'answer_recall': 0.0, 'support_f1': 0.0, 'support_precision': 0.0, 'support_recall': 0.0, 'error': 1}"
2hop__747667_52835,Who wrote Turn Me On by the Thinking About You performer?,{'answer': 'Error: Failed to parse final JSON.'},John D. Loudermilk,"{'answer_em': 0.0, 'answer_f1': 0.0, 'answer_precision': 0.0, 'answer_recall': 0.0, 'support_f1': 0.0, 'support_precision': 0.0, 'support_recall': 0.0, 'error': 1}"
3hop1__604797_443779_52195,who is the president of newly declared independent country which is the country of the country of Alabio –Timor Leste Commission of Truth and Friendship?,{'answer': 'Error: Failed to parse final JSON.'},Francisco Guterres,"{'answer_em': 0.0, 'answer_f1': 0.0, 'answer_precision': 0.0, 'answer_recall': 0.0, 'support_f1': 0.0, 'support_precision': 0.0, 'support_recall': 0.0, 'error': 1}"
3hop2__802066_223623_162182,"In what region of the country where Châu Đức is found, is the birthplace of John Phan?",{'answer': 'Error: Failed to parse final JSON.'},South Central Coast,"{'answer_em': 0.0, 'answer_f1': 0.0, 'answer_precision': 0.0, 'answer_recall': 0.0, 'support_f1': 0.0, 'support_precision': 0.0, 'support_recall': 0.0, 'error': 1}"
4hop1__236903_153080_159767_81096,Who won the Indy Car Race in the largest city and state of the state where the performer of East Coasting is from?,{'answer': 'Error: Failed to parse final JSON.'},Mario Andretti,"{'answer_em': 0.0, 'answer_f1': 0.0, 'answer_precision': 0.0, 'answer_recall': 0.0, 'support_f1': 0.0, 'support_precision': 0.0, 'support_recall': 0.0, 'error': 1}"
2hop__2683_577502,Who married the governor who passed a law in honor of Donda West?,{'answer': 'Error: Failed to parse final JSON.'},Maria Shriver,"{'answer_em': 0.0, 'answer_f1': 0.0, 'answer_precision': 0.0, 'answer_recall': 0.0, 'support_f1': 0.0, 'support_precision': 0.0, 'support_recall': 0.0, 'error': 1}"
3hop2__304722_781203_63959,When was the last time the team who Bernard Lowe was a member of beat the winner of the 1894-95 FA Cup?,{'answer': 'Error: Failed to parse final JSON.'},1 December 2010,"{'answer_em': 0.0, 'answer_f1': 0.0, 'answer_precision': 0.0, 'answer_recall': 0.0, 'support_f1': 0.0, 'support_precision': 0.0, 'support_recall': 0.0, 'error': 1}"
3hop2__49541_121067_51068,The queen of england in 1890 is portrayed on the network that broadcast The Pacific Century by whom?,{'answer': 'Error: Failed to parse final JSON.'},Jenna - Louise Coleman,"{'answer_em': 0.0, 'answer_f1': 0.0, 'answer_precision': 0.0, 'answer_recall': 0.0, 'support_f1': 0.0, 'support_precision': 0.0, 'support_recall': 0.0, 'error': 1}"
2hop__55552_158105,What two features of Windows 98 were highlighted by the man who announced Windows in 1983?,{'answer': 'Error: Failed to parse final JSON.'},ease of use and enhanced support for Plug and Play,"{'answer_em': 0.0, 'answer_f1': 0.0, 'answer_precision': 0.0, 'answer_recall': 0.0, 'support_f1': 0.0, 'support_precision': 0.0, 'support_recall': 0.0, 'error': 1}"
2hop__124933_653666,Who is the mother of the father of Julia Murdock Smith?,{'answer': 'Error: Failed to parse final JSON.'},Lucy Mack Smith,"{'answer_em': 0.0, 'answer_f1': 0.0, 'answer_precision': 0.0, 'answer_recall': 0.0, 'support_f1': 0.0, 'support_precision': 0.0, 'support_recall': 0.0, 'error': 1}"
2hop__848156_130869,What state contains the place where Fatata te Miti is displayed?,{'answer': 'Error: Failed to parse final JSON.'},"Washington, D.C.","{'answer_em': 0.0, 'answer_f1': 0.0, 'answer_precision': 0.0, 'answer_recall': 0.0, 'support_f1': 0.0, 'support_precision': 0.0, 'support_recall': 0.0, 'error': 1}"
3hop1__79039_131926_13165,What treaty ceded territory to the US extending west to the river next to the city that's the home of the Juicy Lucy?,{'answer': 'Error: Failed to parse final JSON.'},Treaty of Paris,"{'answer_em': 0.0, 'answer_f1': 0.0, 'answer_precision': 0.0, 'answer_recall': 0.0, 'support_f1': 0.0, 'support_precision': 0.0, 'support_recall': 0.0, 'error': 1}"
2hop__527400_159673,"This cast member in ""Search for the Gods"" also plays a character in which film?",{'answer': 'Error: Failed to parse final JSON.'},The Hateful Eight,"{'answer_em': 0.0, 'answer_f1': 0.0, 'answer_precision': 0.0, 'answer_recall': 0.0, 'support_f1': 0.0, 'support_precision': 0.0, 'support_recall': 0.0, 'error': 1}"
4hop3__279362_88460_30152_20999,How were people from whom new coins were a proclamation of independence by the Somali Muslim Ajuran Empire expelled from the natural boundary between Thailand and Vat Yotkeo's country?,{'answer': 'Error: Failed to parse final JSON.'},The dynasty regrouped and defeated the Portuguese,"{'answer_em': 0.0, 'answer_f1': 0.0, 'answer_precision': 0.0, 'answer_recall': 0.0, 'support_f1': 0.0, 'support_precision': 0.0, 'support_recall': 0.0, 'error': 1}"
3hop1__57186_237521_291682,Who's married to the man who produced a documentary about the singer of She's Out of My Life?,{'answer': 'Error: Failed to parse final JSON.'},Liza Minnelli,"{'answer_em': 0.0, 'answer_f1': 0.0, 'answer_precision': 0.0, 'answer_recall': 0.0, 'support_f1': 0.0, 'support_precision': 0.0, 'support_recall': 0.0, 'error': 1}"
3hop2__132957_593597_40768,"When did the maker of Acura Legend, the manufacturer of Scion Fuse and Nissan open US assembly plants?",{'answer': 'Error: Failed to parse final JSON.'},1981,"{'answer_em': 0.0, 'answer_f1': 0.0, 'answer_precision': 0.0, 'answer_recall': 0.0, 'support_f1': 0.0, 'support_precision': 0.0, 'support_recall': 0.0, 'error': 1}"
3hop1__198276_709625_84283,Who is the owner of the record label of the performer of What Kind of Love?,{'answer': 'Error: Failed to parse final JSON.'},Warner Music Group,"{'answer_em': 0.0, 'answer_f1': 0.0, 'answer_precision': 0.0, 'answer_recall': 0.0, 'support_f1': 0.0, 'support_precision': 0.0, 'support_recall': 0.0, 'error': 1}"
2hop__35445_22458,What is the full name of the organization that publishes he Laws of the Game?,"{'answer': 'International Football Association Board', 'supporting_facts': ['The Laws of the Game are published by FIFA, but are maintained by the International Football Association Board (IFAB).']}",International Federation of Association Football,"{'answer_em': 0.0, 'answer_f1': 0.6666666666666665, 'answer_precision': 0.75, 'answer_recall': 0.6, 'support_f1': 0.0, 'support_precision': 0.0, 'support_recall': 0.0, 'accuracy': 0.6666666666666665}"
3hop2__668732_467331_162182,"In what region of the country containing An Phú, is the city with the Zone 5 Military Museum located?",{'answer': 'Error: Failed to parse final JSON.'},South Central Coast,"{'answer_em': 0.0, 'answer_f1': 0.0, 'answer_precision': 0.0, 'answer_recall': 0.0, 'support_f1': 0.0, 'support_precision': 0.0, 'support_recall': 0.0, 'error': 1}"
2hop__89403_122023,Which university educated the scientist who developed an explanation for the photoelectric effect?,{'answer': 'Error: Failed to parse final JSON.'},Luitpold Gymnasium,"{'answer_em': 0.0, 'answer_f1': 0.0, 'answer_precision': 0.0, 'answer_recall': 0.0, 'support_f1': 0.0, 'support_precision': 0.0, 'support_recall': 0.0, 'error': 1}"
2hop__133241_33564,In what era was the company known as the manufacturer of Agni-V founded?,{'answer': 'Error: Failed to parse final JSON.'},From the 1950s to the 1970s,"{'answer_em': 0.0, 'answer_f1': 0.0, 'answer_precision': 0.0, 'answer_recall': 0.0, 'support_f1': 0.0, 'support_precision': 0.0, 'support_recall': 0.0, 'error': 1}"
2hop__822965_165304,Who is the child of the actor who is a cast member of Love in Pawn?,{'answer': 'Error: Failed to parse final JSON.'},Kim Braden,"{'answer_em': 0.0, 'answer_f1': 0.0, 'answer_precision': 0.0, 'answer_recall': 0.0, 'support_f1': 0.0, 'support_precision': 0.0, 'support_recall': 0.0, 'error': 1}"
4hop3__129318_29339_508306_70744,University of the state having Fort Hill or university of the state whose primary was won by Edwards besides the state having James B. Simmons House has more national championships?,{'answer': 'Error: Failed to parse final JSON.'},University of South Carolina,"{'answer_em': 0.0, 'answer_f1': 0.0, 'answer_precision': 0.0, 'answer_recall': 0.0, 'support_f1': 0.0, 'support_precision': 0.0, 'support_recall': 0.0, 'error': 1}"
2hop__38030_23241,"According to Pew, in 2010, what percent of Nigeria's population practiced the religion dominant in the countries surrounding Armenia?",{'answer': 'Error: Failed to parse final JSON.'},48.8 percent,"{'answer_em': 0.0, 'answer_f1': 0.0, 'answer_precision': 0.0, 'answer_recall': 0.0, 'support_f1': 0.0, 'support_precision': 0.0, 'support_recall': 0.0, 'error': 1}"
2hop__150866_11402,"According to the agency that published U.S. and World Population Clock, what is the total area in square miles?",{'answer': 'Error: Failed to parse final JSON.'},17.037 square miles,"{'answer_em': 0.0, 'answer_f1': 0.0, 'answer_precision': 0.0, 'answer_recall': 0.0, 'support_f1': 0.0, 'support_precision': 0.0, 'support_recall': 0.0, 'error': 1}"
2hop__132969_417697,What model of car was Mohammed Atta's vehicle that is from the company that makes Datsun Sports?,{'answer': 'Error: Failed to parse final JSON.'},Nissan Altima,"{'answer_em': 0.0, 'answer_f1': 0.0, 'answer_precision': 0.0, 'answer_recall': 0.0, 'support_f1': 0.0, 'support_precision': 0.0, 'support_recall': 0.0, 'error': 1}"
2hop__96414_159054,What was the story of the character from The Bourne Ultimatum based on?,{'answer': 'Error: Failed to parse final JSON.'},the novel of the same name by Robert Ludlum,"{'answer_em': 0.0, 'answer_f1': 0.0, 'answer_precision': 0.0, 'answer_recall': 0.0, 'support_f1': 0.0, 'support_precision': 0.0, 'support_recall': 0.0, 'error': 1}"
2hop__304852_758385,What administrative territorial entity contains the place where KPRM is licensed to broadcast to?,{'answer': 'Error: Failed to parse final JSON.'},Hubbard County,"{'answer_em': 0.0, 'answer_f1': 0.0, 'answer_precision': 0.0, 'answer_recall': 0.0, 'support_f1': 0.0, 'support_precision': 0.0, 'support_recall': 0.0, 'error': 1}"
2hop__88906_55840,"In the King's Speech, who played the person who was the King of England in 1950?",{'answer': 'Error: Failed to parse final JSON.'},Colin Firth,"{'answer_em': 0.0, 'answer_f1': 0.0, 'answer_precision': 0.0, 'answer_recall': 0.0, 'support_f1': 0.0, 'support_precision': 0.0, 'support_recall': 0.0, 'error': 1}"
2hop__147260_623159,What territorial entity does the town where John the Hairy lived belong to?,{'answer': 'Error: Failed to parse final JSON.'},Yaroslavl Oblast,"{'answer_em': 0.0, 'answer_f1': 0.0, 'answer_precision': 0.0, 'answer_recall': 0.0, 'support_f1': 0.0, 'support_precision': 0.0, 'support_recall': 0.0, 'error': 1}"
4hop2__161602_474028_88460_21074,Who runs the school system in the country on the natural boundary between the country that hosted the tournament and the country where A Don is from?,{'answer': 'Error: Failed to parse final JSON.'},the Ministry of Education,"{'answer_em': 0.0, 'answer_f1': 0.0, 'answer_precision': 0.0, 'answer_recall': 0.0, 'support_f1': 0.0, 'support_precision': 0.0, 'support_recall': 0.0, 'error': 1}"
2hop__697729_576069,Adolf Overweg died in what geological area?,{'answer': 'Error: Failed to parse final JSON.'},Chad Basin,"{'answer_em': 0.0, 'answer_f1': 0.0, 'answer_precision': 0.0, 'answer_recall': 0.0, 'support_f1': 0.0, 'support_precision': 0.0, 'support_recall': 0.0, 'error': 1}"
4hop2__160585_14670_8987_8974,Hana Mandlikova was born in Country A that invaded Country B because the military branch the Air Defense Artillery is part of was unprepared. Country B was the only communist country to have an embassy where?,{'answer': 'Error: Failed to parse final JSON.'},Alfredo Stroessner's Paraguay,"{'answer_em': 0.0, 'answer_f1': 0.0, 'answer_precision': 0.0, 'answer_recall': 0.0, 'support_f1': 0.0, 'support_precision': 0.0, 'support_recall': 0.0, 'error': 1}"
2hop__95970_152907,What city is the star of Sous les pieds des femmes from?,{'answer': 'Error: Failed to parse final JSON.'},La Goulette,"{'answer_em': 0.0, 'answer_f1': 0.0, 'answer_precision': 0.0, 'answer_recall': 0.0, 'support_f1': 0.0, 'support_precision': 0.0, 'support_recall': 0.0, 'error': 1}"
2hop__82051_7298,"Along with the subject of The One That Got Away, what notable pop artist started out his career on adult contemporary radio?",{'answer': 'Error: Failed to parse final JSON.'},Michael Bublé,"{'answer_em': 0.0, 'answer_f1': 0.0, 'answer_precision': 0.0, 'answer_recall': 0.0, 'support_f1': 0.0, 'support_precision': 0.0, 'support_recall': 0.0, 'error': 1}"
2hop__96812_130869,The Small Cowper Madonna painting is displayed in what state?,{'answer': 'Error: Failed to parse final JSON.'},"Washington, D.C.","{'answer_em': 0.0, 'answer_f1': 0.0, 'answer_precision': 0.0, 'answer_recall': 0.0, 'support_f1': 0.0, 'support_precision': 0.0, 'support_recall': 0.0, 'error': 1}"
2hop__95687_577502,Who is the spouse of the leading actor in the film The 6th Day?,{'answer': 'Error: Failed to parse final JSON.'},Maria Shriver,"{'answer_em': 0.0, 'answer_f1': 0.0, 'answer_precision': 0.0, 'answer_recall': 0.0, 'support_f1': 0.0, 'support_precision': 0.0, 'support_recall': 0.0, 'error': 1}"
2hop__87589_362941,Where was the founder of the National Women's Party born?,{'answer': 'Error: Failed to parse final JSON.'},Mount Laurel Township,"{'answer_em': 0.0, 'answer_f1': 0.0, 'answer_precision': 0.0, 'answer_recall': 0.0, 'support_f1': 0.0, 'support_precision': 0.0, 'support_recall': 0.0, 'error': 1}"
2hop__160292_23241,"According to Pew, in 2010, what percent of Nigeria's population practiced the religion of most of the workers?",{'answer': 'Error: Failed to parse final JSON.'},48.8 percent,"{'answer_em': 0.0, 'answer_f1': 0.0, 'answer_precision': 0.0, 'answer_recall': 0.0, 'support_f1': 0.0, 'support_precision': 0.0, 'support_recall': 0.0, 'error': 1}"
4hop1__813171_153080_159767_81096,Who won the Indy car race in the largest city and capitol of the state where the Changes Two performer is from?,{'answer': 'Error: Failed to parse final JSON.'},Mario Andretti,"{'answer_em': 0.0, 'answer_f1': 0.0, 'answer_precision': 0.0, 'answer_recall': 0.0, 'support_f1': 0.0, 'support_precision': 0.0, 'support_recall': 0.0, 'error': 1}"
4hop1__88342_49853_128008_46894,Who has the lowest batting average in the league that the team that has won the most titles from the competition they give out MVP awards plays for?,{'answer': 'Error: Failed to parse final JSON.'},Bill Bergen,"{'answer_em': 0.0, 'answer_f1': 0.0, 'answer_precision': 0.0, 'answer_recall': 0.0, 'support_f1': 0.0, 'support_precision': 0.0, 'support_recall': 0.0, 'error': 1}"
3hop1__76377_40769_64047,When did the luxury division of the top selling car brand change the body style of the rx 350?,{'answer': 'Error: Failed to parse final JSON.'},Sales began worldwide in April 2012,"{'answer_em': 0.0, 'answer_f1': 0.0, 'answer_precision': 0.0, 'answer_recall': 0.0, 'support_f1': 0.0, 'support_precision': 0.0, 'support_recall': 0.0, 'error': 1}"
2hop__552607_126089,Who was in charge of the province which contains Zeevang?,{'answer': 'Error: Failed to parse final JSON.'},Johan Remkes,"{'answer_em': 0.0, 'answer_f1': 0.0, 'answer_precision': 0.0, 'answer_recall': 0.0, 'support_f1': 0.0, 'support_precision': 0.0, 'support_recall': 0.0, 'error': 1}"
4hop3__668721_132409_146285_35031,"In the top five largest urban areas in the state where the performer of The Paramour Sessions was from, where does the place of death for Alexander Golitzen rank?",{'answer': 'Error: Failed to parse final JSON.'},third-largest,"{'answer_em': 0.0, 'answer_f1': 0.0, 'answer_precision': 0.0, 'answer_recall': 0.0, 'support_f1': 0.0, 'support_precision': 0.0, 'support_recall': 0.0, 'error': 1}"
3hop2__89854_38738_76291,When did the party that holds the majority in the House of Representatives take control of the branch that gives regulators discretion to prohibit proprietary trades?,{'answer': 'Error: Failed to parse final JSON.'},January 2015,"{'answer_em': 0.0, 'answer_f1': 0.0, 'answer_precision': 0.0, 'answer_recall': 0.0, 'support_f1': 0.0, 'support_precision': 0.0, 'support_recall': 0.0, 'error': 1}"
2hop__62951_64006,"As a result of the Black Death, how much was the population reduced in the place that the US helped with the Marshall Plan?",{'answer': 'Error: Failed to parse final JSON.'},30% to 65%,"{'answer_em': 0.0, 'answer_f1': 0.0, 'answer_precision': 0.0, 'answer_recall': 0.0, 'support_f1': 0.0, 'support_precision': 0.0, 'support_recall': 0.0, 'error': 1}"
2hop__611178_131968,Which is the body of water by the village which borders Long Ditton?,{'answer': 'Error: Failed to parse final JSON.'},River Thames,"{'answer_em': 0.0, 'answer_f1': 0.0, 'answer_precision': 0.0, 'answer_recall': 0.0, 'support_f1': 0.0, 'support_precision': 0.0, 'support_recall': 0.0, 'error': 1}"
2hop__3131_3300,Which season was the runner up of the third season of American Idol on?,{'answer': 'Error: Failed to parse final JSON.'},season three,"{'answer_em': 0.0, 'answer_f1': 0.0, 'answer_precision': 0.0, 'answer_recall': 0.0, 'support_f1': 0.0, 'support_precision': 0.0, 'support_recall': 0.0, 'error': 1}"
3hop1__662618_339990_54675,What mountain can you see from Portland in the state where Fishing Creek Confederacy is located?,{'answer': 'Error: Failed to parse final JSON.'},Tualatin Mountains,"{'answer_em': 0.0, 'answer_f1': 0.0, 'answer_precision': 0.0, 'answer_recall': 0.0, 'support_f1': 0.0, 'support_precision': 0.0, 'support_recall': 0.0, 'error': 1}"
4hop1__56270_53706_795904_580996,What shares a border with the city where the person who went to the state where the 951 area code is used during the gold rush works?,{'answer': 'Error: Failed to parse final JSON.'},Rio Linda,"{'answer_em': 0.0, 'answer_f1': 0.0, 'answer_precision': 0.0, 'answer_recall': 0.0, 'support_f1': 0.0, 'support_precision': 0.0, 'support_recall': 0.0, 'error': 1}"
2hop__126306_396277,What is another notable work by the illustrator of Sylvester and the Magic Pebble?,{'answer': 'Error: Failed to parse final JSON.'},Doctor De Soto,"{'answer_em': 0.0, 'answer_f1': 0.0, 'answer_precision': 0.0, 'answer_recall': 0.0, 'support_f1': 0.0, 'support_precision': 0.0, 'support_recall': 0.0, 'error': 1}"
4hop1__56635_49925_13759_736921,"The German priest, who wanted to reform the religious denomination now the largest in the US, preached a sermon on Marian devotion soon before his death in which German state?",{'answer': 'Error: Failed to parse final JSON.'},Saxony-Anhalt,"{'answer_em': 0.0, 'answer_f1': 0.0, 'answer_precision': 0.0, 'answer_recall': 0.0, 'support_f1': 0.0, 'support_precision': 0.0, 'support_recall': 0.0, 'error': 1}"
2hop__506035_325512,In which county was Larkin I. Smith born?,{'answer': 'Error: Failed to parse final JSON.'},Pearl River County,"{'answer_em': 0.0, 'answer_f1': 0.0, 'answer_precision': 0.0, 'answer_recall': 0.0, 'support_f1': 0.0, 'support_precision': 0.0, 'support_recall': 0.0, 'error': 1}"
2hop__663184_57816,What is the U.S. News ranking of the law school at Bruce Nissen's employer?,{'answer': 'Error: Failed to parse final JSON.'},100,"{'answer_em': 0.0, 'answer_f1': 0.0, 'answer_precision': 0.0, 'answer_recall': 0.0, 'support_f1': 0.0, 'support_precision': 0.0, 'support_recall': 0.0, 'error': 1}"
2hop__41158_22946,Who said one of the greatest thinkers was the person who proposed explanations for the origins of earthquakes and the formation of mountains?,{'answer': 'Error: Failed to parse final JSON.'},George Sarton,"{'answer_em': 0.0, 'answer_f1': 0.0, 'answer_precision': 0.0, 'answer_recall': 0.0, 'support_f1': 0.0, 'support_precision': 0.0, 'support_recall': 0.0, 'error': 1}"
3hop1__584774_131926_87157,What is the direction of flow of the body of water by the city where Uni-Systems is headquartered?,{'answer': 'Error: Failed to parse final JSON.'},rises in northern Minnesota and meanders slowly southwards,"{'answer_em': 0.0, 'answer_f1': 0.0, 'answer_precision': 0.0, 'answer_recall': 0.0, 'support_f1': 0.0, 'support_precision': 0.0, 'support_recall': 0.0, 'error': 1}"
2hop__6827_88924,Who is the chairman of the company that bought FleetBoston Financial?,{'answer': 'Error: Failed to parse final JSON.'},Brian Thomas Moynihan,"{'answer_em': 0.0, 'answer_f1': 0.0, 'answer_precision': 0.0, 'answer_recall': 0.0, 'support_f1': 0.0, 'support_precision': 0.0, 'support_recall': 0.0, 'error': 1}"
3hop1__169494_42197_18397,Where did the arguer that Dmitry Okhotsimsky's country of citizenship had become an imperialist power declare he would intervene in the Korean conflict?,{'answer': 'Error: Failed to parse final JSON.'},the Politburo,"{'answer_em': 0.0, 'answer_f1': 0.0, 'answer_precision': 0.0, 'answer_recall': 0.0, 'support_f1': 0.0, 'support_precision': 0.0, 'support_recall': 0.0, 'error': 1}"
2hop__80375_90181,what is the deepest part of the ocean off the east coast of the united states?,{'answer': 'Error: Failed to parse final JSON.'},Milwaukee Deep,"{'answer_em': 0.0, 'answer_f1': 0.0, 'answer_precision': 0.0, 'answer_recall': 0.0, 'support_f1': 0.0, 'support_precision': 0.0, 'support_recall': 0.0, 'error': 1}"
3hop2__104979_23308_28343,When did the troops of the country blamed for the stagnation and failure of the Tripartite discussion leave the country known for Afghan bread?,{'answer': 'Error: Failed to parse final JSON.'},February 1989,"{'answer_em': 0.0, 'answer_f1': 0.0, 'answer_precision': 0.0, 'answer_recall': 0.0, 'support_f1': 0.0, 'support_precision': 0.0, 'support_recall': 0.0, 'error': 1}"
3hop1__587540_514761_594810,What record label does the spouse of Mama's Broken Heart's performer belong to?,{'answer': 'Error: Failed to parse final JSON.'},Warner Bros. Records,"{'answer_em': 0.0, 'answer_f1': 0.0, 'answer_precision': 0.0, 'answer_recall': 0.0, 'support_f1': 0.0, 'support_precision': 0.0, 'support_recall': 0.0, 'error': 1}"
2hop__96411_159054,What was the story of the character from The Bourne Deception based on?,{'answer': 'Error: Failed to parse final JSON.'},the novel of the same name by Robert Ludlum,"{'answer_em': 0.0, 'answer_f1': 0.0, 'answer_precision': 0.0, 'answer_recall': 0.0, 'support_f1': 0.0, 'support_precision': 0.0, 'support_recall': 0.0, 'error': 1}"
4hop1__836115_49925_13759_736921,Where is the district that the person who wanted to reform and address Vincentas Sladkevičius' religion preached a sermon on Marian devotion before his death located?,{'answer': 'Error: Failed to parse final JSON.'},Saxony-Anhalt,"{'answer_em': 0.0, 'answer_f1': 0.0, 'answer_precision': 0.0, 'answer_recall': 0.0, 'support_f1': 0.0, 'support_precision': 0.0, 'support_recall': 0.0, 'error': 1}"
3hop1__108062_720914_27537,Why did Roncalli leave the city where La Bella's creator died?,{'answer': 'Error: Failed to parse final JSON.'},for the conclave in Rome,"{'answer_em': 0.0, 'answer_f1': 0.0, 'answer_precision': 0.0, 'answer_recall': 0.0, 'support_f1': 0.0, 'support_precision': 0.0, 'support_recall': 0.0, 'error': 1}"
3hop1__136129_87694_64412,When did the place where the head of the catholic region named after the same saint as the Dakovo Cathedral become its own country?,{'answer': 'Error: Failed to parse final JSON.'},11 February 1929,"{'answer_em': 0.0, 'answer_f1': 0.0, 'answer_precision': 0.0, 'answer_recall': 0.0, 'support_f1': 0.0, 'support_precision': 0.0, 'support_recall': 0.0, 'error': 1}"
4hop3__152056_698586_1926_54362,Who burned down the death city of the artist responsible for Dunn Dunn in the war after which the first time black people declined in living in NYC?,"{'answer': 'There is no information to support this question.', 'supporting_facts': []}",Confederate Gen. John Bell Hood,"{'answer_em': 0.0, 'answer_f1': 0.0, 'answer_precision': 0.0, 'answer_recall': 0.0, 'support_f1': 0.0, 'support_precision': 0.0, 'support_recall': 0.0, 'accuracy': 0.0}"
3hop2__782397_467331_162182,"In what region of the country that contains Phu Luong, is the city that has the Zone 5 Military Museum located?",{'answer': 'Error: Failed to parse final JSON.'},South Central Coast,"{'answer_em': 0.0, 'answer_f1': 0.0, 'answer_precision': 0.0, 'answer_recall': 0.0, 'support_f1': 0.0, 'support_precision': 0.0, 'support_recall': 0.0, 'error': 1}"
3hop2__304722_526346_63959,When was the last time the sports team having Trevor Dark as a member beat the winner of 1894–95 FA Cup?,{'answer': 'Error: Failed to parse final JSON.'},1 December 2010,"{'answer_em': 0.0, 'answer_f1': 0.0, 'answer_precision': 0.0, 'answer_recall': 0.0, 'support_f1': 0.0, 'support_precision': 0.0, 'support_recall': 0.0, 'error': 1}"
2hop__463884_807572,What county is the Ira C. Allen Mansion located in?,{'answer': 'Error: Failed to parse final JSON.'},Monmouth County,"{'answer_em': 0.0, 'answer_f1': 0.0, 'answer_precision': 0.0, 'answer_recall': 0.0, 'support_f1': 0.0, 'support_precision': 0.0, 'support_recall': 0.0, 'error': 1}"
2hop__458131_174974,Who is the spouse of the Rabbit Hole's producer?,{'answer': 'Error: Failed to parse final JSON.'},Keith Urban,"{'answer_em': 0.0, 'answer_f1': 0.0, 'answer_precision': 0.0, 'answer_recall': 0.0, 'support_f1': 0.0, 'support_precision': 0.0, 'support_recall': 0.0, 'error': 1}"
3hop1__222497_309482_89834,When did the merchant of the city where the composer of Al gran sole carico d'amore takes place?,{'answer': 'Error: Failed to parse final JSON.'},16th - century,"{'answer_em': 0.0, 'answer_f1': 0.0, 'answer_precision': 0.0, 'answer_recall': 0.0, 'support_f1': 0.0, 'support_precision': 0.0, 'support_recall': 0.0, 'error': 1}"
3hop2__106842_30645_84681,When did the people who first settled the Delaware Valley come to the country which produced the show @Seven?,{'answer': 'Error: Failed to parse final JSON.'},13 December 1642,"{'answer_em': 0.0, 'answer_f1': 0.0, 'answer_precision': 0.0, 'answer_recall': 0.0, 'support_f1': 0.0, 'support_precision': 0.0, 'support_recall': 0.0, 'error': 1}"
4hop3__474028_88460_30152_20999,How were people from whom new coins were a proclamation of independence by the Somali Muslim Ajuran Empire expelled from the natural boundary between Thailand and A Don's country?,{'answer': 'Error: Failed to parse final JSON.'},The dynasty regrouped and defeated the Portuguese,"{'answer_em': 0.0, 'answer_f1': 0.0, 'answer_precision': 0.0, 'answer_recall': 0.0, 'support_f1': 0.0, 'support_precision': 0.0, 'support_recall': 0.0, 'error': 1}"
2hop__37353_23241,"According to Pew in 2010, what percent of Nigeria's population was the people who conquered the Eastern provinces of the Byzantine empire?",{'answer': 'Error: Failed to parse final JSON.'},48.8 percent,"{'answer_em': 0.0, 'answer_f1': 0.0, 'answer_precision': 0.0, 'answer_recall': 0.0, 'support_f1': 0.0, 'support_precision': 0.0, 'support_recall': 0.0, 'error': 1}"
4hop1__726675_508773_85832_745702,Who is the child of the Italian navigator who explored the eastern coast of the continent César Gaytan was born in for the English?,{'answer': 'Error: Failed to parse final JSON.'},Sebastian Cabot,"{'answer_em': 0.0, 'answer_f1': 0.0, 'answer_precision': 0.0, 'answer_recall': 0.0, 'support_f1': 0.0, 'support_precision': 0.0, 'support_recall': 0.0, 'error': 1}"
4hop1__88342_49853_128008_54974,What is the longest home run hit in the league where the team with the most titles from the event after which the MLB MVP is awarded plays?,{'answer': 'Error: Failed to parse final JSON.'},about 575 feet,"{'answer_em': 0.0, 'answer_f1': 0.0, 'answer_precision': 0.0, 'answer_recall': 0.0, 'support_f1': 0.0, 'support_precision': 0.0, 'support_recall': 0.0, 'error': 1}"
2hop__47712_25719,At the end of which year did tribes from the place where the Celts are said to have migrated from invade the Roman empire?,{'answer': 'Error: Failed to parse final JSON.'},406,"{'answer_em': 0.0, 'answer_f1': 0.0, 'answer_precision': 0.0, 'answer_recall': 0.0, 'support_f1': 0.0, 'support_precision': 0.0, 'support_recall': 0.0, 'error': 1}"
2hop__332453_139339,What was the director of The Accidental Husband nominated for?,{'answer': 'Error: Failed to parse final JSON.'},Academy Award for Best Live Action Short Film,"{'answer_em': 0.0, 'answer_f1': 0.0, 'answer_precision': 0.0, 'answer_recall': 0.0, 'support_f1': 0.0, 'support_precision': 0.0, 'support_recall': 0.0, 'error': 1}"
2hop__435184_67370,When does real time with the pizza man cast member start again in 2018?,{'answer': 'Error: Failed to parse final JSON.'},"January 19, 2018","{'answer_em': 0.0, 'answer_f1': 0.0, 'answer_precision': 0.0, 'answer_recall': 0.0, 'support_f1': 0.0, 'support_precision': 0.0, 'support_recall': 0.0, 'error': 1}"
2hop__16581_16525,When did the person who first brought a postal service into Umayyad lands become caliph?,{'answer': 'Error: Failed to parse final JSON.'},661,"{'answer_em': 0.0, 'answer_f1': 0.0, 'answer_precision': 0.0, 'answer_recall': 0.0, 'support_f1': 0.0, 'support_precision': 0.0, 'support_recall': 0.0, 'error': 1}"
2hop__403580_37168,"According to QS World University Rankings, what is the ranking of the place that employed Said Ashour?",{'answer': 'Error: Failed to parse final JSON.'},551-600,"{'answer_em': 0.0, 'answer_f1': 0.0, 'answer_precision': 0.0, 'answer_recall': 0.0, 'support_f1': 0.0, 'support_precision': 0.0, 'support_recall': 0.0, 'error': 1}"
2hop__389778_78303,"What was the cast member of Missing in Action's name in Walker, Texas Ranger?",{'answer': 'Error: Failed to parse final JSON.'},Cordell Walker,"{'answer_em': 0.0, 'answer_f1': 0.0, 'answer_precision': 0.0, 'answer_recall': 0.0, 'support_f1': 0.0, 'support_precision': 0.0, 'support_recall': 0.0, 'error': 1}"
2hop__424294_19033,Where did the author of A Lion's Tale: Around the World in Spandex win in 2008?,{'answer': 'Error: Failed to parse final JSON.'},Great American Bash,"{'answer_em': 0.0, 'answer_f1': 0.0, 'answer_precision': 0.0, 'answer_recall': 0.0, 'support_f1': 0.0, 'support_precision': 0.0, 'support_recall': 0.0, 'error': 1}"
2hop__107548_124896,Who is the father of the artist who painted Head I?,{'answer': 'Error: Failed to parse final JSON.'},Nicholas Bacon,"{'answer_em': 0.0, 'answer_f1': 0.0, 'answer_precision': 0.0, 'answer_recall': 0.0, 'support_f1': 0.0, 'support_precision': 0.0, 'support_recall': 0.0, 'error': 1}"
3hop1__761225_831637_91775,"What does seal stand for in the branch of the U.S. military that operates a list of destroyer classes, as well as containing the rank O-1?",{'answer': 'Error: Failed to parse final JSON.'},"Sea, Air, and Land","{'answer_em': 0.0, 'answer_f1': 0.0, 'answer_precision': 0.0, 'answer_recall': 0.0, 'support_f1': 0.0, 'support_precision': 0.0, 'support_recall': 0.0, 'error': 1}"
2hop__75714_21969,When was the first governor general of India impeached?,{'answer': 'Error: Failed to parse final JSON.'},1786,"{'answer_em': 0.0, 'answer_f1': 0.0, 'answer_precision': 0.0, 'answer_recall': 0.0, 'support_f1': 0.0, 'support_precision': 0.0, 'support_recall': 0.0, 'error': 1}"
4hop1__860115_798482_131926_87157,What is the direction of flow of the body of water by the city sharing a border with Elizabeth Berg's birthplace?,{'answer': 'Error: Failed to parse final JSON.'},rises in northern Minnesota and meanders slowly southwards,"{'answer_em': 0.0, 'answer_f1': 0.0, 'answer_precision': 0.0, 'answer_recall': 0.0, 'support_f1': 0.0, 'support_precision': 0.0, 'support_recall': 0.0, 'error': 1}"
2hop__536283_67465,When did the performer of Watching Movies release Best Day Ever?,{'answer': 'Error: Failed to parse final JSON.'},"March 11, 2011","{'answer_em': 0.0, 'answer_f1': 0.0, 'answer_precision': 0.0, 'answer_recall': 0.0, 'support_f1': 0.0, 'support_precision': 0.0, 'support_recall': 0.0, 'error': 1}"
3hop2__127483_156850_10557,What was the language Auctor comes from during the era of Fastrada's spouse later known as?,{'answer': 'Error: Failed to parse final JSON.'},Medieval Latin,"{'answer_em': 0.0, 'answer_f1': 0.0, 'answer_precision': 0.0, 'answer_recall': 0.0, 'support_f1': 0.0, 'support_precision': 0.0, 'support_recall': 0.0, 'error': 1}"
4hop1__364476_439408_131976_90181,"What is the deepest part of the ocean, near the state, where the county that holds the city of Winchester is found?",{'answer': 'Error: Failed to parse final JSON.'},Milwaukee Deep,"{'answer_em': 0.0, 'answer_f1': 0.0, 'answer_precision': 0.0, 'answer_recall': 0.0, 'support_f1': 0.0, 'support_precision': 0.0, 'support_recall': 0.0, 'error': 1}"
3hop2__304722_330033_63959,When was the last time Tony Richard's team beat the 1894-95 FA Cup Winner?,{'answer': 'Error: Failed to parse final JSON.'},1 December 2010,"{'answer_em': 0.0, 'answer_f1': 0.0, 'answer_precision': 0.0, 'answer_recall': 0.0, 'support_f1': 0.0, 'support_precision': 0.0, 'support_recall': 0.0, 'error': 1}"
4hop1__88342_49853_128008_48717,"Who was the second pick in the 1999 draft of the organization, that includes the team with the most titles, in the event preceding the awarding of the MLB MVP?",{'answer': 'Error: Failed to parse final JSON.'},Josh Beckett,"{'answer_em': 0.0, 'answer_f1': 0.0, 'answer_precision': 0.0, 'answer_recall': 0.0, 'support_f1': 0.0, 'support_precision': 0.0, 'support_recall': 0.0, 'error': 1}"
4hop1__152146_5274_458768_33632,What day is the Feast held in the city where the headquarters of the only group larger than Långa nätter's record label is located?,{'answer': 'Error: Failed to parse final JSON.'},May 4,"{'answer_em': 0.0, 'answer_f1': 0.0, 'answer_precision': 0.0, 'answer_recall': 0.0, 'support_f1': 0.0, 'support_precision': 0.0, 'support_recall': 0.0, 'error': 1}"
3hop2__60649_90098_10557,What was the language from which the last name Sylvester originated during the era of the Frankish king who formed the Holy Roman Empire later known as?,{'answer': 'Error: Failed to parse final JSON.'},Medieval Latin,"{'answer_em': 0.0, 'answer_f1': 0.0, 'answer_precision': 0.0, 'answer_recall': 0.0, 'support_f1': 0.0, 'support_precision': 0.0, 'support_recall': 0.0, 'error': 1}"
3hop2__304722_747004_63959,When was the last time George Hollis's team beat the 1894-95 FA Cup winner?,{'answer': 'Error: Failed to parse final JSON.'},1 December 2010,"{'answer_em': 0.0, 'answer_f1': 0.0, 'answer_precision': 0.0, 'answer_recall': 0.0, 'support_f1': 0.0, 'support_precision': 0.0, 'support_recall': 0.0, 'error': 1}"
2hop__725233_150107,Who published Communications of the publisher of the Mobile Computing and Communications Review?,{'answer': 'Error: Failed to parse final JSON.'},Association for Computing Machinery,"{'answer_em': 0.0, 'answer_f1': 0.0, 'answer_precision': 0.0, 'answer_recall': 0.0, 'support_f1': 0.0, 'support_precision': 0.0, 'support_recall': 0.0, 'error': 1}"
3hop1__222497_737465_93723,"Who played Spyder, from the ""Once Upon a Time"" film set in the place of death of the composer of Al gran sole carico d'amore?",{'answer': 'Error: Failed to parse final JSON.'},Jason Momoa,"{'answer_em': 0.0, 'answer_f1': 0.0, 'answer_precision': 0.0, 'answer_recall': 0.0, 'support_f1': 0.0, 'support_precision': 0.0, 'support_recall': 0.0, 'error': 1}"
4hop1__88342_49853_128008_87812,When is the opening day of the league of the team with the most titles from the event after which they give out the MLB MVP award?,{'answer': 'Error: Failed to parse final JSON.'},"Thursday, March 29","{'answer_em': 0.0, 'answer_f1': 0.0, 'answer_precision': 0.0, 'answer_recall': 0.0, 'support_f1': 0.0, 'support_precision': 0.0, 'support_recall': 0.0, 'error': 1}"
4hop2__161602_426860_88460_63559,When was Burma's name changed to that of the country on the natural boundary between the country that hosted the tournament and the country where That Dam is from?,{'answer': 'Error: Failed to parse final JSON.'},1235,"{'answer_em': 0.0, 'answer_f1': 0.0, 'answer_precision': 0.0, 'answer_recall': 0.0, 'support_f1': 0.0, 'support_precision': 0.0, 'support_recall': 0.0, 'error': 1}"
2hop__35137_22940,What is the Book of Healing by the writer of The Canon of Medicine referred to in Arabic?,{'answer': 'Error: Failed to parse final JSON.'},Kitab al-shifa,"{'answer_em': 0.0, 'answer_f1': 0.0, 'answer_precision': 0.0, 'answer_recall': 0.0, 'support_f1': 0.0, 'support_precision': 0.0, 'support_recall': 0.0, 'error': 1}"
2hop__681463_402641,Who is the sibling of Chiang Hsiao-wen?,{'answer': 'Error: Failed to parse final JSON.'},Chiang Hsiao-wu,"{'answer_em': 0.0, 'answer_f1': 0.0, 'answer_precision': 0.0, 'answer_recall': 0.0, 'support_f1': 0.0, 'support_precision': 0.0, 'support_recall': 0.0, 'error': 1}"
3hop2__6989_37759_74563,"When did the religious order that founded Harvard College, arrive in the region of the U.S. served by the Rainbow Times?",{'answer': 'Error: Failed to parse final JSON.'},1630,"{'answer_em': 0.0, 'answer_f1': 0.0, 'answer_precision': 0.0, 'answer_recall': 0.0, 'support_f1': 0.0, 'support_precision': 0.0, 'support_recall': 0.0, 'error': 1}"
2hop__71755_463572,What is the record label for the singer who originally sang You Belong To Me.,{'answer': 'Error: Failed to parse final JSON.'},MGM Records,"{'answer_em': 0.0, 'answer_f1': 0.0, 'answer_precision': 0.0, 'answer_recall': 0.0, 'support_f1': 0.0, 'support_precision': 0.0, 'support_recall': 0.0, 'error': 1}"
2hop__170823_120171,What year did the publisher of Labyrinth end?,{'answer': 'Error: Failed to parse final JSON.'},1986,"{'answer_em': 0.0, 'answer_f1': 0.0, 'answer_precision': 0.0, 'answer_recall': 0.0, 'support_f1': 0.0, 'support_precision': 0.0, 'support_recall': 0.0, 'error': 1}"
4hop1__814776_765799_282674_759393,What is the seat of the county sharing a border with the county where Western Islands is headquartered?,{'answer': 'Error: Failed to parse final JSON.'},Green Bay,"{'answer_em': 0.0, 'answer_f1': 0.0, 'answer_precision': 0.0, 'answer_recall': 0.0, 'support_f1': 0.0, 'support_precision': 0.0, 'support_recall': 0.0, 'error': 1}"
4hop1__152028_141441_458768_33633,When did the explorer reach the headquarters location of the group Con-Test's record label is part of?,{'answer': 'Error: Failed to parse final JSON.'},"August 3, 1769","{'answer_em': 0.0, 'answer_f1': 0.0, 'answer_precision': 0.0, 'answer_recall': 0.0, 'support_f1': 0.0, 'support_precision': 0.0, 'support_recall': 0.0, 'error': 1}"
3hop1__222497_309482_80702,What is the name of the famous bridge in the place where Al gran sole carico d'amore's composer worked?,{'answer': 'Error: Failed to parse final JSON.'},Rialto Bridge,"{'answer_em': 0.0, 'answer_f1': 0.0, 'answer_precision': 0.0, 'answer_recall': 0.0, 'support_f1': 0.0, 'support_precision': 0.0, 'support_recall': 0.0, 'error': 1}"
3hop1__516535_834494_33939,"In 1900, what was the population of the city in the same county as Allen?","{'answer': '7,531', 'supporting_facts': ['Allen, also known as Allen City is a ghost town in Pima County in southern Arizona.', 'By 1900, 7,531 people lived in the city.']}","7,531","{'answer_em': 1.0, 'answer_f1': 1.0, 'answer_precision': 1.0, 'answer_recall': 1.0, 'support_f1': 0.0, 'support_precision': 0.0, 'support_recall': 0.0, 'accuracy': 1.0}"
2hop__562154_69048,Who is the Chief Judge in the place where DeltaWomen's headquarters in located?,{'answer': 'Error: Failed to parse final JSON.'},Honorable Justice Abiodun Smith,"{'answer_em': 0.0, 'answer_f1': 0.0, 'answer_precision': 0.0, 'answer_recall': 0.0, 'support_f1': 0.0, 'support_precision': 0.0, 'support_recall': 0.0, 'error': 1}"
3hop1__103662_443779_52195,Who is the president of the newly declared independent country that is part of the Commission of Truth and Friendship with Radiansyah's birth country?,{'answer': 'Error: Failed to parse final JSON.'},Francisco Guterres,"{'answer_em': 0.0, 'answer_f1': 0.0, 'answer_precision': 0.0, 'answer_recall': 0.0, 'support_f1': 0.0, 'support_precision': 0.0, 'support_recall': 0.0, 'error': 1}"
2hop__785711_63853,What is the source of the body of water where Augrabies Falls is located?,{'answer': 'Error: Failed to parse final JSON.'},Thaba Putsoa,"{'answer_em': 0.0, 'answer_f1': 0.0, 'answer_precision': 0.0, 'answer_recall': 0.0, 'support_f1': 0.0, 'support_precision': 0.0, 'support_recall': 0.0, 'error': 1}"
3hop1__106042_64399_62676,"When did the city that spread Christianity to Rome, Egypt, Judea, and the country where Vasilopita originates, become the capital city of the Hebrews?",{'answer': 'Error: Failed to parse final JSON.'},c. 1000 BCE,"{'answer_em': 0.0, 'answer_f1': 0.0, 'answer_precision': 0.0, 'answer_recall': 0.0, 'support_f1': 0.0, 'support_precision': 0.0, 'support_recall': 0.0, 'error': 1}"
2hop__846844_47134,What is the mascot of the school that owns Goss Stadium at Coleman Field?,{'answer': 'Error: Failed to parse final JSON.'},Benny Beaver,"{'answer_em': 0.0, 'answer_f1': 0.0, 'answer_precision': 0.0, 'answer_recall': 0.0, 'support_f1': 0.0, 'support_precision': 0.0, 'support_recall': 0.0, 'error': 1}"
3hop2__132957_433432_40768,"When did the maker of Acura Legend, the manufacturer of Lexus RX and Nissan open US assembly plants?",{'answer': 'Error: Failed to parse final JSON.'},1981,"{'answer_em': 0.0, 'answer_f1': 0.0, 'answer_precision': 0.0, 'answer_recall': 0.0, 'support_f1': 0.0, 'support_precision': 0.0, 'support_recall': 0.0, 'error': 1}"
3hop2__30152_107291_20999,"How were the people that the Somali Muslim Ajuran Empire made coins to proclaim independence from, expelled from the country where Mohinga is eaten?",{'answer': 'Error: Failed to parse final JSON.'},The dynasty regrouped and defeated the Portuguese,"{'answer_em': 0.0, 'answer_f1': 0.0, 'answer_precision': 0.0, 'answer_recall': 0.0, 'support_f1': 0.0, 'support_precision': 0.0, 'support_recall': 0.0, 'error': 1}"
2hop__345_59409,Who was the person who purchased Tidal's parent company in 2015 talking about in the song 'Cry?',{'answer': 'Error: Failed to parse final JSON.'},three different relationships he had in the past,"{'answer_em': 0.0, 'answer_f1': 0.0, 'answer_precision': 0.0, 'answer_recall': 0.0, 'support_f1': 0.0, 'support_precision': 0.0, 'support_recall': 0.0, 'error': 1}"
3hop1__135794_87694_64412,When did the city where the Basilica that is named after the same saint as the one in San Pietro in Montorio located in become a country?,{'answer': 'Error: Failed to parse final JSON.'},11 February 1929,"{'answer_em': 0.0, 'answer_f1': 0.0, 'answer_precision': 0.0, 'answer_recall': 0.0, 'support_f1': 0.0, 'support_precision': 0.0, 'support_recall': 0.0, 'error': 1}"
4hop1__373866_5186_10659_23296,"The People's Socialist Republic of Albania was a member of an organization which was dissolved in Country A. Who invaded the country where many expelled French Jews relocated, other than Country A?",{'answer': 'Error: Failed to parse final JSON.'},Soviet,"{'answer_em': 0.0, 'answer_f1': 0.0, 'answer_precision': 0.0, 'answer_recall': 0.0, 'support_f1': 0.0, 'support_precision': 0.0, 'support_recall': 0.0, 'error': 1}"
2hop__204146_850295,Who is the sibling of the author of Kapalkundala?,{'answer': 'Error: Failed to parse final JSON.'},Sanjib Chandra,"{'answer_em': 0.0, 'answer_f1': 0.0, 'answer_precision': 0.0, 'answer_recall': 0.0, 'support_f1': 0.0, 'support_precision': 0.0, 'support_recall': 0.0, 'error': 1}"
4hop3__238811_88460_30152_20999,New coins by the Somali Muslim Ajuran Empire were a proclamation of independence from a nation. How were the people of that nation expelled from country that borders Thailand and Ban Nampo village's country?,{'answer': 'Error: Failed to parse final JSON.'},The dynasty regrouped and defeated the Portuguese,"{'answer_em': 0.0, 'answer_f1': 0.0, 'answer_precision': 0.0, 'answer_recall': 0.0, 'support_f1': 0.0, 'support_precision': 0.0, 'support_recall': 0.0, 'error': 1}"
3hop1__273571_834494_34109,What's the PBS station located in the city contained within the county where Summit is also located?,{'answer': 'Error: Failed to parse final JSON.'},KUAT-TV 6,"{'answer_em': 0.0, 'answer_f1': 0.0, 'answer_precision': 0.0, 'answer_recall': 0.0, 'support_f1': 0.0, 'support_precision': 0.0, 'support_recall': 0.0, 'error': 1}"
3hop1__66872_709625_84283,Who owns the record label of the Till I Can Gain Control Again songwriter?,{'answer': 'Error: Failed to parse final JSON.'},Warner Music Group,"{'answer_em': 0.0, 'answer_f1': 0.0, 'answer_precision': 0.0, 'answer_recall': 0.0, 'support_f1': 0.0, 'support_precision': 0.0, 'support_recall': 0.0, 'error': 1}"
3hop1__564628_42197_18397,Where did the person who argued that the country where Autograph formed had become an imperialist power declare he would intervene in the Korean conflict?,{'answer': 'Error: Failed to parse final JSON.'},the Politburo,"{'answer_em': 0.0, 'answer_f1': 0.0, 'answer_precision': 0.0, 'answer_recall': 0.0, 'support_f1': 0.0, 'support_precision': 0.0, 'support_recall': 0.0, 'error': 1}"
4hop3__507819_88460_30152_20999,How were the same people who the Somali Muslim Ajuran Empire declared independence from expelled from the natural boundary between Thailand and the country where Route 3 is found?,{'answer': 'Error: Failed to parse final JSON.'},The dynasty regrouped and defeated the Portuguese,"{'answer_em': 0.0, 'answer_f1': 0.0, 'answer_precision': 0.0, 'answer_recall': 0.0, 'support_f1': 0.0, 'support_precision': 0.0, 'support_recall': 0.0, 'error': 1}"
4hop1__707078_378185_282674_759393,What is the capital of the county that shares a border with the county that contains the birthplace of Erik Jensen?,{'answer': 'Error: Failed to parse final JSON.'},Green Bay,"{'answer_em': 0.0, 'answer_f1': 0.0, 'answer_precision': 0.0, 'answer_recall': 0.0, 'support_f1': 0.0, 'support_precision': 0.0, 'support_recall': 0.0, 'error': 1}"
4hop1__163763_49925_13759_736921,Where is the district that the person who wanted to reform and address Jesus Varela's religion preached a sermon on Marian devotion before his death located?,{'answer': 'Error: Failed to parse final JSON.'},Saxony-Anhalt,"{'answer_em': 0.0, 'answer_f1': 0.0, 'answer_precision': 0.0, 'answer_recall': 0.0, 'support_f1': 0.0, 'support_precision': 0.0, 'support_recall': 0.0, 'error': 1}"
4hop1__152562_5274_458768_33637,How many ethnic minorities were looked at differently in the city where the headquarters of the only group larger than Vilaiyaadu Mankatha's record label is located?,{'answer': 'Error: Failed to parse final JSON.'},two,"{'answer_em': 0.0, 'answer_f1': 0.0, 'answer_precision': 0.0, 'answer_recall': 0.0, 'support_f1': 0.0, 'support_precision': 0.0, 'support_recall': 0.0, 'error': 1}"
4hop2__161602_474028_88460_21062,Can foreign tourists cruise to the country between the nation that hosted 2020 AFC U-23 Championship qualification and the one that contains A Don.?,{'answer': 'Error: Failed to parse final JSON.'},It is not possible for foreigners to go to/from Myanmar by sea or river.,"{'answer_em': 0.0, 'answer_f1': 0.0, 'answer_precision': 0.0, 'answer_recall': 0.0, 'support_f1': 0.0, 'support_precision': 0.0, 'support_recall': 0.0, 'error': 1}"
2hop__32541_85460,What is the median household income for people today of the same country as the witness to the Blitz?,{'answer': 'Error: Failed to parse final JSON.'},"$59,039","{'answer_em': 0.0, 'answer_f1': 0.0, 'answer_precision': 0.0, 'answer_recall': 0.0, 'support_f1': 0.0, 'support_precision': 0.0, 'support_recall': 0.0, 'error': 1}"
2hop__25788_990,In which generation did iPod start providing compatibility with the object designed to standardize connection of computer peripherals?,{'answer': 'Error: Failed to parse final JSON.'},third generation,"{'answer_em': 0.0, 'answer_f1': 0.0, 'answer_precision': 0.0, 'answer_recall': 0.0, 'support_f1': 0.0, 'support_precision': 0.0, 'support_recall': 0.0, 'error': 1}"
4hop1__152562_5274_458768_33633,When did the explorer reach the city where the headquarters of the only group larger than Vilaiyaadu Mankatha's record label is located?,{'answer': 'Error: Failed to parse final JSON.'},"August 3, 1769","{'answer_em': 0.0, 'answer_f1': 0.0, 'answer_precision': 0.0, 'answer_recall': 0.0, 'support_f1': 0.0, 'support_precision': 0.0, 'support_recall': 0.0, 'error': 1}"
2hop__695364_513121,Who is the child of the male star of the 1921 film Money?,{'answer': 'Error: Failed to parse final JSON.'},Anthony Ainley,"{'answer_em': 0.0, 'answer_f1': 0.0, 'answer_precision': 0.0, 'answer_recall': 0.0, 'support_f1': 0.0, 'support_precision': 0.0, 'support_recall': 0.0, 'error': 1}"
3hop2__304722_667199_63959,When was the last time the team that Malcolm Briggs was a member of beat the 1894-95 FA cup winner?,{'answer': 'Error: Failed to parse final JSON.'},1 December 2010,"{'answer_em': 0.0, 'answer_f1': 0.0, 'answer_precision': 0.0, 'answer_recall': 0.0, 'support_f1': 0.0, 'support_precision': 0.0, 'support_recall': 0.0, 'error': 1}"
2hop__159146_120065,What year did the region where Leuna was located come to an end?,"{'answer': '2009', 'supporting_facts': ['Since 31 December 2009, it is part of the town Leuna.']}",1738,"{'answer_em': 0.0, 'answer_f1': 0.0, 'answer_precision': 0.0, 'answer_recall': 0.0, 'support_f1': 0.0, 'support_precision': 0.0, 'support_recall': 0.0, 'accuracy': 0.0}"
2hop__238499_431914,What administrative territorial entity includes the arrondissement that contains the Digne Cathedral?,{'answer': 'Error: Failed to parse final JSON.'},Alpes-de-Haute-Provence,"{'answer_em': 0.0, 'answer_f1': 0.0, 'answer_precision': 0.0, 'answer_recall': 0.0, 'support_f1': 0.0, 'support_precision': 0.0, 'support_recall': 0.0, 'error': 1}"
3hop2__326964_789654_7713,How long had Mao Yushi's birthplace been the capitol city of Yaxing Coach's headquarters location?,{'answer': 'Error: Failed to parse final JSON.'},about 400 years,"{'answer_em': 0.0, 'answer_f1': 0.0, 'answer_precision': 0.0, 'answer_recall': 0.0, 'support_f1': 0.0, 'support_precision': 0.0, 'support_recall': 0.0, 'error': 1}"
2hop__73615_42173,When was the company that abolished the dual system of government in Bengal established?,{'answer': 'Error: Failed to parse final JSON.'},1599,"{'answer_em': 0.0, 'answer_f1': 0.0, 'answer_precision': 0.0, 'answer_recall': 0.0, 'support_f1': 0.0, 'support_precision': 0.0, 'support_recall': 0.0, 'error': 1}"
4hop3__312119_132409_371500_35031,"Among the top five largest urban areas in the state where Getting Away with Murder's performer was formed, where does Veoh's headquarters city rank?",{'answer': 'Error: Failed to parse final JSON.'},third-largest,"{'answer_em': 0.0, 'answer_f1': 0.0, 'answer_precision': 0.0, 'answer_recall': 0.0, 'support_f1': 0.0, 'support_precision': 0.0, 'support_recall': 0.0, 'error': 1}"
3hop1__637555_339990_15538,When did the state where Copake Lake is located reinstate the death penalty?,{'answer': 'Error: Failed to parse final JSON.'},1984,"{'answer_em': 0.0, 'answer_f1': 0.0, 'answer_precision': 0.0, 'answer_recall': 0.0, 'support_f1': 0.0, 'support_precision': 0.0, 'support_recall': 0.0, 'error': 1}"
4hop3__160230_470287_862998_72134,When did the city where Hillcrest High School is located become capitol of the state in which a statue of a Latin mother goddess is located?,{'answer': 'Error: Failed to parse final JSON.'},1839,"{'answer_em': 0.0, 'answer_f1': 0.0, 'answer_precision': 0.0, 'answer_recall': 0.0, 'support_f1': 0.0, 'support_precision': 0.0, 'support_recall': 0.0, 'error': 1}"
2hop__486314_544665,Who followed the father of Menucha Rochel Slonim?,{'answer': 'Error: Failed to parse final JSON.'},Menachem Mendel Schneersohn,"{'answer_em': 0.0, 'answer_f1': 0.0, 'answer_precision': 0.0, 'answer_recall': 0.0, 'support_f1': 0.0, 'support_precision': 0.0, 'support_recall': 0.0, 'error': 1}"
2hop__567588_67465,When did the performer of Goosebumpz release best day ever?,{'answer': 'Error: Failed to parse final JSON.'},"March 11, 2011","{'answer_em': 0.0, 'answer_f1': 0.0, 'answer_precision': 0.0, 'answer_recall': 0.0, 'support_f1': 0.0, 'support_precision': 0.0, 'support_recall': 0.0, 'error': 1}"
2hop__525581_161450,Where is the province of Aqqala County located?,"{'answer': 'Golestan Province, Iran', 'supporting_facts': ['Aqqala County () (Persian Sepid Dez), is a county in Golestan Province in Iran.']}",in the north-east of the country south of the Caspian Sea,"{'answer_em': 0.0, 'answer_f1': 0.0, 'answer_precision': 0.0, 'answer_recall': 0.0, 'support_f1': 0.0, 'support_precision': 0.0, 'support_recall': 0.0, 'accuracy': 0.0}"
3hop1__92251_34179_23375,"What year saw the publication of the version of the Molotov–Ribbentrop Pact, engineered by the politician who succeeded the leader of the Bolsheviks in the November Revolution?",{'answer': 'Error: Failed to parse final JSON.'},1948,"{'answer_em': 0.0, 'answer_f1': 0.0, 'answer_precision': 0.0, 'answer_recall': 0.0, 'support_f1': 0.0, 'support_precision': 0.0, 'support_recall': 0.0, 'error': 1}"
3hop2__304722_466316_63959,When was the last time the team that Arthur James was a member of beat the 1894-95 FA cup winner?,{'answer': 'Error: Failed to parse final JSON.'},1 December 2010,"{'answer_em': 0.0, 'answer_f1': 0.0, 'answer_precision': 0.0, 'answer_recall': 0.0, 'support_f1': 0.0, 'support_precision': 0.0, 'support_recall': 0.0, 'error': 1}"
2hop__463353_66723,Who was the first black student admitted to the school that owns Swayze Field?,{'answer': 'Error: Failed to parse final JSON.'},James Howard Meredith,"{'answer_em': 0.0, 'answer_f1': 0.0, 'answer_precision': 0.0, 'answer_recall': 0.0, 'support_f1': 0.0, 'support_precision': 0.0, 'support_recall': 0.0, 'error': 1}"
2hop__136067_160249,Between which years did war with the person for whom Pyrrhic victory is named occur?,{'answer': 'Error: Failed to parse final JSON.'},323–272 BC,"{'answer_em': 0.0, 'answer_f1': 0.0, 'answer_precision': 0.0, 'answer_recall': 0.0, 'support_f1': 0.0, 'support_precision': 0.0, 'support_recall': 0.0, 'error': 1}"
2hop__34495_85544,How many games does the team play that had the most champion league wins between 1992 and 2013?,{'answer': 'Error: Failed to parse final JSON.'},38,"{'answer_em': 0.0, 'answer_f1': 0.0, 'answer_precision': 0.0, 'answer_recall': 0.0, 'support_f1': 0.0, 'support_precision': 0.0, 'support_recall': 0.0, 'error': 1}"
4hop2__5206_39078_8987_8974,Where is the embassy in the only communist country whose military branch helping the Old West's inadequate local police was unprepared for invasion of the country conquered by the Pact?,{'answer': 'Error: Failed to parse final JSON.'},Alfredo Stroessner's Paraguay,"{'answer_em': 0.0, 'answer_f1': 0.0, 'answer_precision': 0.0, 'answer_recall': 0.0, 'support_f1': 0.0, 'support_precision': 0.0, 'support_recall': 0.0, 'error': 1}"
2hop__78766_461854,Who is the spouse of the actor who played Scarlet in Gone with the wind?,{'answer': 'Error: Failed to parse final JSON.'},Laurence Olivier,"{'answer_em': 0.0, 'answer_f1': 0.0, 'answer_precision': 0.0, 'answer_recall': 0.0, 'support_f1': 0.0, 'support_precision': 0.0, 'support_recall': 0.0, 'error': 1}"
4hop1__625463_229349_66759_54221,Storm of the Century filmed in state A based on the book by the author who wrote a story featuring the author of The Hope. When do alcohol sales start in state A?,{'answer': 'Error: Failed to parse final JSON.'},5am,"{'answer_em': 0.0, 'answer_f1': 0.0, 'answer_precision': 0.0, 'answer_recall': 0.0, 'support_f1': 0.0, 'support_precision': 0.0, 'support_recall': 0.0, 'error': 1}"
2hop__107238_64918,Who was president when congress declared war on the country where Glumpers was filmed?,{'answer': 'Error: Failed to parse final JSON.'},President McKinley,"{'answer_em': 0.0, 'answer_f1': 0.0, 'answer_precision': 0.0, 'answer_recall': 0.0, 'support_f1': 0.0, 'support_precision': 0.0, 'support_recall': 0.0, 'error': 1}"
3hop1__36497_78276_68042,When did the majority party of the branch of government that the President calls to support appointments to the USAF gain control in the House?,{'answer': 'Error: Failed to parse final JSON.'},the 2010 election,"{'answer_em': 0.0, 'answer_f1': 0.0, 'answer_precision': 0.0, 'answer_recall': 0.0, 'support_f1': 0.0, 'support_precision': 0.0, 'support_recall': 0.0, 'error': 1}"
2hop__269766_43945,Common Sense which was written by the author of The Age of Reason was an important work because?,{'answer': 'Error: Failed to parse final JSON.'},crystallized the rebellious demand for independence from Great Britain,"{'answer_em': 0.0, 'answer_f1': 0.0, 'answer_precision': 0.0, 'answer_recall': 0.0, 'support_f1': 0.0, 'support_precision': 0.0, 'support_recall': 0.0, 'error': 1}"
3hop1__536452_15840_36002,What were the Genesis's advantages over the platform of Pinball Quest?,{'answer': 'Error: Failed to parse final JSON.'},built on 16-bit architectures and offered improved graphics and sound,"{'answer_em': 0.0, 'answer_f1': 0.0, 'answer_precision': 0.0, 'answer_recall': 0.0, 'support_f1': 0.0, 'support_precision': 0.0, 'support_recall': 0.0, 'error': 1}"
2hop__311931_417706,What record label does the performer of Emotional Rain belong to?,{'answer': 'Error: Failed to parse final JSON.'},Attic Records,"{'answer_em': 0.0, 'answer_f1': 0.0, 'answer_precision': 0.0, 'answer_recall': 0.0, 'support_f1': 0.0, 'support_precision': 0.0, 'support_recall': 0.0, 'error': 1}"
4hop1__88342_75218_128008_48717,Who was second pick in the 1999 draft of the league that has a competition where they give out the MLB MVP award after it?,{'answer': 'Error: Failed to parse final JSON.'},Josh Beckett,"{'answer_em': 0.0, 'answer_f1': 0.0, 'answer_precision': 0.0, 'answer_recall': 0.0, 'support_f1': 0.0, 'support_precision': 0.0, 'support_recall': 0.0, 'error': 1}"
4hop2__71753_685934_70784_79935,When was the region that lies to the north of the region Israel is located and where The World is located created?,{'answer': 'Error: Failed to parse final JSON.'},1930,"{'answer_em': 0.0, 'answer_f1': 0.0, 'answer_precision': 0.0, 'answer_recall': 0.0, 'support_f1': 0.0, 'support_precision': 0.0, 'support_recall': 0.0, 'error': 1}"
2hop__131818_161450,Where is the Voshmgir District located?,"{'answer': 'Aqqala County, Golestan Province, Iran', 'supporting_facts': ['Voshmgir District () is a district (bakhsh) in Aqqala County, Golestan Province, Iran.']}",in the north-east of the country south of the Caspian Sea,"{'answer_em': 0.0, 'answer_f1': 0.0, 'answer_precision': 0.0, 'answer_recall': 0.0, 'support_f1': 0.0, 'support_precision': 0.0, 'support_recall': 0.0, 'accuracy': 0.0}"
2hop__60686_229757,Who is the spouse of the actress that plays leslie knope on parks and recreation?,"{'answer': 'No information available', 'supporting_facts': []}",Will Arnett,"{'answer_em': 0.0, 'answer_f1': 0.0, 'answer_precision': 0.0, 'answer_recall': 0.0, 'support_f1': 0.0, 'support_precision': 0.0, 'support_recall': 0.0, 'accuracy': 0.0}"
4hop1__567737_141375_458768_33637,How many ethnic minorities were looked at differently in the city where the headquarters of the company that Study in Brown's record label is a part of?,{'answer': 'Error: Failed to parse final JSON.'},two,"{'answer_em': 0.0, 'answer_f1': 0.0, 'answer_precision': 0.0, 'answer_recall': 0.0, 'support_f1': 0.0, 'support_precision': 0.0, 'support_recall': 0.0, 'error': 1}"
3hop1__139862_2053_5289,What UK label was bought by the major broadcaster based in New York that is not ABC and did not broadcast Highway to Heaven?,{'answer': 'Error: Failed to parse final JSON.'},Oriole Records.,"{'answer_em': 0.0, 'answer_f1': 0.0, 'answer_precision': 0.0, 'answer_recall': 0.0, 'support_f1': 0.0, 'support_precision': 0.0, 'support_recall': 0.0, 'error': 1}"
2hop__778212_22458,"What does the abbreviated name of the organization that includes the Scottish Football Association as a member, stand for?",{'answer': 'Error: Failed to parse final JSON.'},International Federation of Association Football,"{'answer_em': 0.0, 'answer_f1': 0.0, 'answer_precision': 0.0, 'answer_recall': 0.0, 'support_f1': 0.0, 'support_precision': 0.0, 'support_recall': 0.0, 'error': 1}"
2hop__728969_131890,Which is the body of water near George Mills' place of birth?,{'answer': 'Error: Failed to parse final JSON.'},River Thames,"{'answer_em': 0.0, 'answer_f1': 0.0, 'answer_precision': 0.0, 'answer_recall': 0.0, 'support_f1': 0.0, 'support_precision': 0.0, 'support_recall': 0.0, 'error': 1}"
2hop__179322_83289,"Who stars in the video ""One Last Time"" by the performer of Baby I?",{'answer': 'Error: Failed to parse final JSON.'},Matt Bennett,"{'answer_em': 0.0, 'answer_f1': 0.0, 'answer_precision': 0.0, 'answer_recall': 0.0, 'support_f1': 0.0, 'support_precision': 0.0, 'support_recall': 0.0, 'error': 1}"
2hop__574419_270105,What is the seat of the county where Van Hook Township is located?,{'answer': 'Error: Failed to parse final JSON.'},Stanley,"{'answer_em': 0.0, 'answer_f1': 0.0, 'answer_precision': 0.0, 'answer_recall': 0.0, 'support_f1': 0.0, 'support_precision': 0.0, 'support_recall': 0.0, 'error': 1}"
3hop1__9285_5188_6375,"Who was the first person to control a spacecraft, from the country the top-ranking Warsaw Pact operatives came from, despite it being headquartered in the country called the nobilities commonwealth?",{'answer': 'Error: Failed to parse final JSON.'},Gherman Titov,"{'answer_em': 0.0, 'answer_f1': 0.0, 'answer_precision': 0.0, 'answer_recall': 0.0, 'support_f1': 0.0, 'support_precision': 0.0, 'support_recall': 0.0, 'error': 1}"
2hop__59274_461854,Who was the spouse of the actor who played Scarlett in Gone With the Wind?,{'answer': 'Error: Failed to parse final JSON.'},Laurence Olivier,"{'answer_em': 0.0, 'answer_f1': 0.0, 'answer_precision': 0.0, 'answer_recall': 0.0, 'support_f1': 0.0, 'support_precision': 0.0, 'support_recall': 0.0, 'error': 1}"
3hop2__326964_851134_7713,How long had Pfrang Association's headquarters location been the capitol city of Yaxing Coach's headquarters location?,{'answer': 'Error: Failed to parse final JSON.'},about 400 years,"{'answer_em': 0.0, 'answer_f1': 0.0, 'answer_precision': 0.0, 'answer_recall': 0.0, 'support_f1': 0.0, 'support_precision': 0.0, 'support_recall': 0.0, 'error': 1}"
2hop__574496_123283,Where did the founder of the Acting Company study?,{'answer': 'Error: Failed to parse final JSON.'},Clifton College,"{'answer_em': 0.0, 'answer_f1': 0.0, 'answer_precision': 0.0, 'answer_recall': 0.0, 'support_f1': 0.0, 'support_precision': 0.0, 'support_recall': 0.0, 'error': 1}"
3hop1__389955_132457_47686,Where do Greyhound buses leave from in the city where the band that recorded the album I'm Alive and on Fire formed?,{'answer': 'Error: Failed to parse final JSON.'},Toronto Coach Terminal,"{'answer_em': 0.0, 'answer_f1': 0.0, 'answer_precision': 0.0, 'answer_recall': 0.0, 'support_f1': 0.0, 'support_precision': 0.0, 'support_recall': 0.0, 'error': 1}"
3hop1__742464_15840_36002,What were the Genesis's advantages over the platform in which Robodemons is played?,{'answer': 'Error: Failed to parse final JSON.'},built on 16-bit architectures and offered improved graphics and sound,"{'answer_em': 0.0, 'answer_f1': 0.0, 'answer_precision': 0.0, 'answer_recall': 0.0, 'support_f1': 0.0, 'support_precision': 0.0, 'support_recall': 0.0, 'error': 1}"
3hop1__617062_127905_80286,Who has the most hits in the history of the organization that includes the team Jim Wilson was released by?,"{'answer': 'Pete Rose', 'supporting_facts': ['He was released by the Indians following the 1986 season.', 'Pete Rose holds the Major League record for most career hits, with 4,256.']}",Pete Rose,"{'answer_em': 1.0, 'answer_f1': 1.0, 'answer_precision': 1.0, 'answer_recall': 1.0, 'support_f1': 0.0, 'support_precision': 0.0, 'support_recall': 0.0, 'accuracy': 1.0}"
2hop__435184_84856,When does the new season of the show starring the cast member of Pizza Man start?,{'answer': 'Error: Failed to parse final JSON.'},"January 20, 2017","{'answer_em': 0.0, 'answer_f1': 0.0, 'answer_precision': 0.0, 'answer_recall': 0.0, 'support_f1': 0.0, 'support_precision': 0.0, 'support_recall': 0.0, 'error': 1}"
3hop1__106239_650651_7262,Who was a prominent figure at the radio division of the broadcast company that created the version of The Biggest Loser set in the country where Kelupis originated?,{'answer': 'Error: Failed to parse final JSON.'},Walter Sabo,"{'answer_em': 0.0, 'answer_f1': 0.0, 'answer_precision': 0.0, 'answer_recall': 0.0, 'support_f1': 0.0, 'support_precision': 0.0, 'support_recall': 0.0, 'error': 1}"
2hop__10114_599630,Where in Zhejiang is the city where Protestants are especially notable?,"{'answer': 'Wenzhou', 'supporting_facts': ['Zhejiang is one of the provinces of China with the largest concentrations of Protestants, especially notable in the city of Wenzhou.']}",Yongjia County,"{'answer_em': 0.0, 'answer_f1': 0.0, 'answer_precision': 0.0, 'answer_recall': 0.0, 'support_f1': 0.0, 'support_precision': 0.0, 'support_recall': 0.0, 'accuracy': 0.0}"
3hop2__132957_76377_40768,"When did Nissan, the Acura Legend maker and the top selling car brand open US assembly plants?",{'answer': 'Error: Failed to parse final JSON.'},1981,"{'answer_em': 0.0, 'answer_f1': 0.0, 'answer_precision': 0.0, 'answer_recall': 0.0, 'support_f1': 0.0, 'support_precision': 0.0, 'support_recall': 0.0, 'error': 1}"
3hop1__829944_474097_84283,Who is the owner of the record label that the performer of Better Than Me is signed with?,{'answer': 'Error: Failed to parse final JSON.'},Warner Music Group,"{'answer_em': 0.0, 'answer_f1': 0.0, 'answer_precision': 0.0, 'answer_recall': 0.0, 'support_f1': 0.0, 'support_precision': 0.0, 'support_recall': 0.0, 'error': 1}"
3hop1__418091_15840_36002,What were Genesis's advantages over the platform that plays Bigfoot?,{'answer': 'Error: Failed to parse final JSON.'},built on 16-bit architectures and offered improved graphics and sound,"{'answer_em': 0.0, 'answer_f1': 0.0, 'answer_precision': 0.0, 'answer_recall': 0.0, 'support_f1': 0.0, 'support_precision': 0.0, 'support_recall': 0.0, 'error': 1}"
2hop__68590_27619,Where is the mission for the agency that controls the monetary policy of the EU found?,{'answer': 'Error: Failed to parse final JSON.'},Article 2 of the Statute of the ECB,"{'answer_em': 0.0, 'answer_f1': 0.0, 'answer_precision': 0.0, 'answer_recall': 0.0, 'support_f1': 0.0, 'support_precision': 0.0, 'support_recall': 0.0, 'error': 1}"
2hop__67660_158861,What actor had the role of the narrator of How I Met Your Mother?,{'answer': 'Error: Failed to parse final JSON.'},Josh Radnor,"{'answer_em': 0.0, 'answer_f1': 0.0, 'answer_precision': 0.0, 'answer_recall': 0.0, 'support_f1': 0.0, 'support_precision': 0.0, 'support_recall': 0.0, 'error': 1}"
2hop__235471_565925,What record label did the performer of The Place and the Time belong to?,{'answer': 'Error: Failed to parse final JSON.'},Columbia Records,"{'answer_em': 0.0, 'answer_f1': 0.0, 'answer_precision': 0.0, 'answer_recall': 0.0, 'support_f1': 0.0, 'support_precision': 0.0, 'support_recall': 0.0, 'error': 1}"
2hop__75207_46837,When does the winter season begin in the place where fuser and alberto meet the indigenous couple who were traveling for work?,{'answer': 'Error: Failed to parse final JSON.'},June,"{'answer_em': 0.0, 'answer_f1': 0.0, 'answer_precision': 0.0, 'answer_recall': 0.0, 'support_f1': 0.0, 'support_precision': 0.0, 'support_recall': 0.0, 'error': 1}"
3hop1__159803_89752_75165,What's the population of the largest state in the region of the U.S. where trading practices were once threatened by the Navigation Acts?,{'answer': 'Error: Failed to parse final JSON.'},"1,335,907","{'answer_em': 0.0, 'answer_f1': 0.0, 'answer_precision': 0.0, 'answer_recall': 0.0, 'support_f1': 0.0, 'support_precision': 0.0, 'support_recall': 0.0, 'error': 1}"
2hop__2299_38663,What percentage did the Dow Jones fall in the historical era where the book takes place?,{'answer': 'Error: Failed to parse final JSON.'},54.7%,"{'answer_em': 0.0, 'answer_f1': 0.0, 'answer_precision': 0.0, 'answer_recall': 0.0, 'support_f1': 0.0, 'support_precision': 0.0, 'support_recall': 0.0, 'error': 1}"
2hop__388467_110882,What is the birth date of the By Your Side performer?,{'answer': 'Error: Failed to parse final JSON.'},1 January 1986,"{'answer_em': 0.0, 'answer_f1': 0.0, 'answer_precision': 0.0, 'answer_recall': 0.0, 'support_f1': 0.0, 'support_precision': 0.0, 'support_recall': 0.0, 'error': 1}"
2hop__486392_35739,When was the version of Windows 8 from the company that Iceweasel was based on made accessible?,{'answer': 'Error: Failed to parse final JSON.'},September 2013,"{'answer_em': 0.0, 'answer_f1': 0.0, 'answer_precision': 0.0, 'answer_recall': 0.0, 'support_f1': 0.0, 'support_precision': 0.0, 'support_recall': 0.0, 'error': 1}"
3hop1__68802_89752_49923,How many counties are there in the largest state in the region where the film The Family Stone was set?,{'answer': 'Error: Failed to parse final JSON.'},sixteen,"{'answer_em': 0.0, 'answer_f1': 0.0, 'answer_precision': 0.0, 'answer_recall': 0.0, 'support_f1': 0.0, 'support_precision': 0.0, 'support_recall': 0.0, 'error': 1}"
2hop__56270_68396,What percentage of the nation's population lives in the state that includes the 951 area code?,{'answer': 'Error: Failed to parse final JSON.'},more than 12 percent,"{'answer_em': 0.0, 'answer_f1': 0.0, 'answer_precision': 0.0, 'answer_recall': 0.0, 'support_f1': 0.0, 'support_precision': 0.0, 'support_recall': 0.0, 'error': 1}"
2hop__21103_16254,"By 1931, what percentage of the world's Jews were the group of Jews that represented the bulk of modern Jewry?",{'answer': 'Error: Failed to parse final JSON.'},92 percent,"{'answer_em': 0.0, 'answer_f1': 0.0, 'answer_precision': 0.0, 'answer_recall': 0.0, 'support_f1': 0.0, 'support_precision': 0.0, 'support_recall': 0.0, 'error': 1}"
2hop__853227_68633,Arthur Marryatt is a member of a sports association that has who as president?,{'answer': 'Error: Failed to parse final JSON.'},Thomas Bach,"{'answer_em': 0.0, 'answer_f1': 0.0, 'answer_precision': 0.0, 'answer_recall': 0.0, 'support_f1': 0.0, 'support_precision': 0.0, 'support_recall': 0.0, 'error': 1}"
2hop__30384_30351,Who did Hay work for after being hired by his other notable influence regarding resource distribution other than Max Weber?,{'answer': 'Error: Failed to parse final JSON.'},the Austrian government,"{'answer_em': 0.0, 'answer_f1': 0.0, 'answer_precision': 0.0, 'answer_recall': 0.0, 'support_f1': 0.0, 'support_precision': 0.0, 'support_recall': 0.0, 'error': 1}"
3hop1__830700_538202_84283,Who owns the record label of the Shake What God Gave Ya performer?,{'answer': 'Error: Failed to parse final JSON.'},Warner Music Group,"{'answer_em': 0.0, 'answer_f1': 0.0, 'answer_precision': 0.0, 'answer_recall': 0.0, 'support_f1': 0.0, 'support_precision': 0.0, 'support_recall': 0.0, 'error': 1}"
4hop3__673447_132409_371500_35031,"Among the top five largest urban areas in the state where Infest's performer was formed, where does Veoh's headquarters city rank?",{'answer': 'Error: Failed to parse final JSON.'},third-largest,"{'answer_em': 0.0, 'answer_f1': 0.0, 'answer_precision': 0.0, 'answer_recall': 0.0, 'support_f1': 0.0, 'support_precision': 0.0, 'support_recall': 0.0, 'error': 1}"
2hop__818692_113442,What date did the creator of Autumn Leaves die?,{'answer': 'Error: Failed to parse final JSON.'},13 August 1896,"{'answer_em': 0.0, 'answer_f1': 0.0, 'answer_precision': 0.0, 'answer_recall': 0.0, 'support_f1': 0.0, 'support_precision': 0.0, 'support_recall': 0.0, 'error': 1}"
2hop__401710_456439,Who is the spouse of the producer of Dolores Claiborne?,{'answer': 'Error: Failed to parse final JSON.'},Helen Mirren,"{'answer_em': 0.0, 'answer_f1': 0.0, 'answer_precision': 0.0, 'answer_recall': 0.0, 'support_f1': 0.0, 'support_precision': 0.0, 'support_recall': 0.0, 'error': 1}"
2hop__394720_120259,When was the kingdom that Heptarchy was part of abolished?,{'answer': 'Error: Failed to parse final JSON.'},918,"{'answer_em': 0.0, 'answer_f1': 0.0, 'answer_precision': 0.0, 'answer_recall': 0.0, 'support_f1': 0.0, 'support_precision': 0.0, 'support_recall': 0.0, 'error': 1}"
2hop__511296_577502,Who married the actor from Terminator?,"{'answer': 'Maria Shriver', 'supporting_facts': ['Maria Shriver (wife of California governor Arnold Schwarzenegger)']}",Maria Shriver,"{'answer_em': 1.0, 'answer_f1': 1.0, 'answer_precision': 1.0, 'answer_recall': 1.0, 'support_f1': 0.0, 'support_precision': 0.0, 'support_recall': 0.0, 'accuracy': 1.0}"
4hop1__17192_17130_70784_61381,When was the region immediately north of the region where the country that secured southern Lebanon is located and the Persian Gulf established?,{'answer': 'Error: Failed to parse final JSON.'},1932,"{'answer_em': 0.0, 'answer_f1': 0.0, 'answer_precision': 0.0, 'answer_recall': 0.0, 'support_f1': 0.0, 'support_precision': 0.0, 'support_recall': 0.0, 'error': 1}"
4hop3__547073_88460_30152_20999,How were people from whom the new coins were a proclamation of independence by the Somali Muslim Ajuran Empire expelled from the country between Thailand and Si Phan Don's country?,{'answer': 'Error: Failed to parse final JSON.'},The dynasty regrouped and defeated the Portuguese,"{'answer_em': 0.0, 'answer_f1': 0.0, 'answer_precision': 0.0, 'answer_recall': 0.0, 'support_f1': 0.0, 'support_precision': 0.0, 'support_recall': 0.0, 'error': 1}"
3hop1__850160_15840_36014,What was Nintendo's limit on games per developer per year on the system which had a three letter abbreviation and was also the platform for Pictionary?,{'answer': 'Error: Failed to parse final JSON.'},five,"{'answer_em': 0.0, 'answer_f1': 0.0, 'answer_precision': 0.0, 'answer_recall': 0.0, 'support_f1': 0.0, 'support_precision': 0.0, 'support_recall': 0.0, 'error': 1}"
2hop__82378_158266,The top ballet company in the top bauxite producing country is what?,{'answer': 'Error: Failed to parse final JSON.'},The Australian Ballet,"{'answer_em': 0.0, 'answer_f1': 0.0, 'answer_precision': 0.0, 'answer_recall': 0.0, 'support_f1': 0.0, 'support_precision': 0.0, 'support_recall': 0.0, 'error': 1}"
3hop1__820301_720914_27537,Why did Roncalli leave the place where Crucifixion's creator died?,{'answer': 'Error: Failed to parse final JSON.'},for the conclave in Rome,"{'answer_em': 0.0, 'answer_f1': 0.0, 'answer_precision': 0.0, 'answer_recall': 0.0, 'support_f1': 0.0, 'support_precision': 0.0, 'support_recall': 0.0, 'error': 1}"
4hop1__94201_642284_131926_13165,What treaty ceded territory to the US extending west to the body of water by the city where the designer of Southeast Library died?,{'answer': 'Error: Failed to parse final JSON.'},Treaty of Paris,"{'answer_em': 0.0, 'answer_f1': 0.0, 'answer_precision': 0.0, 'answer_recall': 0.0, 'support_f1': 0.0, 'support_precision': 0.0, 'support_recall': 0.0, 'error': 1}"
3hop1__109113_720914_27537,Why did Roncalli leave the city where the painter of Venus with a Mirror died?,{'answer': 'Error: Failed to parse final JSON.'},for the conclave in Rome,"{'answer_em': 0.0, 'answer_f1': 0.0, 'answer_precision': 0.0, 'answer_recall': 0.0, 'support_f1': 0.0, 'support_precision': 0.0, 'support_recall': 0.0, 'error': 1}"
3hop1__106847_160713_77246,What is the meaning in the arabic dictionary of the majority religion in the area of British India that become India when the country for A Music Fairy was created?,{'answer': 'Error: Failed to parse final JSON.'},the country of India,"{'answer_em': 0.0, 'answer_f1': 0.0, 'answer_precision': 0.0, 'answer_recall': 0.0, 'support_f1': 0.0, 'support_precision': 0.0, 'support_recall': 0.0, 'error': 1}"
2hop__59612_50883,The London broil cut comes from a country with an emergency response guidebook with response guides in which section?,{'answer': 'Error: Failed to parse final JSON.'},"The fourth section, with orange page borders","{'answer_em': 0.0, 'answer_f1': 0.0, 'answer_precision': 0.0, 'answer_recall': 0.0, 'support_f1': 0.0, 'support_precision': 0.0, 'support_recall': 0.0, 'error': 1}"
3hop1__857_846_7770,Where does the Yangtze River flow in the city where the Yongle emperor greeted the person to whom the edict was addressed?,{'answer': 'Error: Failed to parse final JSON.'},past the west side and then north side,"{'answer_em': 0.0, 'answer_f1': 0.0, 'answer_precision': 0.0, 'answer_recall': 0.0, 'support_f1': 0.0, 'support_precision': 0.0, 'support_recall': 0.0, 'error': 1}"
4hop1__567737_141375_458768_33677,When was the most recent Bicycle Friendly Community Award given to the city where the company Study in Brown's record label is part of is headquartered?,{'answer': 'Error: Failed to parse final JSON.'},2013,"{'answer_em': 0.0, 'answer_f1': 0.0, 'answer_precision': 0.0, 'answer_recall': 0.0, 'support_f1': 0.0, 'support_precision': 0.0, 'support_recall': 0.0, 'error': 1}"
2hop__42027_42004,"Since 2004, what is the location of the body to which, if a matter is not specifically reserved, it is devolved?","{'answer': 'The Scottish Parliament', 'supporting_facts': ['The Scottish Parliament has the power to legislate in all areas that are not explicitly reserved to Westminster.', 'All matters that are not specifically reserved are automatically devolved to the Scottish Parliament.']}",Scottish Parliament Building,"{'answer_em': 0.0, 'answer_f1': 0.8, 'answer_precision': 1.0, 'answer_recall': 0.6666666666666666, 'support_f1': 0.0, 'support_precision': 0.0, 'support_recall': 0.0, 'accuracy': 0.8}"
2hop__644898_64046,Who plays the prison warden in the second movie in the series with the same name as the place where James Trainer died?,{'answer': 'Error: Failed to parse final JSON.'},Simon Farnaby,"{'answer_em': 0.0, 'answer_f1': 0.0, 'answer_precision': 0.0, 'answer_recall': 0.0, 'support_f1': 0.0, 'support_precision': 0.0, 'support_recall': 0.0, 'error': 1}"
2hop__124412_402641,Who is the child of Chiang Hsiao-wen's father?,{'answer': 'Error: Failed to parse final JSON.'},Chiang Hsiao-wu,"{'answer_em': 0.0, 'answer_f1': 0.0, 'answer_precision': 0.0, 'answer_recall': 0.0, 'support_f1': 0.0, 'support_precision': 0.0, 'support_recall': 0.0, 'error': 1}"
3hop1__140345_2053_5289,"What label was bought by the company which, along with ABC and the network which aired Law of the Plainsman, is the other major broadcaster based in NY?",{'answer': 'Error: Failed to parse final JSON.'},Oriole Records.,"{'answer_em': 0.0, 'answer_f1': 0.0, 'answer_precision': 0.0, 'answer_recall': 0.0, 'support_f1': 0.0, 'support_precision': 0.0, 'support_recall': 0.0, 'error': 1}"
3hop1__132967_40769_64047,When did the rx 350 model of the luxury division of the company that built Daihatsu boon change body style?,{'answer': 'Error: Failed to parse final JSON.'},Sales began worldwide in April 2012,"{'answer_em': 0.0, 'answer_f1': 0.0, 'answer_precision': 0.0, 'answer_recall': 0.0, 'support_f1': 0.0, 'support_precision': 0.0, 'support_recall': 0.0, 'error': 1}"
2hop__50432_56873,When did the team that won the 1959 fa cup final beating luton town 2-1 win the fa cup?,{'answer': 'Error: Failed to parse final JSON.'},1898 and 1959,"{'answer_em': 0.0, 'answer_f1': 0.0, 'answer_precision': 0.0, 'answer_recall': 0.0, 'support_f1': 0.0, 'support_precision': 0.0, 'support_recall': 0.0, 'error': 1}"
2hop__30905_213732,"Who is the child of the person who sponsored the resolution to reopen trade with Vietnam, along with Kerry?",{'answer': 'Error: Failed to parse final JSON.'},Meghan McCain,"{'answer_em': 0.0, 'answer_f1': 0.0, 'answer_precision': 0.0, 'answer_recall': 0.0, 'support_f1': 0.0, 'support_precision': 0.0, 'support_recall': 0.0, 'error': 1}"
2hop__54651_169233,What award did the singer of Never Had a Friend Like Me in Aladdin receive?,{'answer': 'Error: Failed to parse final JSON.'},Academy Award for Best Supporting Actor,"{'answer_em': 0.0, 'answer_f1': 0.0, 'answer_precision': 0.0, 'answer_recall': 0.0, 'support_f1': 0.0, 'support_precision': 0.0, 'support_recall': 0.0, 'error': 1}"
2hop__46376_158105,Which two features were played up by the highest paid person in the world?,{'answer': 'Error: Failed to parse final JSON.'},ease of use and enhanced support for Plug and Play,"{'answer_em': 0.0, 'answer_f1': 0.0, 'answer_precision': 0.0, 'answer_recall': 0.0, 'support_f1': 0.0, 'support_precision': 0.0, 'support_recall': 0.0, 'error': 1}"
4hop1__58323_375563_161848_67585,"How many stars are on the flag of the nation that first participated in the 1952 Olympics, located near the citizen country of the author of the 2005 novel Thief?",{'answer': 'Error: Failed to parse final JSON.'},four,"{'answer_em': 0.0, 'answer_f1': 0.0, 'answer_precision': 0.0, 'answer_recall': 0.0, 'support_f1': 0.0, 'support_precision': 0.0, 'support_recall': 0.0, 'error': 1}"
2hop__66167_615257,What team does the player with the most points in a NBA season play for?,{'answer': 'Error: Failed to parse final JSON.'},Oklahoma City Thunder,"{'answer_em': 0.0, 'answer_f1': 0.0, 'answer_precision': 0.0, 'answer_recall': 0.0, 'support_f1': 0.0, 'support_precision': 0.0, 'support_recall': 0.0, 'error': 1}"
3hop1__36497_73181_68042,When did the party with a majority in the body the President calls on for support of his appointments to the USAF gain control of the House?,{'answer': 'Error: Failed to parse final JSON.'},the 2010 election,"{'answer_em': 0.0, 'answer_f1': 0.0, 'answer_precision': 0.0, 'answer_recall': 0.0, 'support_f1': 0.0, 'support_precision': 0.0, 'support_recall': 0.0, 'error': 1}"
3hop1__489567_443779_52195,Who is the president of the newly declared independent country that is part of the commission of Truth and Friendship with the country where Inierie is located?,{'answer': 'Error: Failed to parse final JSON.'},Francisco Guterres,"{'answer_em': 0.0, 'answer_f1': 0.0, 'answer_precision': 0.0, 'answer_recall': 0.0, 'support_f1': 0.0, 'support_precision': 0.0, 'support_recall': 0.0, 'error': 1}"
2hop__151705_141308,What company is I Dig Love's record label a part of?,{'answer': 'Error: Failed to parse final JSON.'},Apple Corps,"{'answer_em': 0.0, 'answer_f1': 0.0, 'answer_precision': 0.0, 'answer_recall': 0.0, 'support_f1': 0.0, 'support_precision': 0.0, 'support_recall': 0.0, 'error': 1}"
2hop__257831_123283,Where did the producer of Julius Caesar study or work?,{'answer': 'Error: Failed to parse final JSON.'},Clifton College,"{'answer_em': 0.0, 'answer_f1': 0.0, 'answer_precision': 0.0, 'answer_recall': 0.0, 'support_f1': 0.0, 'support_precision': 0.0, 'support_recall': 0.0, 'error': 1}"
4hop2__161602_474028_88460_21057,"During British rule, what wood was mostly produced in the nation that's the boundary between the host of the 2020 AFC U-23 Championship qualification, and the nation containing A Don?",{'answer': 'Error: Failed to parse final JSON.'},75% of the world's teak,"{'answer_em': 0.0, 'answer_f1': 0.0, 'answer_precision': 0.0, 'answer_recall': 0.0, 'support_f1': 0.0, 'support_precision': 0.0, 'support_recall': 0.0, 'error': 1}"
2hop__61714_89309,What was the date that Pam got married in The Office?,{'answer': 'Error: Failed to parse final JSON.'},"October 8, 2009","{'answer_em': 0.0, 'answer_f1': 0.0, 'answer_precision': 0.0, 'answer_recall': 0.0, 'support_f1': 0.0, 'support_precision': 0.0, 'support_recall': 0.0, 'error': 1}"
4hop3__650050_88460_30152_20999,How were people from whom the new coins were a proclamation of independence by the Somali Muslim Ajuran Empire expelled from the natural boundary between Thailand and A Doi's country?,{'answer': 'Error: Failed to parse final JSON.'},The dynasty regrouped and defeated the Portuguese,"{'answer_em': 0.0, 'answer_f1': 0.0, 'answer_precision': 0.0, 'answer_recall': 0.0, 'support_f1': 0.0, 'support_precision': 0.0, 'support_recall': 0.0, 'error': 1}"
2hop__412633_15781,"Who, along with the author of An Essay on the History of Civil Society, criticized the idea of social contract theorists?",{'answer': 'Error: Failed to parse final JSON.'},David Hume,"{'answer_em': 0.0, 'answer_f1': 0.0, 'answer_precision': 0.0, 'answer_recall': 0.0, 'support_f1': 0.0, 'support_precision': 0.0, 'support_recall': 0.0, 'error': 1}"
3hop1__145924_131905_41948,"Besides the Irish Channel and the body of water by the city Caspar Voght died in, what else lowered in the last cold phase?",{'answer': 'Error: Failed to parse final JSON.'},English Channel,"{'answer_em': 0.0, 'answer_f1': 0.0, 'answer_precision': 0.0, 'answer_recall': 0.0, 'support_f1': 0.0, 'support_precision': 0.0, 'support_recall': 0.0, 'error': 1}"
3hop1__715607_792411_51423,What is the name of the castle in the city where the performer of A Collection 1984–1989 was born?,{'answer': 'Error: Failed to parse final JSON.'},Casa Loma,"{'answer_em': 0.0, 'answer_f1': 0.0, 'answer_precision': 0.0, 'answer_recall': 0.0, 'support_f1': 0.0, 'support_precision': 0.0, 'support_recall': 0.0, 'error': 1}"
3hop1__595371_40769_64047,When did the RX 350 from the Scion xB manufacturer's luxury division change body style?,{'answer': 'Error: Failed to parse final JSON.'},Sales began worldwide in April 2012,"{'answer_em': 0.0, 'answer_f1': 0.0, 'answer_precision': 0.0, 'answer_recall': 0.0, 'support_f1': 0.0, 'support_precision': 0.0, 'support_recall': 0.0, 'error': 1}"
3hop1__128554_39743_24526,"What is the average winter daytime temperature in the region where Richmond is found, in the state where WIRR operates?",{'answer': 'Error: Failed to parse final JSON.'},upper 40s–lower 50s °F,"{'answer_em': 0.0, 'answer_f1': 0.0, 'answer_precision': 0.0, 'answer_recall': 0.0, 'support_f1': 0.0, 'support_precision': 0.0, 'support_recall': 0.0, 'error': 1}"
4hop1__567737_141375_458768_33633,When did the explorer reach the headquarters location of the group Study in Brown's record label is part of?,{'answer': 'Error: Failed to parse final JSON.'},"August 3, 1769","{'answer_em': 0.0, 'answer_f1': 0.0, 'answer_precision': 0.0, 'answer_recall': 0.0, 'support_f1': 0.0, 'support_precision': 0.0, 'support_recall': 0.0, 'error': 1}"
3hop1__103197_214799_259594,What country gas the border troops of the country of the literature of the country of Andreas Zülow's citizenship?,{'answer': 'Error: Failed to parse final JSON.'},GDR,"{'answer_em': 0.0, 'answer_f1': 0.0, 'answer_precision': 0.0, 'answer_recall': 0.0, 'support_f1': 0.0, 'support_precision': 0.0, 'support_recall': 0.0, 'error': 1}"
2hop__803903_78606,Who plays the wife of Big Stan's director in Grown Ups?,{'answer': 'Error: Failed to parse final JSON.'},Joyce Van Patten,"{'answer_em': 0.0, 'answer_f1': 0.0, 'answer_precision': 0.0, 'answer_recall': 0.0, 'support_f1': 0.0, 'support_precision': 0.0, 'support_recall': 0.0, 'error': 1}"
2hop__27650_27628,Who is the Vice-President of the body that began to increase their coverage of weaker debts?,{'answer': 'Error: Failed to parse final JSON.'},Vitor Constâncio,"{'answer_em': 0.0, 'answer_f1': 0.0, 'answer_precision': 0.0, 'answer_recall': 0.0, 'support_f1': 0.0, 'support_precision': 0.0, 'support_recall': 0.0, 'error': 1}"
2hop__10900_21567,Who introduced a system of musical notation in the 14th century used in the area where the Ottoman slave trade flourished?,{'answer': 'Error: Failed to parse final JSON.'},John Kukuzelis,"{'answer_em': 0.0, 'answer_f1': 0.0, 'answer_precision': 0.0, 'answer_recall': 0.0, 'support_f1': 0.0, 'support_precision': 0.0, 'support_recall': 0.0, 'error': 1}"
2hop__677160_110882,When was the performer of So Nice born?,{'answer': 'Error: Failed to parse final JSON.'},1 January 1986,"{'answer_em': 0.0, 'answer_f1': 0.0, 'answer_precision': 0.0, 'answer_recall': 0.0, 'support_f1': 0.0, 'support_precision': 0.0, 'support_recall': 0.0, 'error': 1}"
2hop__603365_120259,When was a participant in the Battle of Maserfield abolished?,{'answer': 'Error: Failed to parse final JSON.'},918,"{'answer_em': 0.0, 'answer_f1': 0.0, 'answer_precision': 0.0, 'answer_recall': 0.0, 'support_f1': 0.0, 'support_precision': 0.0, 'support_recall': 0.0, 'error': 1}"
2hop__56806_7298,What pop artist started his career on adult contemporary radio along with the subject of the song The One That Got Away?,{'answer': 'Error: Failed to parse final JSON.'},Michael Bublé,"{'answer_em': 0.0, 'answer_f1': 0.0, 'answer_precision': 0.0, 'answer_recall': 0.0, 'support_f1': 0.0, 'support_precision': 0.0, 'support_recall': 0.0, 'error': 1}"
2hop__40270_11402,"According to the agency that considers if Los Angeles County is to be a separate metropolitan area, what is the total area in square miles?",{'answer': 'Error: Failed to parse final JSON.'},17.037 square miles,"{'answer_em': 0.0, 'answer_f1': 0.0, 'answer_precision': 0.0, 'answer_recall': 0.0, 'support_f1': 0.0, 'support_precision': 0.0, 'support_recall': 0.0, 'error': 1}"
2hop__655505_110949,What is the Till dom ensamma performer's birth date?,{'answer': 'Error: Failed to parse final JSON.'},11 September 1962,"{'answer_em': 0.0, 'answer_f1': 0.0, 'answer_precision': 0.0, 'answer_recall': 0.0, 'support_f1': 0.0, 'support_precision': 0.0, 'support_recall': 0.0, 'error': 1}"
4hop1__47210_53706_795904_580996,What location borders the city founded by a former newspaper publisher selling supplies in the state where the valley girl accent originated?,{'answer': 'Error: Failed to parse final JSON.'},Rio Linda,"{'answer_em': 0.0, 'answer_f1': 0.0, 'answer_precision': 0.0, 'answer_recall': 0.0, 'support_f1': 0.0, 'support_precision': 0.0, 'support_recall': 0.0, 'error': 1}"
2hop__434218_29898,Which affiliate left the employer of Don Newman due to an agreement with CHBC?,{'answer': 'Error: Failed to parse final JSON.'},CFJC-TV in Kamloops,"{'answer_em': 0.0, 'answer_f1': 0.0, 'answer_precision': 0.0, 'answer_recall': 0.0, 'support_f1': 0.0, 'support_precision': 0.0, 'support_recall': 0.0, 'error': 1}"
2hop__50936_90973,Who did the original voice of the character that Mila Kunis plays in Family Guy?,{'answer': 'Error: Failed to parse final JSON.'},Lacey Chabert,"{'answer_em': 0.0, 'answer_f1': 0.0, 'answer_precision': 0.0, 'answer_recall': 0.0, 'support_f1': 0.0, 'support_precision': 0.0, 'support_recall': 0.0, 'error': 1}"
2hop__555792_30351,Who did Hayek work for upon being hired by the author of Omnipotent Government?,{'answer': 'Error: Failed to parse final JSON.'},the Austrian government,"{'answer_em': 0.0, 'answer_f1': 0.0, 'answer_precision': 0.0, 'answer_recall': 0.0, 'support_f1': 0.0, 'support_precision': 0.0, 'support_recall': 0.0, 'error': 1}"
4hop2__161602_474028_88460_21034,What year did the country that is the natural boundary between where the tournament was hosted and where A Don is located host the ASEAN Conference?,{'answer': 'Error: Failed to parse final JSON.'},hosted the summit in 2014,"{'answer_em': 0.0, 'answer_f1': 0.0, 'answer_precision': 0.0, 'answer_recall': 0.0, 'support_f1': 0.0, 'support_precision': 0.0, 'support_recall': 0.0, 'error': 1}"
2hop__557743_92763,What is the enrollment at Henry Latimer's alma mater?,{'answer': 'Error: Failed to parse final JSON.'},"16,801","{'answer_em': 0.0, 'answer_f1': 0.0, 'answer_precision': 0.0, 'answer_recall': 0.0, 'support_f1': 0.0, 'support_precision': 0.0, 'support_recall': 0.0, 'error': 1}"
3hop1__816887_127905_80286,Who has the most hits in the league of the team that Dick Aylward plays for?,{'answer': 'Error: Failed to parse final JSON.'},Pete Rose,"{'answer_em': 0.0, 'answer_f1': 0.0, 'answer_precision': 0.0, 'answer_recall': 0.0, 'support_f1': 0.0, 'support_precision': 0.0, 'support_recall': 0.0, 'error': 1}"
2hop__43776_162341,What other recognition did the Oscar winner for Best Actor in 2006 receive?,{'answer': 'Error: Failed to parse final JSON.'},nominated for an Academy Award for Best Supporting Actor,"{'answer_em': 0.0, 'answer_f1': 0.0, 'answer_precision': 0.0, 'answer_recall': 0.0, 'support_f1': 0.0, 'support_precision': 0.0, 'support_recall': 0.0, 'error': 1}"
2hop__608902_653666,Who is the mother of Katharine Smith Salisbury's brother?,{'answer': 'Error: Failed to parse final JSON.'},Lucy Mack Smith,"{'answer_em': 0.0, 'answer_f1': 0.0, 'answer_precision': 0.0, 'answer_recall': 0.0, 'support_f1': 0.0, 'support_precision': 0.0, 'support_recall': 0.0, 'error': 1}"
2hop__609313_20273,What year did the author of History of the Reformation in Scotland die?,{'answer': 'Error: Failed to parse final JSON.'},1572,"{'answer_em': 0.0, 'answer_f1': 0.0, 'answer_precision': 0.0, 'answer_recall': 0.0, 'support_f1': 0.0, 'support_precision': 0.0, 'support_recall': 0.0, 'error': 1}"
2hop__6827_55848,When was the first branch of the company that bought FleetBoston Financial established?,{'answer': 'Error: Failed to parse final JSON.'},"November 3, 1930","{'answer_em': 0.0, 'answer_f1': 0.0, 'answer_precision': 0.0, 'answer_recall': 0.0, 'support_f1': 0.0, 'support_precision': 0.0, 'support_recall': 0.0, 'error': 1}"
2hop__576118_25719,At the end of which year did tribes from the area where Linear Pottery culture was found invade the Roman Empire?,{'answer': 'Error: Failed to parse final JSON.'},406,"{'answer_em': 0.0, 'answer_f1': 0.0, 'answer_precision': 0.0, 'answer_recall': 0.0, 'support_f1': 0.0, 'support_precision': 0.0, 'support_recall': 0.0, 'error': 1}"
3hop1__358853_339990_54675,"What mountain can you see from Portland, in the state that Raven Creek is located in?",{'answer': 'Error: Failed to parse final JSON.'},Tualatin Mountains,"{'answer_em': 0.0, 'answer_f1': 0.0, 'answer_precision': 0.0, 'answer_recall': 0.0, 'support_f1': 0.0, 'support_precision': 0.0, 'support_recall': 0.0, 'error': 1}"
3hop1__186307_503371_21711,When was the Palau de la Generalitat constructed in the city where Martin from where Jaulin is located died?,{'answer': 'Error: Failed to parse final JSON.'},built in the 15th century,"{'answer_em': 0.0, 'answer_f1': 0.0, 'answer_precision': 0.0, 'answer_recall': 0.0, 'support_f1': 0.0, 'support_precision': 0.0, 'support_recall': 0.0, 'error': 1}"
3hop2__326964_846_7713,How long had the city where the Yongle Emperor greeted the Karmapa been the capitol city of Yaxing Coach's headquarters location?,{'answer': 'Error: Failed to parse final JSON.'},about 400 years,"{'answer_em': 0.0, 'answer_f1': 0.0, 'answer_precision': 0.0, 'answer_recall': 0.0, 'support_f1': 0.0, 'support_precision': 0.0, 'support_recall': 0.0, 'error': 1}"
4hop3__577443_88460_30152_20999,How were people from whom new coins were a proclamation of independence by the Somali Muslim Ajuran Empire expelled from the natural boundary between Thailand and Tham Pha's country?,{'answer': 'Error: Failed to parse final JSON.'},The dynasty regrouped and defeated the Portuguese,"{'answer_em': 0.0, 'answer_f1': 0.0, 'answer_precision': 0.0, 'answer_recall': 0.0, 'support_f1': 0.0, 'support_precision': 0.0, 'support_recall': 0.0, 'error': 1}"
3hop1__545624_2053_5289,"What UK label was bought by the company which, along with ABC and the network which broadcasted Here and Now, is the other major broadcaster based in NY?",{'answer': 'Error: Failed to parse final JSON.'},Oriole Records.,"{'answer_em': 0.0, 'answer_f1': 0.0, 'answer_precision': 0.0, 'answer_recall': 0.0, 'support_f1': 0.0, 'support_precision': 0.0, 'support_recall': 0.0, 'error': 1}"
2hop__252311_366220,Who founded the company that distributed the film UHF?,{'answer': 'Error: Failed to parse final JSON.'},Mike Medavoy,"{'answer_em': 0.0, 'answer_f1': 0.0, 'answer_precision': 0.0, 'answer_recall': 0.0, 'support_f1': 0.0, 'support_precision': 0.0, 'support_recall': 0.0, 'error': 1}"
3hop1__222497_309482_27537,Why did Roncalli leave the place where the composer of Al gran sole carico d'amore worked?,{'answer': 'Error: Failed to parse final JSON.'},for the conclave in Rome,"{'answer_em': 0.0, 'answer_f1': 0.0, 'answer_precision': 0.0, 'answer_recall': 0.0, 'support_f1': 0.0, 'support_precision': 0.0, 'support_recall': 0.0, 'error': 1}"
4hop1__93661_59747_211319_557671,Which county shares a border with the county where the most populous city in the state where season 8 of The Walking Dead was filmed is located?,"{'answer': 'Not explicitly stated in the provided context', 'supporting_facts': ['The Walking Dead is mostly filmed in Georgia.', 'The largest municipality by population in Georgia is Atlanta with 420,003 residents,']}",Presque Isle County,"{'answer_em': 0.0, 'answer_f1': 0.0, 'answer_precision': 0.0, 'answer_recall': 0.0, 'support_f1': 0.0, 'support_precision': 0.0, 'support_recall': 0.0, 'accuracy': 0.0}"
2hop__25344_88628,"In True Grit, who did the star play?",{'answer': 'Error: Failed to parse final JSON.'},U.S. Marshal Rooster Cogburn,"{'answer_em': 0.0, 'answer_f1': 0.0, 'answer_precision': 0.0, 'answer_recall': 0.0, 'support_f1': 0.0, 'support_precision': 0.0, 'support_recall': 0.0, 'error': 1}"
3hop2__222979_132477_40768,"When did the maker of the Acura RLX, the owner of Scion, and Nissan open US assembly plants?",{'answer': 'Error: Failed to parse final JSON.'},1981,"{'answer_em': 0.0, 'answer_f1': 0.0, 'answer_precision': 0.0, 'answer_recall': 0.0, 'support_f1': 0.0, 'support_precision': 0.0, 'support_recall': 0.0, 'error': 1}"
3hop1__572324_568433_51423,What is the name of the castle in the city where the headquarters of the production company of Care Bear: Journey to Joke-a-lot is located?,{'answer': 'Error: Failed to parse final JSON.'},Casa Loma,"{'answer_em': 0.0, 'answer_f1': 0.0, 'answer_precision': 0.0, 'answer_recall': 0.0, 'support_f1': 0.0, 'support_precision': 0.0, 'support_recall': 0.0, 'error': 1}"
3hop1__208108_547811_80702,What is the name of the famous bridge in the city where the composer of La Silvia was born?,{'answer': 'Error: Failed to parse final JSON.'},Rialto Bridge,"{'answer_em': 0.0, 'answer_f1': 0.0, 'answer_precision': 0.0, 'answer_recall': 0.0, 'support_f1': 0.0, 'support_precision': 0.0, 'support_recall': 0.0, 'error': 1}"
3hop1__324448_831637_91775,What does SEAL stand for in the military branch that operates USS Prevail?,{'answer': 'Error: Failed to parse final JSON.'},"Sea, Air, and Land","{'answer_em': 0.0, 'answer_f1': 0.0, 'answer_precision': 0.0, 'answer_recall': 0.0, 'support_f1': 0.0, 'support_precision': 0.0, 'support_recall': 0.0, 'error': 1}"
4hop2__5206_14670_8987_8529,"When was ""Slavs"" used in the national anthem of the country whose military having the Air Defense Artillery was unprepared for the invasion of the country conquered by the Pact?",{'answer': 'Error: Failed to parse final JSON.'},1943–1992,"{'answer_em': 0.0, 'answer_f1': 0.0, 'answer_precision': 0.0, 'answer_recall': 0.0, 'support_f1': 0.0, 'support_precision': 0.0, 'support_recall': 0.0, 'error': 1}"
3hop2__103889_30152_20999,How were the people that the Ajuran Empire declared independence from by minting coins expelled from Zaw Win Thet's country?,{'answer': 'Error: Failed to parse final JSON.'},The dynasty regrouped and defeated the Portuguese,"{'answer_em': 0.0, 'answer_f1': 0.0, 'answer_precision': 0.0, 'answer_recall': 0.0, 'support_f1': 0.0, 'support_precision': 0.0, 'support_recall': 0.0, 'error': 1}"
2hop__706038_14251,What line by a cast member of Birds of Feather is believed to have started the archie nickname?,{'answer': 'Error: Failed to parse final JSON.'},"""Archibald, certainly not!""","{'answer_em': 0.0, 'answer_f1': 0.0, 'answer_precision': 0.0, 'answer_recall': 0.0, 'support_f1': 0.0, 'support_precision': 0.0, 'support_recall': 0.0, 'error': 1}"
