item_id,question,prediction,ground_truth,metrics
2hop__44815_494136,Who is the spouse of the actor of Ethan in A Dog's Purpose?,"{'answer': 'Not specified in the context', 'supporting_facts': ['Dennis Quaid as Ethan Montgomery (adult) KJ Apa as teenage Ethan Montgomery Bryce Gheisar as eight - year old Ethan Montgomery', ""KJ Apa (born 17 June 1997) is a New Zealand actor. He is known for playing Kane Jenkins in the New Zealand prime - time soap opera Shortland Street. In 2016, he was cast as Archie Andrews in Riverdale after a four - month worldwide talent search. In 2015, he was cast as teenage Ethan Montgomery in A Dog's Purpose, released in 2017."", 'Flesh and Bone is a 1993 neo noir film drama written and directed by Steve Kloves that stars Meg Ryan, Dennis Quaid and James Caan.']}",Meg Ryan,"{'answer_em': 0.0, 'answer_f1': 0.0, 'answer_precision': 0.0, 'answer_recall': 0.0, 'support_f1': 0.0, 'support_precision': 0.0, 'support_recall': 0.0, 'accuracy': 0.0}"
2hop__640262_122868,What university did the author of 1967: The Last Good Year attend?,"{'answer': 'University of British Columbia', 'supporting_facts': ['Like his father, Pierre Berton worked in Klondike mining camps during his years as a history major at the University of British Columbia, where he also worked on the student paper ""The Ubyssey"".']}",University of British Columbia,"{'answer_em': 1.0, 'answer_f1': 1.0, 'answer_precision': 1.0, 'answer_recall': 1.0, 'support_f1': 0.0, 'support_precision': 0.0, 'support_recall': 0.0, 'accuracy': 1.0}"
2hop__370564_71701,What year did the japanese get to the current administrative territorial entity of the Century Lotus Stadium and the rest of the guangdong province?,"{'answer': 'By the end of November', 'supporting_facts': ['By October 21, the provincial capital of Guangzhou was under Japanese control.', 'By November 5, the IJA 5th Division had taken the city of Foshan.', 'By the end of November, the entire province was under Japanese control.', 'Century Lotus Stadium is a multi-purpose stadium in Foshan, China.']}",November 5,"{'answer_em': 0.0, 'answer_f1': 0.3333333333333333, 'answer_precision': 0.25, 'answer_recall': 0.5, 'support_f1': 0.0, 'support_precision': 0.0, 'support_recall': 0.0, 'accuracy': 0.3333333333333333}"
2hop__6827_79845,How many atms does the bank that bought FleetBoston Financial has are there?,"{'answer': '15,900', 'supporting_facts': ['In 2004, Bank of America announced it would purchase Boston - based bank FleetBoston Financial for $47 billion in cash and stock.', 'It has a retail banking footprint that serves approximately 46 million consumer and small business relationships at 4,600 banking centers and 15,900 automated teller machines (ATMs).']}","15,900","{'answer_em': 1.0, 'answer_f1': 1.0, 'answer_precision': 1.0, 'answer_recall': 1.0, 'support_f1': 0.0, 'support_precision': 0.0, 'support_recall': 0.0, 'accuracy': 1.0}"
3hop2__90098_156850_10557,"What was the form of the language that the last name Sylvester comes from, used in the era of Fastrada's spouse, later known as?","{'answer': 'Classical Latin', 'supporting_facts': [""Sylvester is a name derived from the Latin adjective silvestris meaning ``wooded ''or`` wild'', which derives from the noun silva meaning ``woodland ''. Classical Latin spells this with i."", 'By the reign of Charlemagne, the language had so diverged from the classical that it was later called Medieval Latin.', 'Fastrada became the third wife of Charlemagne, marrying him in October 783 at Worms, Germany, a few months after Queen Hildegard’s death.']}",Medieval Latin,"{'answer_em': 0.0, 'answer_f1': 0.5, 'answer_precision': 0.5, 'answer_recall': 0.5, 'support_f1': 0.0, 'support_precision': 0.0, 'support_recall': 0.0, 'accuracy': 0.5}"
2hop__488811_30110,What happened to the Curonians who lived in the area where Erich Zakowski was born?,"{'answer': 'The Curonians who remained behind were subsequently expelled by the Soviet Union, and many immigrated to West Germany in 1958.', 'supporting_facts': ['Erich Zakowski (born 25 November 1934 in East Prussia) is a German master mechanic, and the founder and longtime head of the Zakspeed racing team.', 'A similar fate befell the Curonians who lived in the area around the Curonian Lagoon.', 'Curonians that remained behind were subsequently expelled by the Soviet Union.', 'Because of this discrimination, many immigrated to West Germany in 1958, where the majority of Curonians now live.']}",expelled by the Soviet Union,"{'answer_em': 0.0, 'answer_f1': 0.3636363636363636, 'answer_precision': 0.2222222222222222, 'answer_recall': 1.0, 'support_f1': 0.0, 'support_precision': 0.0, 'support_recall': 0.0, 'accuracy': 0.3636363636363636}"
2hop__17827_54024,Which king sold part of the Crown Freehold and commissioned a bible translation?,"{'answer': 'James I', 'supporting_facts': ['Needing money, James I sold off part of the Crown freehold but retained part of the site on which he established a 4-acre (16,000 m2) mulberry garden for the production of silk.', ""In May 1601, King James VI of Scotland attended the General Assembly of the Church of Scotland at St Columba's Church in Burntisland, Fife, at which proposals were put forward for a new translation of the Bible into English."", 'Two years later, he ascended to the throne of England as King James I of England.']}",King James I of England,"{'answer_em': 0.0, 'answer_f1': 0.5714285714285715, 'answer_precision': 1.0, 'answer_recall': 0.4, 'support_f1': 0.0, 'support_precision': 0.0, 'support_recall': 0.0, 'accuracy': 0.5714285714285715}"
2hop__752214_639679,Who is the spouse of the author of Queen of the Elephants?,"{'answer': 'No information available in the context', 'supporting_facts': ['Queen of the Elephants is a book written by the conservationist and travel writer Mark Shand and the corresponding BBC documentary ""Queen of the Elephants"", based on the life of the first female mahout in recent times—Parbati Barua of Kaziranga.']}",Clio Goldsmith,"{'answer_em': 0.0, 'answer_f1': 0.0, 'answer_precision': 0.0, 'answer_recall': 0.0, 'support_f1': 0.0, 'support_precision': 0.0, 'support_recall': 0.0, 'accuracy': 0.0}"
2hop__810884_22402,How many students attend the university that Edith Humphrey was educated?,"{'answer': 'nearly 25,000', 'supporting_facts': ['Edith Ellen Humphrey (11 September 1875 – 25 February 1978) was a British inorganic chemist who carried out pioneering work in co-ordination chemistry at the University of Zurich under Alfred Werner.', 'The biggest university in Switzerland is the University of Zurich with nearly 25,000 students.']}","nearly 25,000","{'answer_em': 1.0, 'answer_f1': 1.0, 'answer_precision': 1.0, 'answer_recall': 1.0, 'support_f1': 0.0, 'support_precision': 0.0, 'support_recall': 0.0, 'accuracy': 1.0}"
4hop1__341777_508773_85832_745702,"Who was the child of the Italian navigator who sailed for England, and explored the eastern coast of the continent where the birthplace of Eduardo Cuervo is found?","{'answer': 'Sebastian Cabot', 'supporting_facts': ['Sebastian Cabot (Italian and , ; , ""Gaboto"" or ""Cabot""; 1474 – December 1557) was an Italian explorer, likely born in the Venetian Republic.', 'He was the son of Italian explorer John Cabot (Giovanni Caboto) and his Venetian wife Mattea.', 'John Cabot (Italian: Giovanni Caboto; c. 1450 -- c. 1500) was a Venetian navigator and explorer whose 1497 discovery of the coast of North America under the commission of Henry VII of England was the first European exploration of coastal North America since the Norse visits to Vinland in the eleventh century.', 'Eduardo Cuervo (born August 2, 1977 in Guadalajara, Jalisco) is a Mexican actor.']}",Sebastian Cabot,"{'answer_em': 1.0, 'answer_f1': 1.0, 'answer_precision': 1.0, 'answer_recall': 1.0, 'support_f1': 0.0, 'support_precision': 0.0, 'support_recall': 0.0, 'accuracy': 1.0}"
3hop2__132957_222979_40768,"When did Nissan, the Acura Legend maker and the Scion owner open US assembly plants?","{'answer': 'by the early 1980s', 'supporting_facts': [""By the early 1960s, the US had begun placing stiff import tariffs on certain vehicles. The so - called ``chicken tax ''of 1964 placed a 25% tax on imported light trucks. In response to the tariff, Toyota, Nissan Motor Co. and Honda Motor Co. began building plants in the US by the early 1980s."", 'A decade after the 1973 oil crisis, Honda, Toyota and Nissan, affected by the 1981 voluntary export restraints, opened US assembly plants and established their luxury divisions (Acura, Lexus and Infiniti, respectively) to distinguish themselves from their mass-market brands.', 'Scion is a discontinued marque of Toyota that started in 2003.']}",1981,"{'answer_em': 0.0, 'answer_f1': 0.0, 'answer_precision': 0.0, 'answer_recall': 0.0, 'support_f1': 0.0, 'support_precision': 0.0, 'support_recall': 0.0, 'accuracy': 0.0}"
2hop__62311_62279,When did Germany launch an air attack on the country the U.S. fought during the American Revolution?,"{'answer': 'There is no information about Germany launching an air attack on the country the U.S. fought during the American Revolution.', 'supporting_facts': ['The American Revolutionary War (1775 -- 1783), also known as the American War of Independence, was an 18th - century war between Great Britain and its Thirteen Colonies (allied with France) which declared independence as the United States of America.', 'Germany did not exist as a unified country until 1871, long after the American Revolution, and air attacks were not possible with the technology available at that time.']}",10 July -- 31 October 1940,"{'answer_em': 0.0, 'answer_f1': 0.0, 'answer_precision': 0.0, 'answer_recall': 0.0, 'support_f1': 0.0, 'support_precision': 0.0, 'support_recall': 0.0, 'accuracy': 0.0}"
3hop1__365934_87694_124169,What date did the Governor of the city where the basilica named after the same saint as the one that Mantua Cathedral is dedicated to end?,"{'answer': '22 February 2001', 'supporting_facts': ['Mantua Cathedral () in Mantua, Lombardy, northern Italy, is a Roman Catholic cathedral dedicated to Saint Peter.', 'The post of Governor of Vatican City ... was not mentioned in the Fundamental Law of Vatican City State issued by Pope John Paul II on 26 November 2000, which entered into force on 22 February 2001']}",1952,"{'answer_em': 0.0, 'answer_f1': 0.0, 'answer_precision': 0.0, 'answer_recall': 0.0, 'support_f1': 0.0, 'support_precision': 0.0, 'support_recall': 0.0, 'accuracy': 0.0}"
2hop__409166_152023,"What record label is responsible for the performer of ""Sanctuary""?","{'answer': 'Real World label', 'supporting_facts': [""Sanctuary is the twenty third studio album by American singer and harpist Charlie Musselwhite. It was released in 2004 on Peter Gabriel's Real World label, Musselwhite's debut release on this label.""]}",Kicking Mule Records,"{'answer_em': 0.0, 'answer_f1': 0.0, 'answer_precision': 0.0, 'answer_recall': 0.0, 'support_f1': 0.0, 'support_precision': 0.0, 'support_recall': 0.0, 'accuracy': 0.0}"
3hop1__857_846_7821,How many miles of highways are in the city where the Yongle emperor greeted the person to whom the edict was addressed?,"{'answer': '140 mi', 'supporting_facts': ['Inside the city of Nanjing, there are 230 km (140 mi) of highways, with a highway coverage density of 3.38 kilometres per hundred square kilometrs (5.44 mi/100 sq mi).', 'The Yongle Emperor came out of the palace in Nanjing to greet the Karmapa and did not require him to kowtow like a tributary vassal.']}",140 mi,"{'answer_em': 1.0, 'answer_f1': 1.0, 'answer_precision': 1.0, 'answer_recall': 1.0, 'support_f1': 0.0, 'support_precision': 0.0, 'support_recall': 0.0, 'accuracy': 1.0}"
3hop1__19768_19788_10117,"Widely practiced in the region having the second largest rain-forest in the world, how long ago did this religion arrive in Zhejiang?","{'answer': '400 years ago for Catholicism, 150 years ago for Protestantism, and 1,400 years ago for Islam', 'supporting_facts': ['The rain forest is the second largest on earth (with the Amazon being the largest).', 'Catholicism arrived 400 years ago in the province and Protestantism 150 years ago.', 'Islam arrived 1,400 years ago in Zhejiang.']}","1,400 years","{'answer_em': 0.0, 'answer_f1': 0.2222222222222222, 'answer_precision': 0.125, 'answer_recall': 1.0, 'support_f1': 0.0, 'support_precision': 0.0, 'support_recall': 0.0, 'accuracy': 0.2222222222222222}"
2hop__703767_37168,Where does the employer of Hasan Hanafi rank according to QS World University Rankings?,"{'answer': '551-600', 'supporting_facts': ['Hassan Hanafi (حسن حنفی) (born 1935 in Cairo, Egypt) is a professor and chairs the philosophy department at Cairo University.', 'Cairo University is ranked as 401-500 according to the Academic Ranking of World Universities (Shanghai Ranking) and 551-600 according to QS World University Rankings.']}",551-600,"{'answer_em': 1.0, 'answer_f1': 1.0, 'answer_precision': 1.0, 'answer_recall': 1.0, 'support_f1': 0.0, 'support_precision': 0.0, 'support_recall': 0.0, 'accuracy': 1.0}"
2hop__56851_343058,Who is the spouse of the actress who played the fairy god mother in Shrek 2?,"{'answer': 'Adrian Edmondson', 'supporting_facts': ['Jennifer Saunders recorded the song for the 2004 film Shrek 2.', ""Sometime after the first film, Shrek, Donkey and Fiona go to visit Fiona's parents (voiced by Andrews and Cleese), while Shrek and Donkey discover that a greedy Fairy God Mother (voiced by Saunders) is plotting to destroy Shrek and Fiona's marriage so Fiona can marry her son, Prince Charming (voiced by Everett)."", 'Mirrorball was a sitcom pilot in the United Kingdom directed by Adrian Edmondson and written by Jennifer Saunders.']}",Adrian Edmondson,"{'answer_em': 1.0, 'answer_f1': 1.0, 'answer_precision': 1.0, 'answer_recall': 1.0, 'support_f1': 0.0, 'support_precision': 0.0, 'support_recall': 0.0, 'accuracy': 1.0}"
3hop2__30152_105395_20999,"How were the people that the Somali Muslim Ajuran Empire made coins to proclaim independence from, expelled from the country where Star Cola is produced?","{'answer': 'The Portuguese were expelled during a dynasty regrouping in 1613.', 'supporting_facts': ['The Somali Muslim Ajuran Empire, allied with the Ottomans, defied the Portuguese economic monopoly in the Indian Ocean by employing a new coinage which followed the Ottoman pattern, thus proclaiming an attitude of economic independence in regard to the Portuguese.', 'The dynasty regrouped and defeated the Portuguese in 1613 and Siam in 1614.', 'Star Cola is a cola drink produced in Myanmar.']}",The dynasty regrouped and defeated the Portuguese,"{'answer_em': 0.0, 'answer_f1': 0.3076923076923077, 'answer_precision': 0.25, 'answer_recall': 0.4, 'support_f1': 0.0, 'support_precision': 0.0, 'support_recall': 0.0, 'accuracy': 0.3076923076923077}"
2hop__42747_83837,Who sings Home Alone Tonight with the singer of Light It Up?,"{'answer': 'Karen Fairchild', 'supporting_facts': ['Light It Up is a song by American country music artist Luke Bryan.', 'Home Alone Tonight is a song recorded by American country music artist Luke Bryan as a duet with Karen Fairchild of American country music group Little Big Town for his fifth studio album, Kill the Lights (2015).']}",Karen Fairchild,"{'answer_em': 1.0, 'answer_f1': 1.0, 'answer_precision': 1.0, 'answer_recall': 1.0, 'support_f1': 0.0, 'support_precision': 0.0, 'support_recall': 0.0, 'accuracy': 1.0}"
2hop__511176_22458,What does the acronym of the organization Danish Football Union is part of stand for?,"{'answer': 'UEFA', 'supporting_facts': ['The Denmark national futsal team is controlled by the Danish Football Association, the governing body for futsal in Denmark and represents the country in international futsal competitions, such as the FIFA Futsal World Cup and UEFA Futsal Championship.']}",International Federation of Association Football,"{'answer_em': 0.0, 'answer_f1': 0.0, 'answer_precision': 0.0, 'answer_recall': 0.0, 'support_f1': 0.0, 'support_precision': 0.0, 'support_recall': 0.0, 'accuracy': 0.0}"
2hop__83800_747874,Who's the sibling of the player who won the men's wimbledon championship 2016?,"{'answer': 'Jamie Murray', 'supporting_facts': ['Andy Murray and Jamie Murray were the defending champions but decided to participate at Basel instead.', ""The Gentlemen's Singles title was won by Andy Murray.""]}",Jamie Murray,"{'answer_em': 1.0, 'answer_f1': 1.0, 'answer_precision': 1.0, 'answer_recall': 1.0, 'support_f1': 0.0, 'support_precision': 0.0, 'support_recall': 0.0, 'accuracy': 1.0}"
2hop__83257_19033,Where did the inventor of the Money in the Bank ladder match win in 2008?,"{'answer': 'Not specified in the context', 'supporting_facts': ['The first match was contested in 2005 at WrestleMania 21, after being invented (in kayfabe) by Chris Jericho.', 'At the PPV, Kane won the SmackDown Money in the Bank match.', 'There is no information in the context about Chris Jericho participating in or winning a Money in the Bank ladder match in 2008.']}",Great American Bash,"{'answer_em': 0.0, 'answer_f1': 0.0, 'answer_precision': 0.0, 'answer_recall': 0.0, 'support_f1': 0.0, 'support_precision': 0.0, 'support_recall': 0.0, 'accuracy': 0.0}"
2hop__55966_162341,What kind of recognition did the actor who played the game maker in hunger games receive?,"{'answer': 'Academy Award nomination for Best Supporting Actor', 'supporting_facts': ['Philip Seymour Hoffman, ... Hoffman died in February 2014, making Mockingjay -- Part 2 his final film role.', 'Hoffman was nominated for an Academy Award for Best Supporting Actor.']}",nominated for an Academy Award for Best Supporting Actor,"{'answer_em': 0.0, 'answer_f1': 0.7999999999999999, 'answer_precision': 0.8571428571428571, 'answer_recall': 0.75, 'support_f1': 0.0, 'support_precision': 0.0, 'support_recall': 0.0, 'accuracy': 0.7999999999999999}"
2hop__754753_57816,What is the U.S. News ranking of the law school at Carlos Alvarez's employer?,"{'answer': '100', 'supporting_facts': ['Carlos Manuel Alvarez (born 1944) is an associate professor of educational leadership and policy studies at Florida International University who, along with his second wife Elsa, was charged in January 2006 with treason.', ""The 2017 U.S. News & World Report's ``Best Law School Rankings ''ranked the FIU College of Law at 100 in the United States.""]}",100,"{'answer_em': 1.0, 'answer_f1': 1.0, 'answer_precision': 1.0, 'answer_recall': 1.0, 'support_f1': 0.0, 'support_precision': 0.0, 'support_recall': 0.0, 'accuracy': 1.0}"
3hop1__127837_157828_239539,Where is the headquarters of the Radio Television of the country that has a co-official language in the language that Kuhinjica is in?,"{'answer': 'Pristina', 'supporting_facts': ['Kuhinjica (Serbian Cyrillic: Кухињица) is a popular culinary magazine in Serbia, published by Scorpion production.', 'Serbian (српски / srpski, pronounced [sr̩̂pskiː]) is the standardized variety of the Serbo-Croatian language mainly used by Serbs. It is the official language of Serbia, co-official in the territory of Kosovo, and one of the three official languages of Bosnia and Herzegovina.', 'Media in Pristina have followed all elections held in Kosova, especially a great impact was noted in Kosova local elections, 2013,where media dedicated most of their time in political debates,advertisements and political parties programs.']}",Pristina,"{'answer_em': 1.0, 'answer_f1': 1.0, 'answer_precision': 1.0, 'answer_recall': 1.0, 'support_f1': 0.0, 'support_precision': 0.0, 'support_recall': 0.0, 'accuracy': 1.0}"
3hop1__102461_24918_24991,What went down after the Soviet President visiting the the birth country of Andrey Dashkov while the protests were taking place departed from the Kremlin?,"{'answer': 'The Soviet flag was lowered for the last time, and the Russian tricolor was raised in its place, symbolically marking the end of the Soviet Union.', 'supporting_facts': ['On the night of December 25, 1991, at 7:32 p.m. Moscow time, after Gorbachev left the Kremlin, the Soviet flag was lowered for the last time, and the Russian tricolor was raised in its place, symbolically marking the end of the Soviet Union.', 'In late February, large public rallies took place in Kiev to protest the election laws, on the eve of the March 26 elections to the USSR Congress of People\'s Deputies, and to call for the resignation of the first secretary of the Communist Party of Ukraine, Volodymyr Scherbytsky, lampooned as ""the mastodon of stagnation."" The demonstrations coincided with a visit to Ukraine by Soviet President Gorbachev.']}",Soviet flag,"{'answer_em': 0.0, 'answer_f1': 0.17391304347826084, 'answer_precision': 0.09523809523809523, 'answer_recall': 1.0, 'support_f1': 0.0, 'support_precision': 0.0, 'support_recall': 0.0, 'accuracy': 0.17391304347826084}"
2hop__612719_6455,What was the resulting browser of the group that owns Mozilla Messaging?,"{'answer': 'Mozilla Thunderbird', 'supporting_facts': ['Mozilla Messaging (abbreviated MoMo) was a wholly owned, for-profit subsidiary of the non-profit Mozilla Foundation.', 'Its main focus was developing Mozilla Thunderbird, the e-mail client developed by the Mozilla Foundation.']}",Firefox,"{'answer_em': 0.0, 'answer_f1': 0.0, 'answer_precision': 0.0, 'answer_recall': 0.0, 'support_f1': 0.0, 'support_precision': 0.0, 'support_recall': 0.0, 'accuracy': 0.0}"
2hop__30905_189318,Where did the person who sponsored the resolution to reopen trade with Vietnam along with Kerry go to college?,"{'answer': 'United States Naval Academy', 'supporting_facts': ['In 1994 the Senate passed a resolution, sponsored by Kerry and fellow Vietnam veteran John McCain, that called for an end to the existing trade embargo against Vietnam; it was intended to pave the way for normalization.', 'The Code of Conduct and the Vietnam War is a report from an individual research project conducted by John McCain, Commander, United States Navy, at the National War College.']}",National War College,"{'answer_em': 0.0, 'answer_f1': 0.0, 'answer_precision': 0.0, 'answer_recall': 0.0, 'support_f1': 0.0, 'support_precision': 0.0, 'support_recall': 0.0, 'accuracy': 0.0}"
2hop__776377_857193,What is the mouth of watercourse for the body of water where Bartram's Covered Bridge is located?,"{'answer': 'Delaware River', 'supporting_facts': [""Bartram's Covered Bridge, a historic covered bridge built in 1860, uses a Burr Truss design and carried Goshen Road over Crum Creek on the border between Delaware County and Chester County, Pennsylvania."", 'Crum Creek (from the Dutch, meaning ""crooked creek"") is a creek in Delaware County and Chester County, Pennsylvania, flowing approximately , generally in a southward direction and draining into the Delaware River in Eddystone, Pennsylvania.']}",Delaware River,"{'answer_em': 1.0, 'answer_f1': 1.0, 'answer_precision': 1.0, 'answer_recall': 1.0, 'support_f1': 0.0, 'support_precision': 0.0, 'support_recall': 0.0, 'accuracy': 1.0}"
2hop__411091_625230,In which county is Mark Dismore's birthplace located?,"{'answer': 'Hancock County', 'supporting_facts': [""Mark Dismore (born October 12, 1956 in Greenfield, Indiana) is a former driver in the Indy Racing League and the 1990 Toyota Pacific champion as well as the winner of the 1993 24 Hours of Daytona with Dan Gurney's All American Racers in a Toyota GTP car with co-drivers Rocky Moran and P. J. Jones."", 'Greenfield is a city in and the county seat of Hancock County, Indiana, United States, and a part of the Indianapolis metropolitan area.']}",Hancock County,"{'answer_em': 1.0, 'answer_f1': 1.0, 'answer_precision': 1.0, 'answer_recall': 1.0, 'support_f1': 0.0, 'support_precision': 0.0, 'support_recall': 0.0, 'accuracy': 1.0}"
4hop2__160585_14670_8987_8529,"A country's military branch, which in the US contains the Air Defense Artillery, was unprepared for the invasion of Hana Mandlikova's birth country. When was the word ""Slavs"" used in the national anthem of the unprepared country?","{'answer': '1943-1992', 'supporting_facts': ['Several accomplished professional tennis players including Ivan Lendl, Jan Kodeš, Miloslav Mečíř, Hana Mandlíková, Martina Hingis, Martina Navratilova, Jana Novotna, Petra Kvitová and Daniela Hantuchová were born in Czechoslovakia.', ""The word 'Slavs' was used in the national anthem of the Slovak Republic (1939–1945), Yugoslavia (1943–1992) and the Federal Republic of Yugoslavia (1992–2003), later Serbia and Montenegro (2003–2006)."", ""The ROK Army defenders were relatively unprepared and ill-equipped. In South to the Naktong, North to the Yalu (1961), R.E. Appleman reports the ROK forces' low combat readiness as of 25 June 1950."", 'The army is also divided into major branches such as Air Defense Artillery, Infantry, Aviation, Signal Corps, Corps of Engineers, and Armor.']}",1943–1992,"{'answer_em': 0.0, 'answer_f1': 0.0, 'answer_precision': 0.0, 'answer_recall': 0.0, 'support_f1': 0.0, 'support_precision': 0.0, 'support_recall': 0.0, 'accuracy': 0.0}"
3hop1__28404_160713_77246,What is the meaning of the word that is also a majority religion in what became India when the country that disavowed the Taliban was created in the Arabic dictionary?,"{'answer': 'a large body of water', 'supporting_facts': [""The word Hindu is derived from the Indo - Aryan and Sanskrit word Sindhu, which means ``a large body of water '', covering`` river, ocean''."", 'Pakistan was also engaged in the War in North-West Pakistan (Waziristan War). Supported by U.S. intelligence, Pakistan was attempting to remove the Taliban insurgency and al-Qaeda element from the northern tribal areas.', 'The Arabic equivalent Al - Hind likewise referred to the country of India.']}",the country of India,"{'answer_em': 0.0, 'answer_f1': 0.28571428571428575, 'answer_precision': 0.25, 'answer_recall': 0.3333333333333333, 'support_f1': 0.0, 'support_precision': 0.0, 'support_recall': 0.0, 'accuracy': 0.28571428571428575}"
2hop__8496_21567,Who introduced a system of musical notation used during the 14th century in the place where there is no evidence of a Slavic settlement before c. 600 AD?,"{'answer': 'John Kukuzelis', 'supporting_facts': ['The earliest mentions of Slavic raids across the lower River Danube may be dated to the first half of the 6th century, yet no archaeological evidence of a Slavic settlement in the Balkans could be securely dated before c. 600 AD.', 'Prominent reformer of Orthodox Church music from the first half of 14th century was John Kukuzelis; he also introduced a system of notation widely used in the Balkans in the following centuries.']}",John Kukuzelis,"{'answer_em': 1.0, 'answer_f1': 1.0, 'answer_precision': 1.0, 'answer_recall': 1.0, 'support_f1': 0.0, 'support_precision': 0.0, 'support_recall': 0.0, 'accuracy': 1.0}"
2hop__70338_36240,"What specific part of the book where the quote ""by the skin of your teeth"" comes from document reference for Mary?","{'answer': 'Job 19:20', 'supporting_facts': [""In Job 19: 20, the King James Version of the Bible says, ``My bone cleaveth to my skin and to my flesh, and I am escaped with the skin of my teeth. ''"", ""In the Geneva Bible, the phrase is rendered as`` I have escaped with the skinne of my tethe.''""]}",Genesis 3:15,"{'answer_em': 0.0, 'answer_f1': 0.0, 'answer_precision': 0.0, 'answer_recall': 0.0, 'support_f1': 0.0, 'support_precision': 0.0, 'support_recall': 0.0, 'accuracy': 0.0}"
2hop__275891_55984,Who wrote the song The Story that is sung by the performer of Rhapsody Originals?,"{'answer': 'Phil Hanseroth', 'supporting_facts': ['The Story is a song released as a single by American folk rock singer Brandi Carlile, written by Phil Hanseroth, from her 2007 album The Story.', 'Rhapsody Originals is an exclusive EP by Brandi Carlile recorded in 2007 for Rhapsody featuring live version of four songs from her previous full-length album The Story.']}",Phil Hanseroth,"{'answer_em': 1.0, 'answer_f1': 1.0, 'answer_precision': 1.0, 'answer_recall': 1.0, 'support_f1': 0.0, 'support_precision': 0.0, 'support_recall': 0.0, 'accuracy': 1.0}"
3hop1__136129_87694_124169,What year did the Governor of the city where the basilica named after the same saint as the one that Mantua Cathedral is dedicated to die?,"{'answer': '1952', 'supporting_facts': ['The post of Governor of Vatican City (Governatore dello Stato della Città del Vaticano in Italian) was held by Marchese Camillo Serafini from the foundation of the state in 1929 until his death in 1952.']}",1952,"{'answer_em': 1.0, 'answer_f1': 1.0, 'answer_precision': 1.0, 'answer_recall': 1.0, 'support_f1': 0.0, 'support_precision': 0.0, 'support_recall': 0.0, 'accuracy': 1.0}"
4hop3__373866_5189_38229_86687,A group of nations of which the People's Socialist Republic of Albania was a member was controlled by one country. When did that country agree to a unified Germany inside of the organization Eisenhower would not discuss during the campaign?,"{'answer': '1990', 'supporting_facts': [""The USSR did not make such great demands, however, with Gorbachev stating in February 1990 that`` The Germans must decide for themselves what path they choose to follow''."", 'Eisenhower promised to maintain a strong commitment against Communism while avoiding the topic of NATO;', ""The Warsaw Treaty's organization was two-fold: the Political Consultative Committee handled political matters, and the Combined Command of Pact Armed Forces controlled the assigned multi-national forces, with headquarters in Warsaw, Poland. Furthermore, the Supreme Commander of the Unified Armed Forces of the Warsaw Treaty Organization which commands and controls all the military forces of the member countries was also a First Deputy Minister of Defense of the USSR"", ""The Warsaw Pact invasion of Czechoslovakia in August 1968. All member countries, with the exception of the Socialist Republic of Romania and the People's Republic of Albania participated in the invasion.""]}",May 1990,"{'answer_em': 0.0, 'answer_f1': 0.6666666666666666, 'answer_precision': 1.0, 'answer_recall': 0.5, 'support_f1': 0.0, 'support_precision': 0.0, 'support_recall': 0.0, 'accuracy': 0.6666666666666666}"
2hop__455158_247871,What county is the NRHEG High School located in?,"{'answer': 'Waseca County', 'supporting_facts': ['NRHEG High School is located in New Richland, Minnesota.', 'New Richland is a city in Waseca County, Minnesota, United States.']}",Waseca County,"{'answer_em': 1.0, 'answer_f1': 1.0, 'answer_precision': 1.0, 'answer_recall': 1.0, 'support_f1': 0.0, 'support_precision': 0.0, 'support_recall': 0.0, 'accuracy': 1.0}"
3hop1__131783_131926_13165,What treaty ceded territory to the US extending west to the body of water by the location of the Minikahda Club?,"{'answer': 'Louisiana Purchase', 'supporting_facts': ['The Minikahda Club is a golf club and course located in southwest Minneapolis, Minnesota, just west of Lake Calhoun.', ""Minneapolis lies on both banks of the Mississippi River, just north of the river's confluence with the Minnesota River"", 'The Louisiana Purchase ... included land from fifteen present U.S. states and two Canadian provinces']}",Treaty of Paris,"{'answer_em': 0.0, 'answer_f1': 0.0, 'answer_precision': 0.0, 'answer_recall': 0.0, 'support_f1': 0.0, 'support_precision': 0.0, 'support_recall': 0.0, 'accuracy': 0.0}"
2hop__123214_22402,How many students attend Daniel Thürer's university?,"{'answer': 'nearly 25,000', 'supporting_facts': ['Daniel Thürer (born 6 June 1945 in St. Gallen) is a Swiss jurist and professor emeritus of international, comparative constitutional and European law at the University of Zurich.', 'The biggest university in Switzerland is the University of Zurich with nearly 25,000 students.']}","nearly 25,000","{'answer_em': 1.0, 'answer_f1': 1.0, 'answer_precision': 1.0, 'answer_recall': 1.0, 'support_f1': 0.0, 'support_precision': 0.0, 'support_recall': 0.0, 'accuracy': 1.0}"
3hop1__358853_339990_15538,"When did the state, that contains the county where Raven Creek is located, reinstate the death penalty?","{'answer': 'The information is not available in the context for Pennsylvania, but Oregon reinstated the death penalty in 1984', 'supporting_facts': ['Raven Creek is a tributary of Fishing Creek in Columbia County, Pennsylvania, in the United States.', 'Oregon abolished the death penalty through an overwhelming majority in a 1964 public referendum but reinstated it in a 1984 joint death penalty/life imprisonment referendum by an even higher margin after a similar 1978 referendum succeeded but was not implemented due to judicial rulings.']}",1984,"{'answer_em': 0.0, 'answer_f1': 0.125, 'answer_precision': 0.06666666666666667, 'answer_recall': 1.0, 'support_f1': 0.0, 'support_precision': 0.0, 'support_recall': 0.0, 'accuracy': 0.125}"
2hop__552546_70131,Who constituted the free corps in the country that the Free State of Mecklenburg-Schwerin is located in?,"{'answer': 'World War I veterans', 'supporting_facts': ['In the aftermath of World War I and during the German Revolution of 1918 -- 19, Freikorps consisting largely of World War I veterans were raised as right - wing paramilitary militias, ostensibly to fight on behalf of the government against the Soviet - backed German Communists attempting to overthrow the Weimar Republic.', 'The Free State of Mecklenburg-Schwerin was a state in the Weimar Republic that was established in 1918 following the abdication of the Grand Duke of Mecklenburg-Schwerin following the German Revolution.']}",consisting largely of World War I veterans,"{'answer_em': 0.0, 'answer_f1': 0.7272727272727273, 'answer_precision': 1.0, 'answer_recall': 0.5714285714285714, 'support_f1': 0.0, 'support_precision': 0.0, 'support_recall': 0.0, 'accuracy': 0.7272727272727273}"
2hop__67956_463572,What record label does the artist who sang you belong to me belong to?,"{'answer': 'Epic Records', 'supporting_facts': ['“I Belong to Me” is a song by American recording artist Jessica Simpson from her fifth studio album, ""A Public Affair"".', 'It was released on September 26, 2006 by Epic Records, as the second single from the album.']}",MGM Records,"{'answer_em': 0.0, 'answer_f1': 0.5, 'answer_precision': 0.5, 'answer_recall': 0.5, 'support_f1': 0.0, 'support_precision': 0.0, 'support_recall': 0.0, 'accuracy': 0.5}"
2hop__418360_67370,When does real time with the author of The New New Rules start again in 2018,"{'answer': 'January 19, 2018', 'supporting_facts': ['The New New Rules: A Funny Look At How Everybody But Me Has Their Head Up Their Ass is a book by Bill Maher.', '16 TBA January 19, 2018 (2018 - 01 - 19) TBA']}","January 19, 2018","{'answer_em': 1.0, 'answer_f1': 1.0, 'answer_precision': 1.0, 'answer_recall': 1.0, 'support_f1': 0.0, 'support_precision': 0.0, 'support_recall': 0.0, 'accuracy': 1.0}"
2hop__73921_807969,The BBC Footballer of the Year is a member of which team?,"{'answer': 'No specific team mentioned', 'supporting_facts': ['BBC African Footballer of the Year Presented by BBC World Service First awarded 1992 Currently held by Mohamed Salah Television / radio coverage Network BBC']}",Egypt national football team,"{'answer_em': 0.0, 'answer_f1': 0.25, 'answer_precision': 0.25, 'answer_recall': 0.25, 'support_f1': 0.0, 'support_precision': 0.0, 'support_recall': 0.0, 'accuracy': 0.25}"
3hop1__139787_88110_77129,What was the first OS to support Hyper-V from the company the letters MS stands for in the network that broadcasts Buchanan & Press?,"{'answer': 'Windows Server 2008', 'supporting_facts': ['Buchanan & Press is an American debate show on MSNBC pairing former ""Crossfire"" hosts conservative Pat Buchanan and liberal Bill Press.', ""MSNBC is an American news cable and satellite television network that provides news coverage and political commentary from NBC News on current events. MSNBC and its website were founded in 1996 under a partnership between Microsoft and General Electric's NBC unit, hence the network's naming."", 'Microsoft Hyper - V, codenamed Viridian and formerly known as Windows Server Virtualization, is a native hypervisor; it can create virtual machines on x86 - 64 systems running Windows.', 'Windows Server 2012 has no support for Itanium - based computers, and has four editions. Various features were added or improved over Windows Server 2008 R2 (with many placing an emphasis on cloud computing), such as an updated version of Hyper - V, an IP address management role, a new version of Windows Task Manager, and ReFS, a new file system.']}",Windows 8,"{'answer_em': 0.0, 'answer_f1': 0.4, 'answer_precision': 0.3333333333333333, 'answer_recall': 0.5, 'support_f1': 0.0, 'support_precision': 0.0, 'support_recall': 0.0, 'accuracy': 0.4}"
2hop__141456_6455,What was the resulting browser for the company Mozilla Messaging is a part of?,"{'answer': 'Thunderbird', 'supporting_facts': ['Mozilla Messaging (abbreviated MoMo) was a wholly owned, for-profit subsidiary of the non-profit Mozilla Foundation.', 'Its main focus was developing Mozilla Thunderbird, the e-mail client developed by the Mozilla Foundation.']}",Firefox,"{'answer_em': 0.0, 'answer_f1': 0.0, 'answer_precision': 0.0, 'answer_recall': 0.0, 'support_f1': 0.0, 'support_precision': 0.0, 'support_recall': 0.0, 'accuracy': 0.0}"
3hop2__326964_7855_7713,How long had the city considered to be a place that is popular with tourists been the capital city of the location of the Yaxing Coach headquarters?,"{'answer': 'About 400 years from late Han to early Tang', 'supporting_facts': ['Yaxing Coach (Yangzhou Yaxing Motor Coach Co., Ltd) is a bus manufacturer based in Yangzhou, Jiangsu, China.', 'Nanjing was later the capital city of Danyang Prefecture, and had been the capital city of Yangzhou for about 400 years from late Han to early Tang.', 'Nanjing, as a popular tourist destination, hosts a series of government-organised events throughout the year.']}",about 400 years,"{'answer_em': 0.0, 'answer_f1': 0.5, 'answer_precision': 0.3333333333333333, 'answer_recall': 1.0, 'support_f1': 0.0, 'support_precision': 0.0, 'support_recall': 0.0, 'accuracy': 0.5}"
4hop1__436202_765799_282674_759393,What is the seat of the county sharing a border with the county in which J. P. Hayes was born?,"{'answer': 'Green Bay', 'supporting_facts': ['J. P. Hayes was born and raised in Appleton, Wisconsin.', 'Jerome Quinn served on the Brown County, Wisconsin Board of Supervisors', 'Pulaski High School is a public high school in Pulaski, Wisconsin, in Brown County, Wisconsin']}",Green Bay,"{'answer_em': 1.0, 'answer_f1': 1.0, 'answer_precision': 1.0, 'answer_recall': 1.0, 'support_f1': 0.0, 'support_precision': 0.0, 'support_recall': 0.0, 'accuracy': 1.0}"
3hop1__389069_132457_47686,"Where do greyhound buses depart from, in the city where the performer of Sleep Is the Enemy was formed?","{'answer': 'Toronto Coach Terminal', 'supporting_facts': ['Danko Jones is a Canadian rock trio from Toronto, Ontario.', 'Sleep Is The Enemy is the third studio album by Canadian rock band Danko Jones.', 'The Toronto Coach Terminal is the central bus station for inter-city services in Toronto, Ontario, Canada.', 'The TTC managed the station directly until July 8, 2012, when it was leased out in its entirety to bus lines Coach Canada and Greyhound Canada for $1.2 million annually.']}",Toronto Coach Terminal,"{'answer_em': 1.0, 'answer_f1': 1.0, 'answer_precision': 1.0, 'answer_recall': 1.0, 'support_f1': 0.0, 'support_precision': 0.0, 'support_recall': 0.0, 'accuracy': 1.0}"
2hop__90773_715759,What was the inventor of the atomic bomb trigger a participant in?,"{'answer': 'The Manhattan Project', 'supporting_facts': ['At Los Alamos, physicist Robert Serber proposed that instead of relying on spontaneous fission, the chain reaction inside the atomic bomb should be triggered by a neutron initiator.', 'John Ray Dunning (September 24, 1907 – August 25, 1975) was an American physicist who played key roles in the Manhattan Project that developed the first atomic bombs.', 'Robert Serber (March 14, 1909 – June 1, 1997) was an American physicist who participated in the Manhattan Project.']}",Manhattan Project,"{'answer_em': 1.0, 'answer_f1': 1.0, 'answer_precision': 1.0, 'answer_recall': 1.0, 'support_f1': 0.0, 'support_precision': 0.0, 'support_recall': 0.0, 'accuracy': 1.0}"
2hop__135652_669373,Who is the employer of the physicist who Mach number is named after?,"{'answer': ""None mentioned in the context for Ernst Mach's employer, but Ernst Mach was an employer of Vinko Dvořák"", 'supporting_facts': ['He studied mathematics and physics at the Charles University in Prague, and after graduating he became an assistant to professor Ernst Mach.']}",Charles University,"{'answer_em': 0.0, 'answer_f1': 0.0, 'answer_precision': 0.0, 'answer_recall': 0.0, 'support_f1': 0.0, 'support_precision': 0.0, 'support_recall': 0.0, 'accuracy': 0.0}"
2hop__6736_6733,To what division does the place where the most speakers are found belong?,"{'answer': 'Central Catalan', 'supporting_facts': ['Central Catalan is considered the standard pronunciation of the language and has the highest number of speakers.']}",Eastern block,"{'answer_em': 0.0, 'answer_f1': 0.0, 'answer_precision': 0.0, 'answer_recall': 0.0, 'support_f1': 0.0, 'support_precision': 0.0, 'support_recall': 0.0, 'accuracy': 0.0}"
4hop1__58323_375563_161848_83118,When does daylight savings end in the country near the country where the author of The Book Thief is from?,"{'answer': 'The first Sunday in April', 'supporting_facts': ['The Book Thief is a 2005 novel by Markus Zusak and adapted by Michael Petroni.', ""Markus Zusak is implied to be Australian as The Messenger is a 2002 Novel by Markus Zusak, and winner of the 2003 Children's Book Council of Australia Book of the Year Award."", 'A country near Australia is New Zealand.', 'During summer months -- from the last Sunday in September until the first Sunday in April -- daylight saving time is observed and clocks are advanced one hour.']}",the first Sunday in April,"{'answer_em': 1.0, 'answer_f1': 1.0, 'answer_precision': 1.0, 'answer_recall': 1.0, 'support_f1': 0.0, 'support_precision': 0.0, 'support_recall': 0.0, 'accuracy': 1.0}"
4hop3__524186_219173_862998_72134,When did the city where Hillcrest High School is located become capitol of the state where the screenwriter of The Poor Boob was born?,"{'answer': '1839', 'supporting_facts': ['Hillcrest High School is a high school located at 3319 N. Grant Avenue in Springfield, Missouri.', 'Margaret Mayo, born Lillian Elizabeth Slatten (November 19, 1882 in Brownsville, Illinois – February 25, 1951), was an American actress, playwright and screenwriter.', 'The Poor Boob is a lost 1919 American silent comedy film directed by Donald Crisp and written by Margaret Mayo, Z. Wall Covington and Gardner Hunting.', 'Springfield became the third and current capital of Illinois in 1839.']}",1839,"{'answer_em': 1.0, 'answer_f1': 1.0, 'answer_precision': 1.0, 'answer_recall': 1.0, 'support_f1': 0.0, 'support_precision': 0.0, 'support_recall': 0.0, 'accuracy': 1.0}"
3hop1__354480_834494_34109,What is the administrative territorial entity that contains the location of Eric Marcus Municipal Airport PBS station?,"{'answer': 'Pima County', 'supporting_facts': ['Eric Marcus Municipal Airport is a county-owned, public-use airport in Pima County, Arizona, United States.', 'Pima County Natural Resources, Parks and Recreation is the agency within Pima County, Arizona that manages the natural resources, parks, and recreation offerings within Pima County including Tucson, AZ.']}",KUAT-TV 6,"{'answer_em': 0.0, 'answer_f1': 0.0, 'answer_precision': 0.0, 'answer_recall': 0.0, 'support_f1': 0.0, 'support_precision': 0.0, 'support_recall': 0.0, 'accuracy': 0.0}"
2hop__354635_174222,What company succeeded the owner of Empire Sports Network?,"{'answer': 'Windjammer Communications and Time Warner Cable', 'supporting_facts': ['Windjammer Cable is a small cable company formed by the sale of 25 systems that served 80,000 customers in rural areas that Time Warner Cable acquired from the bankrupt Adelphia.', 'Empire Sports Network was an American regional sports network that was owned by the Adelphia Communications Corporation.']}",Time Warner Cable,"{'answer_em': 0.0, 'answer_f1': 0.6666666666666666, 'answer_precision': 0.5, 'answer_recall': 1.0, 'support_f1': 0.0, 'support_precision': 0.0, 'support_recall': 0.0, 'accuracy': 0.6666666666666666}"
4hop3__678814_466199_695123_72134,When did the town WIZE is licensed in become capitol of the state where Stoney Creek Township is located?,"{'answer': '1839', 'supporting_facts': ['WIZE (1340 AM) — branded WIZE AM 1340 — is a commercial radio station in Springfield, Ohio owned by iHeartMedia, Inc. as part of their Dayton cluster.', 'Springfield became the third and current capital of Illinois in 1839.', 'Stoney Creek Township is one of thirteen townships in Henry County, Indiana, United States. As of the 2010 census, its population was 817 and it contained 348 housing units.', 'Springfield, Illinois']}",1839,"{'answer_em': 1.0, 'answer_f1': 1.0, 'answer_precision': 1.0, 'answer_recall': 1.0, 'support_f1': 0.0, 'support_precision': 0.0, 'support_recall': 0.0, 'accuracy': 1.0}"
2hop__83405_158262,When did the president of the Confederate States of America end his fight in the Mexican-American war?,"{'answer': 'The context does not specify when the president of the Confederate States of America ended his fight in the Mexican-American war, but it does mention that Jefferson Davis, who later became the president of the Confederate States of America, fought in the Mexican-American War (1846-1848) as the colonel of a volunteer regiment.', 'supporting_facts': ['Jefferson Davis fought in the Mexican–American War (1846–1848), as the colonel of a volunteer regiment.', 'The Treaty of Guadalupe Hidalgo, which ended the Mexican -- American War (1846 -- 48), was signed on February 2, 1848, and came into force on July 4, 1848.']}",1848,"{'answer_em': 0.0, 'answer_f1': 0.0, 'answer_precision': 0.0, 'answer_recall': 0.0, 'support_f1': 0.0, 'support_precision': 0.0, 'support_recall': 0.0, 'accuracy': 0.0}"
2hop__60001_512508,What did the person who discovered that all atoms of an element have the same number of protons participate in?,"{'answer': 'The Tube Alloys project and the Manhattan Project', 'supporting_facts': ['During the Second World War, Chadwick carried out research as part of the Tube Alloys project to build an atomic bomb, while his Manchester lab and environs were harassed by Luftwaffe bombing.', 'When the Quebec Agreement merged his project with the American Manhattan Project, he became part of the British Mission, and worked at the Los Alamos Laboratory and in Washington, D.C.', ""All consideration of nuclear electrons ended with James Chadwick's discovery of the neutron in 1932. An atom of gold now was seen as containing 118 neutrons rather than 118 nuclear electrons, and its positive charge now was realized to come entirely from a content of 79 protons. After 1932, therefore, an element's atomic number Z was also realized to be identical to the proton number of its nuclei.""]}",Manhattan Project,"{'answer_em': 0.0, 'answer_f1': 0.5, 'answer_precision': 0.3333333333333333, 'answer_recall': 1.0, 'support_f1': 0.0, 'support_precision': 0.0, 'support_recall': 0.0, 'accuracy': 0.5}"
2hop__403712_793210,"Who is the father of Edward Baring, 1st Baron Revelstoke's father?","{'answer': 'Henry Baring', 'supporting_facts': ['Thomas Baring, known as ""Tom"", was the tenth child (fifth of second marriage) of Henry Baring of Cromer Hall, and younger full brother of Edward Baring, 1st Baron Revelstoke.']}","Sir Francis Baring, 1st Baronet","{'answer_em': 0.0, 'answer_f1': 0.28571428571428575, 'answer_precision': 0.5, 'answer_recall': 0.2, 'support_f1': 0.0, 'support_precision': 0.0, 'support_recall': 0.0, 'accuracy': 0.28571428571428575}"
3hop1__409517_547811_80702,What is the name of the famous bridge in the birth city of the composer of Scanderbeg?,"{'answer': 'Rialto Bridge', 'supporting_facts': ['Scanderbeg (; RV 732) is an opera (""dramma per musica"") in three acts composed by Antonio Vivaldi to an Italian libretto by Antonio Salvi.', 'The Rialto Bridge (Italian: Ponte di Rialto; Venetian: Ponte de Rialto) is the oldest of the four bridges spanning the Grand Canal in Venice, Italy.', ""Orlando furioso RV 819 (, Teatro San Angelo, Venice 1714) is a three-act opera surviving in manuscript in Antonio Vivaldi's personal library, only partly related to his better known Orlando furioso (RV 728) of 1727.""]}",Rialto Bridge,"{'answer_em': 1.0, 'answer_f1': 1.0, 'answer_precision': 1.0, 'answer_recall': 1.0, 'support_f1': 0.0, 'support_precision': 0.0, 'support_recall': 0.0, 'accuracy': 1.0}"
4hop1__433767_32392_823060_610794,In what county is located the city that shares a border with the capital of the state where Mike Dow was born?,"{'answer': 'Richland County', 'supporting_facts': ['Mike Dow was born in South Carolina and was raised as a foster child.', 'Forest Acres is a city in Richland County, South Carolina, United States.', 'Although the city lost the status of state capital to Columbia in 1786, Charleston became even more prosperous in the plantation-dominated economy of the post-Revolutionary years.', 'It is part of the Columbia, South Carolina, Metropolitan Statistical Area.']}",Richland County,"{'answer_em': 1.0, 'answer_f1': 1.0, 'answer_precision': 1.0, 'answer_recall': 1.0, 'support_f1': 0.0, 'support_precision': 0.0, 'support_recall': 0.0, 'accuracy': 1.0}"
4hop2__567956_39078_8987_8974,Normalization occurred in Country A that invaded Country B because the military branch was unprepared. Country B was the only communist country to have an embassy where?,"{'answer': 'Paraguay', 'supporting_facts': [""Yugoslavia was the only communist country allowed to have an embassy in Alfredo Stroessner's Paraguay."", 'Because of its neutrality, Yugoslavia would often be rare among Communist countries to have diplomatic relations with right-wing, anti-Communist governments.', 'In April 1969, Tito removed generals Ivan Gošnjak and Rade Hamović in the aftermath of the invasion of Czechoslovakia due to the unpreparedness of the Yugoslav army to respond to a similar invasion of Yugoslavia.', 'Prague underground was an underground culture developed in Prague, Czechoslovakia in the late 1960s and 1970s during the Normalization period.']}",Alfredo Stroessner's Paraguay,"{'answer_em': 0.0, 'answer_f1': 0.5, 'answer_precision': 1.0, 'answer_recall': 0.3333333333333333, 'support_f1': 0.0, 'support_precision': 0.0, 'support_recall': 0.0, 'accuracy': 0.5}"
2hop__689472_52835,Who wrote the song turn me on that is performed by performer of Feelin' the Same Way?,"{'answer': 'John D. Loudermilk', 'supporting_facts': [""Turn Me On ''Single by Norah Jones from the album First Sessions / Come Away with Me Released 2003 Format CD single Recorded 2002 Genre Jazz, pop Length 2: 34 Label Blue Note Songwriter (s) John D. Loudermilk Producer (s) Lee Alexander, Norah Jones"", 'Feelin\' the Same Way is a name of a song by Norah Jones released on her debut album ""Come Away with Me"".']}",John D. Loudermilk,"{'answer_em': 1.0, 'answer_f1': 1.0, 'answer_precision': 1.0, 'answer_recall': 1.0, 'support_f1': 0.0, 'support_precision': 0.0, 'support_recall': 0.0, 'accuracy': 1.0}"
2hop__820739_250752,Who is the sibling of the screenwriter of War of the Coprophages?,"{'answer': 'Glen Morgan', 'supporting_facts': ['""War of the Coprophages"" was Darin Morgan\'s third episode, after the second-season episode ""Humbug"" and season three\'s ""Clyde Bruckman\'s Final Repose"".', 'The episode\'s title is a reference to the famous novel ""The War of the Worlds"" by H.G. Wells, as well as its 1938 radio adaptation by Orson Welles.', 'The character Dr. Berenbaum is named for entomologist May Berenbaum.', '""Blood"" was inspired by writer Glen Morgan\'s own hematophobia as well as controversy over malathion spraying in Southern California.']}",Glen Morgan,"{'answer_em': 1.0, 'answer_f1': 1.0, 'answer_precision': 1.0, 'answer_recall': 1.0, 'support_f1': 0.0, 'support_precision': 0.0, 'support_recall': 0.0, 'accuracy': 1.0}"
2hop__21104_16254,"By 1931, what percentage of the world's Jews were the group that represents at least 70% of Jews worldwide?","{'answer': '92 percent', 'supporting_facts': [""It is estimated that in the 11th century Ashkenazi Jews composed only three percent of the world's Jewish population, while at their peak in 1931 they accounted for 92 percent of the world's Jews."", 'Ashkenazi Jews represent the bulk of modern Jewry, with at least 70% of Jews worldwide (and up to 90% prior to World War II and the Holocaust).']}",92 percent,"{'answer_em': 1.0, 'answer_f1': 1.0, 'answer_precision': 1.0, 'answer_recall': 1.0, 'support_f1': 0.0, 'support_precision': 0.0, 'support_recall': 0.0, 'accuracy': 1.0}"
4hop1__726391_153080_33952_34053,What was the wettest year in the second largest city of the state where the Oh Yeah performer is from?,"{'answer': '1905', 'supporting_facts': ['Oh Yeah is a 1962 album by jazz musician Charles Mingus.', 'Charles Mingus was born in Nogales, Arizona.', ""Tucson is located 118 mi (190 km) southeast of Phoenix and 60 mi (97 km) north of the United States - Mexico border. The 2010 United States Census puts the city's population at 520,116 with a metropolitan area population at 980,263. In 2009, Tucson ranked as the 32nd largest city and 52nd largest metropolitan area in the United States. A major city in the Arizona Sun Corridor, Tucson is the largest city in southern Arizona, the second largest in the state after Phoenix."", 'The wettest year was 1905 with 24.17 in (614 mm).']}",1905,"{'answer_em': 1.0, 'answer_f1': 1.0, 'answer_precision': 1.0, 'answer_recall': 1.0, 'support_f1': 0.0, 'support_precision': 0.0, 'support_recall': 0.0, 'accuracy': 1.0}"
2hop__374767_152023,What label is responsible for the performer of One Night in America?,"{'answer': 'Telarc', 'supporting_facts': [""One Night in America is the twenty first studio album by American blues singer and harmonica player Charlie Musselwhite. It was released in February 2002 on Telarc record label and it was Musselwhite's debut and only release on this label.""]}",Kicking Mule Records,"{'answer_em': 0.0, 'answer_f1': 0.0, 'answer_precision': 0.0, 'answer_recall': 0.0, 'support_f1': 0.0, 'support_precision': 0.0, 'support_recall': 0.0, 'accuracy': 0.0}"
4hop3__426860_88460_30152_20999,How were the same people who the Somali Muslim Ajuran Empire declared independence from expelled from the natural boundary between Thailand and the country where That Dam is found?,"{'answer': 'The Portuguese were expelled during the Christian Reconquista of the Iberian peninsula, but the natural boundary in question is between Thailand and Laos, where the Portuguese had no direct involvement in being expelled.', 'supporting_facts': ['The Somali Muslim Ajuran Empire, allied with the Ottomans, defied the Portuguese economic monopoly in the Indian Ocean by employing a new coinage which followed the Ottoman pattern, thus proclaiming an attitude of economic independence in regard to the Portuguese.', 'These Muslim peoples were eventually expelled during the Christian Reconquista of the peninsula.', 'Thailand is bordered to the north by Myanmar and Laos, to the east by Laos and Cambodia, to the south by the Gulf of Thailand and Malaysia, and to the west by the Andaman Sea and the southern extremity of Myanmar.', 'That Dam (Lao ທາດດຳ, meaning Black Stupa) is a large stupa located in Vientiane, Laos.', 'The land within the borders of current Portugal has been continuously settled and fought over since prehistoric times.']}",The dynasty regrouped and defeated the Portuguese,"{'answer_em': 0.0, 'answer_f1': 0.12121212121212122, 'answer_precision': 0.07142857142857142, 'answer_recall': 0.4, 'support_f1': 0.0, 'support_precision': 0.0, 'support_recall': 0.0, 'accuracy': 0.12121212121212122}"
3hop1__79462_91850_685675,What team is the person who hit the first home run at the new stadium where the american league Wildcard game will be played a member of?,"{'answer': 'New York Yankees', 'supporting_facts': ['The 2017 American League Wild Card Game ... Venue Yankee Stadium City The Bronx, New York', 'Jorge Posada hit the first Yankee home run in the new ballpark hitting his off Lee in the same game.', 'Before the official Opening Day against the Cleveland Indians on April 16, 2009, the Yankees hosted a two - game exhibition series at the stadium in early April against the Chicago Cubs.']}",New York Yankees,"{'answer_em': 1.0, 'answer_f1': 1.0, 'answer_precision': 1.0, 'answer_recall': 1.0, 'support_f1': 0.0, 'support_precision': 0.0, 'support_recall': 0.0, 'accuracy': 1.0}"
2hop__289517_139339,What was the cast member in After Hours nominated for?,"{'answer': 'Griffin Dunne', 'supporting_facts': ['After Hours is a 1985 American black comedy film directed by Martin Scorsese, written by Joseph Minion, and starring Griffin Dunne with an ensemble cast.', 'In 1995, Griffin Dunne was nominated for an Academy Award for Best Live Action Short Film for ""Duke of Groove"", which he directed and co-wrote.']}",Academy Award for Best Live Action Short Film,"{'answer_em': 0.0, 'answer_f1': 0.0, 'answer_precision': 0.0, 'answer_recall': 0.0, 'support_f1': 0.0, 'support_precision': 0.0, 'support_recall': 0.0, 'accuracy': 0.0}"
4hop1__129721_32392_823060_610794,What county is the city that shares a border with the state capital of the state where Zubly Cemetery is located in?,"{'answer': 'Richland County', 'supporting_facts': ['Zubly Cemetery near Beech Island, South Carolina, which is a small community in Aiken County, South Carolina was established around 1790 by Swiss settlers of the nearby New Windsor Township.', 'Forest Acres is a city in Richland County, South Carolina, United States.', 'It is part of the Columbia, South Carolina, Metropolitan Statistical Area.']}",Richland County,"{'answer_em': 1.0, 'answer_f1': 1.0, 'answer_precision': 1.0, 'answer_recall': 1.0, 'support_f1': 0.0, 'support_precision': 0.0, 'support_recall': 0.0, 'accuracy': 1.0}"
2hop__142842_68489,Who did the performer of Night Rocker play on Young and Restless?,"{'answer': 'Snapper Foster', 'supporting_facts': ['Night Rocker is the debut studio album by the American actor David Hasselhoff.', ""Snapper Foster is a fictional character on the CBS daytime soap opera The Young and the Restless. An original character since the show's inception, the role was played by William Gray Espy from March 26, 1973 to July 1975, and David Hasselhoff from 1975 to May 1982.""]}",Snapper Foster,"{'answer_em': 1.0, 'answer_f1': 1.0, 'answer_precision': 1.0, 'answer_recall': 1.0, 'support_f1': 0.0, 'support_precision': 0.0, 'support_recall': 0.0, 'accuracy': 1.0}"
2hop__80546_75184,Who played the girlfriend of the actor who played Marlene McFly in Back to the Future?,"{'answer': 'Jennifer Parker', 'supporting_facts': [""Marty (Jr.) and Marlene McFly (both portrayed by Michael J. Fox) are Marty McFly and Jennifer Parker's future fraternal twin son and daughter in Part II."", 'The character was played by Claudia Wells in Back to the Future. However, Wells was not available to film the sequels for personal reasons, and the role was recast to Elisabeth Shue although Wells reprised her role as Jennifer in Back to the Future: The Game as a punk rock version of her character.']}",Claudia Wells,"{'answer_em': 0.0, 'answer_f1': 0.0, 'answer_precision': 0.0, 'answer_recall': 0.0, 'support_f1': 0.0, 'support_precision': 0.0, 'support_recall': 0.0, 'accuracy': 0.0}"
2hop__323534_810083,Where was the author of Marcinkus born?,"{'answer': 'United States', 'supporting_facts': ['Tom Flannery (born July 12, 1966) is an American singer-songwriter and playwright from Scranton, Pennsylvania, United States.', 'Marcinkus is a one-man play, by American author Tom Flannery based on the life of Roman Catholic Archbishop Paul Marcinkus.']}",Scranton,"{'answer_em': 0.0, 'answer_f1': 0.0, 'answer_precision': 0.0, 'answer_recall': 0.0, 'support_f1': 0.0, 'support_precision': 0.0, 'support_recall': 0.0, 'accuracy': 0.0}"
2hop__829474_123956,On what date was the battle where Muhammad Shobran was born?,"{'answer': ""No specific battle is mentioned on the date of Muhammad Shobran's birth."", 'supporting_facts': ['Muhammad Shobran (born July 6, 1983 in Palembang, South Sumatra) is an Indonesian footballer that currently plays for Sriwijaya in the Indonesia Super League.', 'The Battle of Palembang was a battle of the Pacific theatre of World War II. It occurred near Palembang, on Sumatra, on 13–15 February 1942.']}",15 February 1942,"{'answer_em': 0.0, 'answer_f1': 0.0, 'answer_precision': 0.0, 'answer_recall': 0.0, 'support_f1': 0.0, 'support_precision': 0.0, 'support_recall': 0.0, 'accuracy': 0.0}"
4hop1__94201_642284_131926_90707,Where does the river by the city where the Southeast Library designer died and the Ohio River meet?,"{'answer': 'Cairo, Illinois', 'supporting_facts': ['The river then follows a roughly southwest and then west - northwest course until Cincinnati, before bending to a west - southwest course for most of its length. The course forms the northern borders of West Virginia and Kentucky; and the southern borders of Ohio, Indiana and Illinois, until it joins the Mississippi River at the city of Cairo, Illinois.', ""Minneapolis lies on both banks of the Mississippi River, just north of the river's confluence with the Minnesota River, and adjoins Saint Paul, the state's capital."", ""Southeast Library's building was designed by master architect Ralph Rapson and originally functioned as a credit union for university and state employees."", 'Riverside Plaza is a modernist and brutalist apartment complex designed by Ralph Rapson that opened in Minneapolis, Minnesota in 1973.']}","at the city of Cairo, Illinois","{'answer_em': 0.0, 'answer_f1': 0.5714285714285715, 'answer_precision': 1.0, 'answer_recall': 0.4, 'support_f1': 0.0, 'support_precision': 0.0, 'support_recall': 0.0, 'accuracy': 0.5714285714285715}"
4hop1__629520_49925_13759_736921,In what region of Germany is the district where a sermon on Marian devotion was preached by the man who wanted to reform the religion of Victor Razafimahatratra?,"{'answer': 'Saxony-Anhalt', 'supporting_facts': ['Wittenberg is a district () in the east of Saxony-Anhalt, Germany.', 'His final thoughts on Marian devotion and veneration are preserved in a sermon preached at Wittenberg only a month before his death:', 'Victor Razafimahatratra, SJ (8 September 1921 – 6 October 1993) was a Malagasy Cardinal of the Roman Catholic Church.']}",Saxony-Anhalt,"{'answer_em': 1.0, 'answer_f1': 1.0, 'answer_precision': 1.0, 'answer_recall': 1.0, 'support_f1': 0.0, 'support_precision': 0.0, 'support_recall': 0.0, 'accuracy': 1.0}"
3hop1__540585_568433_47686,Where do greyhound buses leave from in the location of the headquarters of the production company of Miss Spider's Sunny Patch Kids?,"{'answer': 'Toronto Coach Terminal', 'supporting_facts': [""Miss Spider's Sunny Patch Kids is a Canadian-British children's television series based on the children's books by David Kirk."", 'The series originally aired on Teletoon in Canada and Nickelodeon in the United States.', 'The Toronto Coach Terminal is the central bus station for inter-city services in Toronto, Ontario, Canada.', 'The TTC managed the station directly until July 8, 2012, when it was leased out in its entirety to bus lines Coach Canada and Greyhound Canada for $1.2 million annually.']}",Toronto Coach Terminal,"{'answer_em': 1.0, 'answer_f1': 1.0, 'answer_precision': 1.0, 'answer_recall': 1.0, 'support_f1': 0.0, 'support_precision': 0.0, 'support_recall': 0.0, 'accuracy': 1.0}"
2hop__56307_604644,"What is the record label of the Hey Now, You're A Rockstar singer?","{'answer': 'Unknown', 'supporting_facts': []}",429 Records,"{'answer_em': 0.0, 'answer_f1': 0.0, 'answer_precision': 0.0, 'answer_recall': 0.0, 'support_f1': 0.0, 'support_precision': 0.0, 'support_recall': 0.0, 'accuracy': 0.0}"
2hop__507528_139339,What was the director of Lisa Picard is Famous nominated for?,"{'answer': 'an Academy Award for Best Live Action Short Film', 'supporting_facts': [""In 1995, Griffin Dunne was nominated for an Academy Award for Best Live Action Short Film for 'Duke of Groove', which he directed and co-wrote."", 'Lisa Picard is Famous, also known as Famous, is a 2000 comedy-drama film directed by Griffin Dunne and written by Nat DeWolf & Laura Kirk.']}",Academy Award for Best Live Action Short Film,"{'answer_em': 1.0, 'answer_f1': 1.0, 'answer_precision': 1.0, 'answer_recall': 1.0, 'support_f1': 0.0, 'support_precision': 0.0, 'support_recall': 0.0, 'accuracy': 1.0}"
2hop__44259_747874,Who is the sibling of the player who won the 2012 U.S. Open Men's Singles final?,"{'answer': 'Jamie Murray', 'supporting_facts': ['Andy Murray and Jamie Murray were the defending champions but decided to participate at Basel instead.', 'In the final, Andy Murray defeated defending champion Novak Djokovic 7 -- 6, 7 -- 5, 2 -- 6, 3 -- 6, 6 -- 2 to win the match.']}",Jamie Murray,"{'answer_em': 1.0, 'answer_f1': 1.0, 'answer_precision': 1.0, 'answer_recall': 1.0, 'support_f1': 0.0, 'support_precision': 0.0, 'support_recall': 0.0, 'accuracy': 1.0}"
2hop__428940_135373,After what is the body of water Partridge Lake is part of named?,"{'answer': 'the Bering Sea drainage basin', 'supporting_facts': ['Partridge Lake is a lake in the Yukon and British Columbia, Canada that is part of the Bering Sea drainage basin.']}",Vitus Bering,"{'answer_em': 0.0, 'answer_f1': 0.3333333333333333, 'answer_precision': 0.25, 'answer_recall': 0.5, 'support_f1': 0.0, 'support_precision': 0.0, 'support_recall': 0.0, 'accuracy': 0.3333333333333333}"
3hop1__147225_30587_83479,What was Germany's goal in the Battle of the ocean adjacent to the city Herbert Saffir died in?,"{'answer': 'To prevent Britain from receiving supplies by attacking merchant ships', 'supporting_facts': ['On 21 November 2007 Herbert Saffir died of a heart attack at South Miami Hospital in Miami according to his son, Richard Saffir.', 'As an island nation, the United Kingdom was highly dependent on imported goods.', 'In essence, the Battle of the Atlantic was a tonnage war: the Allied struggle to supply Britain and the Axis attempt to stem the flow of merchant shipping that enabled Britain to keep fighting.', 'From 1942 onwards, the Axis also sought to prevent the build - up of Allied supplies and equipment in the British Isles in preparation for the invasion of occupied Europe.']}",to stem the flow of merchant shipping that enabled Britain to keep fighting,"{'answer_em': 0.0, 'answer_f1': 0.2727272727272727, 'answer_precision': 0.3, 'answer_recall': 0.25, 'support_f1': 0.0, 'support_precision': 0.0, 'support_recall': 0.0, 'accuracy': 0.2727272727272727}"
2hop__642686_7292,"Along with Kenny G and the performer of Hello Tomorrow, what artist was featured on Smooth Jazz Stations?","{'answer': 'George Benson', 'supporting_facts': ['For many years, artists like George Benson, Kenny G and Dave Koz had crossover hits that were played on both smooth jazz and soft AC stations.', 'Hello Tomorrow is the ninth studio album by saxophone player Dave Koz.']}",George Benson,"{'answer_em': 1.0, 'answer_f1': 1.0, 'answer_precision': 1.0, 'answer_recall': 1.0, 'support_f1': 0.0, 'support_precision': 0.0, 'support_recall': 0.0, 'accuracy': 1.0}"
3hop1__107540_720914_27537,Why did Roncalli leave the place of death of the maker of The Gozzi Altarpiece?,"{'answer': 'There is no information about Roncalli being at the place of death of the maker of The Gozzi Altarpiece.', 'supporting_facts': ['The Gozzi Altarpiece is an oil painting by the Italian Renaissance master Titian, dating from 1520.', 'It is located in the Pinacoteca civica Francesco Podesti in Ancona, central Italy.', 'Following the death of Pope Pius XII on 9 October 1958, Roncalli watched the live funeral on his last full day in Venice on 11 October.', 'Roncalli left Venice for the conclave in Rome well aware that he was papabile,[b] and after eleven ballots, was elected to succeed the late Pius XII, so it came as no surprise to him, though he had arrived at the Vatican with a return train ticket to Venice.[citation needed]']}",for the conclave in Rome,"{'answer_em': 0.0, 'answer_f1': 0.0, 'answer_precision': 0.0, 'answer_recall': 0.0, 'support_f1': 0.0, 'support_precision': 0.0, 'support_recall': 0.0, 'accuracy': 0.0}"
3hop1__161433_33952_33939,"In 1900, what was the population of the second largest city, in the state that the cross-border transactions committee focuses on?","{'answer': '7,531', 'supporting_facts': ['The committee is focused on international real estate transactions between residents of Arizona and Mexico.', 'Tucson is the largest city in southern Arizona, the second largest in the state after Phoenix.', 'By 1900, 7,531 people lived in the city.']}","7,531","{'answer_em': 1.0, 'answer_f1': 1.0, 'answer_precision': 1.0, 'answer_recall': 1.0, 'support_f1': 0.0, 'support_precision': 0.0, 'support_recall': 0.0, 'accuracy': 1.0}"
2hop__71871_494136,Who is the spouse of the actor playing Bart's father in I can only imagine?,"{'answer': 'None', 'supporting_facts': ['The film stars J. Michael Finley as Bart Millard, the lead singer who wrote the song about his relationship with his father (Dennis Quaid).', ""Dennis Quaid is the actor playing Bart's father, but the text does not mention his spouse.""]}",Meg Ryan,"{'answer_em': 0.0, 'answer_f1': 0.0, 'answer_precision': 0.0, 'answer_recall': 0.0, 'support_f1': 0.0, 'support_precision': 0.0, 'support_recall': 0.0, 'accuracy': 0.0}"
4hop1__310029_153080_33897_81096,Who won the Indy car race in the largest populated city in the state where the Jazz Portraits: Mingus in Wonderland performer is from?,"{'answer': 'The question cannot be answered with the given information.', 'supporting_facts': ['Charles Mingus was born in Nogales, Arizona.', ""Arizona's largest populated city is Phoenix, which hosts the Desert Diamond West Valley Phoenix Grand Prix, an Indy car race."", 'The Desert Diamond West Valley Phoenix Grand Prix is an Indy car race, but the winner is not specified in the context.']}",Mario Andretti,"{'answer_em': 0.0, 'answer_f1': 0.0, 'answer_precision': 0.0, 'answer_recall': 0.0, 'support_f1': 0.0, 'support_precision': 0.0, 'support_recall': 0.0, 'accuracy': 0.0}"
2hop__620853_22458,What does the name of the organization the Haiti national football team belongs to stand for?,"{'answer': 'FIFA stands for International Federation of Association Football', 'supporting_facts': [""The headquarters of the sport's governing body, the International Federation of Association Football (FIFA), is located in Zürich.""]}",International Federation of Association Football,"{'answer_em': 0.0, 'answer_f1': 0.7692307692307693, 'answer_precision': 0.625, 'answer_recall': 1.0, 'support_f1': 0.0, 'support_precision': 0.0, 'support_recall': 0.0, 'accuracy': 0.7692307692307693}"
2hop__865828_377862,Which city is in the same county as Gmina Jordanow?,"{'answer': 'Jordanów', 'supporting_facts': ['Gmina Jordanów is a rural gmina (administrative district) in Sucha County, Lesser Poland Voivodeship, in southern Poland.', 'Its seat is the town of Jordanów, although the town is not part of the territory of the gmina.']}",Sucha Beskidzka,"{'answer_em': 0.0, 'answer_f1': 0.0, 'answer_precision': 0.0, 'answer_recall': 0.0, 'support_f1': 0.0, 'support_precision': 0.0, 'support_recall': 0.0, 'accuracy': 0.0}"
4hop3__630723_88460_30152_20999,How were people from whom new coins were a proclamation of independence by the Somali Muslim Ajuran Empire expelled from the natural boundary between Thailand and Phommathat's country of citizenship?,"{'answer': 'The context does not provide information on how the Portuguese were expelled from the natural boundary between Thailand and Laos.', 'supporting_facts': ['The Somali Muslim Ajuran Empire, allied with the Ottomans, defied the Portuguese economic monopoly in the Indian Ocean by employing a new coinage which followed the Ottoman pattern, thus proclaiming an attitude of economic independence in regard to the Portuguese.', 'Phommathat was the fourth king of Lan Xang (Laos) (ruled 1428–1429).', 'Thailand is bordered to the north by Myanmar and Laos, to the east by Laos and Cambodia, to the south by the Gulf of Thailand and Malaysia, and to the west by the Andaman Sea and the southern extremity of Myanmar.', 'These Muslim peoples were eventually expelled during the Christian Reconquista of the peninsula.']}",The dynasty regrouped and defeated the Portuguese,"{'answer_em': 0.0, 'answer_f1': 0.1818181818181818, 'answer_precision': 0.11764705882352941, 'answer_recall': 0.4, 'support_f1': 0.0, 'support_precision': 0.0, 'support_recall': 0.0, 'accuracy': 0.1818181818181818}"
4hop3__719125_132409_371500_35031,Where does the city where Veoh's headquarters is located rank in the top five largest urban areas of the state where Scars' performers were formed?,"{'answer': 'third', 'supporting_facts': ['Veoh is an Internet television company based in San Diego, California.', 'Papa Roach is an American rock band from Vacaville, California, formed in 1993.', 'The urban area of San Diego extends beyond the administrative city limits and had a total population of 2,956,746, making it the third-largest urban area in the state, after that of the Los Angeles metropolitan area and San Francisco metropolitan area.', '""Scars"" is the second single from the band Papa Roach\'s fourth album, ""Getting Away with Murder"", and seventh released single in total.']}",third-largest,"{'answer_em': 0.0, 'answer_f1': 0.0, 'answer_precision': 0.0, 'answer_recall': 0.0, 'support_f1': 0.0, 'support_precision': 0.0, 'support_recall': 0.0, 'accuracy': 0.0}"
4hop1__105688_17130_70784_79935,When was the region that lies to the north of where Eyal Golan is located and the Persian Gulf created?,"{'answer': 'Not specified in the context', 'supporting_facts': ['Eyal Golan is an Israeli singer who sings in the Mizrahi style and considered one of the most successful singers of this genre in Israel.', 'Iran is a sovereign state in Western Asia, bordered to the northwest by Armenia, the de facto Nagorno-Karabakh Republic, and Azerbaijan; to the north by Kazakhstan and Russia across the Caspian Sea; to the northeast by Turkmenistan; to the east by Afghanistan and Pakistan; to the south by the Persian Gulf and the Gulf of Oman; and to the west by Turkey and Iraq.', 'The context does not provide information about the creation of a specific region to the north of Israel and the Persian Gulf.']}",1930,"{'answer_em': 0.0, 'answer_f1': 0.0, 'answer_precision': 0.0, 'answer_recall': 0.0, 'support_f1': 0.0, 'support_precision': 0.0, 'support_recall': 0.0, 'accuracy': 0.0}"
3hop1__376309_160713_77246,"In the Arabic dictionary, what's the meaning of the word for the majority religion in the area of British India that became India when Garlat's country was created?","{'answer': 'submission to God', 'supporting_facts': [""Islam (Arabic: الإسلام) is the second-largest religion in India, with 14.2% of the country's population or approx. 200 million people identifying as adherents of Islam (2018 estimate)."", 'Garlat is a village and union council (an administrative subdivision) of Mansehra District in the Khyber-Pakhtunkhwa province of Pakistan.', 'The Partition of India was the division of British India in 1947 which accompanied the creation of two independent dominions, India and Pakistan.', 'According to the 2011 census, 79.8% of the population of India practice Hinduism.']}",the country of India,"{'answer_em': 0.0, 'answer_f1': 0.0, 'answer_precision': 0.0, 'answer_recall': 0.0, 'support_f1': 0.0, 'support_precision': 0.0, 'support_recall': 0.0, 'accuracy': 0.0}"
4hop1__525129_315334_131926_87157,"What is the direction of flow of the river by the city where the Lots More Blues, Rags and Hollers performer was formed?","{'answer': 'southwards', 'supporting_facts': ['Koerner, Ray & Glover was a loose-knit group of three blues musicians from Minneapolis, Minnesota: ""Spider"" John Koerner on guitar and vocals, Dave ""Snaker"" Ray on guitar and vocals, and Tony ""Little Sun"" Glover on harmonica.', ""Minneapolis lies on both banks of the Mississippi River, just north of the river's confluence with the Minnesota River, and adjoins Saint Paul, the state's capital."", 'The Mississippi River is the chief river of the second - largest drainage system on the North American continent, second only to the Hudson Bay drainage system. Flowing entirely in the United States (although its drainage basin reaches into Canada), it rises in northern Minnesota and meanders slowly southwards for 2,320 miles (3,730 km) to the Mississippi River Delta at the Gulf of Mexico.']}",rises in northern Minnesota and meanders slowly southwards,"{'answer_em': 0.0, 'answer_f1': 0.2222222222222222, 'answer_precision': 1.0, 'answer_recall': 0.125, 'support_f1': 0.0, 'support_precision': 0.0, 'support_recall': 0.0, 'accuracy': 0.2222222222222222}"
3hop1__140554_2053_52946,"When is Celebrity Big Brother coming to the network which, along with ABC and the network which hosts Westinghouse Playhouse, is the other major broadcaster based in NY?","{'answer': 'February 7, 2018', 'supporting_facts': ['CBS announced that the series is set to premiere on February 7, 2018 and conclude on February 25, 2018.', 'The three major American broadcast networks are all headquartered in New York: ABC, CBS, and NBC.', 'Westinghouse Playhouse is an American sitcom that aired from January to July 1961 on NBC.']}","February 7, 2018","{'answer_em': 1.0, 'answer_f1': 1.0, 'answer_precision': 1.0, 'answer_recall': 1.0, 'support_f1': 0.0, 'support_precision': 0.0, 'support_recall': 0.0, 'accuracy': 1.0}"
3hop1__347858_503371_21711,When was the Palau de la Generalitat constructed in the city where Martin of the place where Castiliscar is located died?,"{'answer': '15th century', 'supporting_facts': ['The Palau de la Generalitat in Barcelona, built in the 15th century for the kings of Aragon,', 'Martin the Humane (29 July 1356 – 31 May 1410), also called the Elder and the Ecclesiastic, was King of Aragon, Valencia, Sardinia and Corsica and Count of Barcelona from 1396 and King of Sicily from 1409 (as Martin II).', 'Castiliscar is a municipality located in the province of Zaragoza, Aragon, Spain.']}",built in the 15th century,"{'answer_em': 0.0, 'answer_f1': 0.6666666666666666, 'answer_precision': 1.0, 'answer_recall': 0.5, 'support_f1': 0.0, 'support_precision': 0.0, 'support_recall': 0.0, 'accuracy': 0.6666666666666666}"
2hop__709357_136043,The Move Ya Body song's band is named after who?,"{'answer': 'The sky', 'supporting_facts': ['Nina Sky is an American female duo composed of identical twins Nicole and Natalie Albino (were born on March 13, 1984 in Puerto Rico).', 'Move Ya Body is a song recorded by American duo Nina Sky.']}",Natalie Albino,"{'answer_em': 0.0, 'answer_f1': 0.0, 'answer_precision': 0.0, 'answer_recall': 0.0, 'support_f1': 0.0, 'support_precision': 0.0, 'support_recall': 0.0, 'accuracy': 0.0}"
3hop1__516535_834494_34109,"What is the PBS station in the city that shares a county with Allen, Arizona?","{'answer': 'KUAT-TV 6', 'supporting_facts': ['Allen, also known as Allen City is a ghost town in Pima County in southern Arizona.', 'The Tucson metro area is served by many local television stations and is the 68th largest designated market area (DMA) in the U.S. with 433,310 homes (0.39% of the total U.S.). It is limited to the three counties of southeastern Arizona (Pima, Santa Cruz, and Cochise)', 'KUAT-TV 6 is a PBS affiliate run by the University of Arizona (as is sister station KUAS 27).']}",KUAT-TV 6,"{'answer_em': 1.0, 'answer_f1': 1.0, 'answer_precision': 1.0, 'answer_recall': 1.0, 'support_f1': 0.0, 'support_precision': 0.0, 'support_recall': 0.0, 'accuracy': 1.0}"
3hop1__639955_834494_34109,What is the PBS station of the city in the same county as Helvetia?,"{'answer': 'KUAT-TV 6', 'supporting_facts': ['Helvetia is a populated place in Pima County, Arizona, that was settled in 1891 and abandoned in the early 1920s.', 'KUAT-TV 6 is a PBS affiliate run by the University of Arizona (as is sister station KUAS 27).', 'Pima County Natural Resources, Parks and Recreation is the agency within Pima County, Arizona that manages the natural resources, parks, and recreation offerings within Pima County including Tucson, AZ.']}",KUAT-TV 6,"{'answer_em': 1.0, 'answer_f1': 1.0, 'answer_precision': 1.0, 'answer_recall': 1.0, 'support_f1': 0.0, 'support_precision': 0.0, 'support_recall': 0.0, 'accuracy': 1.0}"
3hop1__786067_228453_86925,What is the symbol of the Saints from the city where the headquarters of the manufacturer of McAfee's Benchmark called?,"{'answer': 'Fleur-de-lis', 'supporting_facts': [""McAfee's Benchmark is a brand of Kentucky Straight Bourbon Whiskey produced by the Sazerac Company at its Buffalo Trace Distillery in Frankfort, Kentucky."", 'The Sazerac is a local New Orleans variation of a cognac or whiskey cocktail, named for the ""Sazerac de Forge et Fils"" brand of cognac brandy that served as its original main ingredient.', 'The fleur - de-lis is used by a number of sports teams, especially when it echoes a local flag... the sports teams of New Orleans, Louisiana in the NFL, NBA and the Pacific Coast League']}",fleur - de-lis,"{'answer_em': 0.0, 'answer_f1': 0.0, 'answer_precision': 0.0, 'answer_recall': 0.0, 'support_f1': 0.0, 'support_precision': 0.0, 'support_recall': 0.0, 'accuracy': 0.0}"
3hop1__506062_792411_51423,What is the name of the castle in the place of birth of the performer of When I Was a Boy?,"{'answer': 'No specific castle mentioned', 'supporting_facts': ['When I Was a Boy is a 1993 album by Jane Siberry.', 'In Siberry\'s native Canada, however, the album was commercially successful but not as big a hit as her 1985 album ""The Speckless Sky"".', 'Gavin Bradley is an award-winning Canadian singer-songwriter and producer based in Toronto who has worked with artists like Nelly Furtado, Tori Amos and Jane Siberry.', ""Casa Loma (Spanish for ``Hill House '') is a Gothic Revival style mansion and garden in midtown Toronto, Ontario, Canada, that is now a historic house museum and landmark.""]}",Casa Loma,"{'answer_em': 0.0, 'answer_f1': 0.0, 'answer_precision': 0.0, 'answer_recall': 0.0, 'support_f1': 0.0, 'support_precision': 0.0, 'support_recall': 0.0, 'accuracy': 0.0}"
4hop1__60000_59747_211319_557671,What county borders the county with the largest city in the state where Birth of a Nation was filmed?,"{'answer': 'None', 'supporting_facts': ['Filming took place in Georgia in May 2015 and lasted 27 days.', 'The largest municipality by population in Georgia is Atlanta with 420,003 residents, and the smallest municipality by population is Edge Hill with 24 residents.', 'The largest municipality by land area is Augusta, a consolidated city - county, which spans 302.47 sq mi (783.4 km), while Edge Hill and Santa Claus are tied for the smallest at 0.18 sq mi (0.47 km) each.']}",Presque Isle County,"{'answer_em': 0.0, 'answer_f1': 0.0, 'answer_precision': 0.0, 'answer_recall': 0.0, 'support_f1': 0.0, 'support_precision': 0.0, 'support_recall': 0.0, 'accuracy': 0.0}"
3hop1__17192_78396_54865,"When were the American colonies lost by the country that owned the region that secured southern Lebanon in 1978, before it achieved country status?","{'answer': '1783', 'supporting_facts': ['Israel responded by launching an invasion of southern Lebanon to destroy the PLO bases south of the Litani River. Most PLO fighters withdrew, but Israel was able to secure southern Lebanon until a UN force and the Lebanese army could take over.', 'Formally, the British colonies in North America were known as British America and the British West Indies until 1776, when the Thirteen Colonies located along the Atlantic seaboard declared their independence and formed the United States of America.', ""After that, the term British North America was used to describe the remainder of Britain's continental North American possessions. That term was first used informally in 1783, but it was uncommon before the Report on the Affairs of British North America (1839), called the Durham Report.""]}",1776,"{'answer_em': 0.0, 'answer_f1': 0.0, 'answer_precision': 0.0, 'answer_recall': 0.0, 'support_f1': 0.0, 'support_precision': 0.0, 'support_recall': 0.0, 'accuracy': 0.0}"
3hop2__36852_326964_7713,How long had the city the Qing lost in 1853 been the capitol city of Yaxing Coach's headquarters location?,"{'answer': 'About 400 years from late Han to early Tang', 'supporting_facts': ['Nanjing was later the capital city of Danyang Prefecture, and had been the capital city of Yangzhou for about 400 years from late Han to early Tang.', 'Yaxing Coach (Yangzhou Yaxing Motor Coach Co., Ltd) is a bus manufacturer based in Yangzhou, Jiangsu, China.', 'Early during the Taiping Rebellion, Qing forces suffered a series of disastrous defeats culminating in the loss of the regional capital city of Nanjing in 1853.']}",about 400 years,"{'answer_em': 0.0, 'answer_f1': 0.5, 'answer_precision': 0.3333333333333333, 'answer_recall': 1.0, 'support_f1': 0.0, 'support_precision': 0.0, 'support_recall': 0.0, 'accuracy': 0.5}"
2hop__179149_396277,What other notable work did the creator of Shrek make?,"{'answer': 'Doctor De Soto', 'supporting_facts': ['Doctor De Soto is a picture book for children written and illustrated by William Steig and first published in 1982.', 'Shrek! is a picture book published in 1990 by American book writer and cartoonist William Steig, about a repugnant and monstrous green creature who leaves home to see the world and ends up saving a princess.', 'Shrek is a fictional ogre character created by American author William Steig.']}",Doctor De Soto,"{'answer_em': 1.0, 'answer_f1': 1.0, 'answer_precision': 1.0, 'answer_recall': 1.0, 'support_f1': 0.0, 'support_precision': 0.0, 'support_recall': 0.0, 'accuracy': 1.0}"
2hop__145203_34088,Where does Ulysses Kay's birth city hold NASCAR races?,"{'answer': 'Tucson, Arizona', 'supporting_facts': ['Ulysses Simpson Kay (January 7, 1917 in Tucson, Arizona – May 20, 1995 in Englewood, New Jersey) was an African-American composer.', 'Tracks include Tucson Raceway Park and Rillito Downs. Tucson Raceway Park hosts NASCAR-sanctioned auto racing events and is one of only two asphalt short tracks in Arizona.']}",Tucson Raceway Park,"{'answer_em': 0.0, 'answer_f1': 0.4, 'answer_precision': 0.5, 'answer_recall': 0.3333333333333333, 'support_f1': 0.0, 'support_precision': 0.0, 'support_recall': 0.0, 'accuracy': 0.4}"
3hop1__295815_40769_64047,When did the luxury division of the company that manufactures Toyopet Master change the body style of the RX 350?,"{'answer': 'April 2012', 'supporting_facts': ['The facelift was unveiled at the March 2012 Geneva Motor Show with new wheels, interior colors, new head and tail lamps and new grilles.', 'Sales began worldwide in April 2012 for the RX 350 and RX 450h, with sales for the F - Sport variants starting in July of the same year.', ""From September 1947, Toyota's small - sized vehicles were sold under the name ``Toyopet ''(トヨペット)."", 'The first vehicle sold under this name was the Toyopet SA, but it also included vehicles such as the Toyopet SB light truck, Toyopet Stout light truck, Toyopet Crown, Toyopet Master, and the Toyopet Corona.', 'Lexus is the luxury division of Toyota, which manufactured the Toyopet Master.']}",Sales began worldwide in April 2012,"{'answer_em': 0.0, 'answer_f1': 0.5, 'answer_precision': 1.0, 'answer_recall': 0.3333333333333333, 'support_f1': 0.0, 'support_precision': 0.0, 'support_recall': 0.0, 'accuracy': 0.5}"
3hop1__747772_514761_594810,What record label does the spouse of Heart Like Mine's performer belong to?,"{'answer': 'No information', 'supporting_facts': ['Heart Like Mine is a song co-written and recorded by American country music artist Miranda Lambert.', 'Candy Coburn is an American national performing country music artist who has shared the stage with many notable artists, including Brooks and Dunn, Kellie Pickler, Montgomery Gentry, Blake Shelton, Miranda Lambert, Gary Allan, Josh Turner, Lady Antebellum and others.', ""There is no information provided about Miranda Lambert's spouse or their record label affiliation in the given context.""]}",Warner Bros. Records,"{'answer_em': 0.0, 'answer_f1': 0.0, 'answer_precision': 0.0, 'answer_recall': 0.0, 'support_f1': 0.0, 'support_precision': 0.0, 'support_recall': 0.0, 'accuracy': 0.0}"
4hop3__439878_88460_30152_20999,How were people from whom new coins were a proclamation of independence by the Somali Muslim Ajuran Empire expelled from the natural boundary between Thailand and Ban Kenpha's country?,"{'answer': ""There is no information about the expulsion of people related to the Somali Muslim Ajuran Empire in the context of Thailand and Ban Kenpha's country."", 'supporting_facts': ['The Somali Muslim Ajuran Empire, allied with the Ottomans, defied the Portuguese economic monopoly in the Indian Ocean by employing a new coinage which followed the Ottoman pattern, thus proclaiming an attitude of economic independence in regard to the Portuguese.', 'Ban Kenpha is a village in Houaphanh Province, northeastern Laos.', 'Thailand is bordered to the north by Myanmar and Laos, to the east by Laos and Cambodia, to the south by the Gulf of Thailand and Malaysia, and to the west by the Andaman Sea and the southern extremity of Myanmar.', 'The Portuguese discovery of the Cape of Good Hope in 1488 initiated a series of Ottoman-Portuguese naval wars in the Indian Ocean throughout the 16th century.']}",The dynasty regrouped and defeated the Portuguese,"{'answer_em': 0.0, 'answer_f1': 0.07407407407407407, 'answer_precision': 0.045454545454545456, 'answer_recall': 0.2, 'support_f1': 0.0, 'support_precision': 0.0, 'support_recall': 0.0, 'accuracy': 0.07407407407407407}"
2hop__35136_35117,What's the life span of the scholar who theorized about pulmonary circulation?,"{'answer': '75 years', 'supporting_facts': ['Theologus Autodidactus, written by the Arabian polymath Ibn al-Nafis (1213–1288), is the first example of a science fiction novel.', ""Muslim physicians contributed to the field of medicine, including the subjects of anatomy and physiology: such as ... or in the work of the Egyptian physician Ibn al-Nafis, who proposed the theory of pulmonary circulation. Avicenna's The Canon of Medicine remained an authoritative medical textbook in Europe until the 18th century.""]}",1213–1288,"{'answer_em': 0.0, 'answer_f1': 0.0, 'answer_precision': 0.0, 'answer_recall': 0.0, 'support_f1': 0.0, 'support_precision': 0.0, 'support_recall': 0.0, 'accuracy': 0.0}"
3hop1__559908_42197_18397,Yagutil Mishiev is a citizen of a country that someone had argued had become an imperialist power. Where did this someone declare that he would intervene in the Korean conflict?,"{'answer': 'China', 'supporting_facts': ['Mao Zedong once argued that the Soviet Union had itself become an imperialist power while maintaining a socialist façade.', 'Yagutil Israelovich Mishiev ( ; born March 29, 1927 in Qırmızı Qəsəbə, Azerbaijan Republic of USSR) — writer, author of books about the history of Derbent, Dagestan, Russia.', ""On 4 August 1950, with the PRC invasion of Taiwan aborted, Mao Zedong reported to the Politburo that he would intervene in Korea when the People's Liberation Army's (PLA) Taiwan invasion force was reorganized into the PLA North East Frontier Force.""]}",the Politburo,"{'answer_em': 0.0, 'answer_f1': 0.0, 'answer_precision': 0.0, 'answer_recall': 0.0, 'support_f1': 0.0, 'support_precision': 0.0, 'support_recall': 0.0, 'accuracy': 0.0}"
4hop1__105401_17130_70784_61381,When was the region immediately north of the region of the country in Strangers No More and the Persian Gulf established?,"{'answer': '1932', 'supporting_facts': ['The Kingdom of Saudi Arabia was founded in 1932 by Ibn Saud.', ""Israel's financial and technology center is Tel Aviv while Jerusalem is both the self-designated capital and most populous individual city under the country's governmental administration."", ""Saudi Arabia is sometimes called`` the Land of the Two Holy Mosques'' in reference to Al - Masjid al - Haram (in Mecca) and Al - Masjid an - Nabawi (in Medina), the two holiest places in Islam.""]}",1932,"{'answer_em': 1.0, 'answer_f1': 1.0, 'answer_precision': 1.0, 'answer_recall': 1.0, 'support_f1': 0.0, 'support_precision': 0.0, 'support_recall': 0.0, 'accuracy': 1.0}"
2hop__157376_643670,Of which watercourse is the river the Willemsbrug crosses over the mouth?,"{'answer': 'Nieuwe Maas', 'supporting_facts': ['The Willemsbrug is a bridge next to the Erasmusbrug in the centre of Rotterdam, spanning the Nieuwe Maas.']}",Het Scheur,"{'answer_em': 0.0, 'answer_f1': 0.0, 'answer_precision': 0.0, 'answer_recall': 0.0, 'support_f1': 0.0, 'support_precision': 0.0, 'support_recall': 0.0, 'accuracy': 0.0}"
3hop1__823336_228453_86925,What is the symbol of the Saints from the headquarters location of Ten High's manufacturer called?,"{'answer': 'Fleur-de-lis', 'supporting_facts': ['Ten High is a brand of American whiskey first introduced in the 1930s by Hiram Walker & Sons, now produced by the Barton Brands division of the Sazerac Company.', ""The Sazerac is a local New Orleans variation of a cognac or whiskey cocktail, named for the 'Sazerac de Forge et Fils' brand of cognac brandy that served as its original main ingredient."", 'The fleur - de-lis is used by a number of sports teams, especially when it echoes a local flag. This is true with the ... sports teams of New Orleans, Louisiana in the NFL, NBA and the Pacific Coast League,']}",fleur - de-lis,"{'answer_em': 0.0, 'answer_f1': 0.0, 'answer_precision': 0.0, 'answer_recall': 0.0, 'support_f1': 0.0, 'support_precision': 0.0, 'support_recall': 0.0, 'accuracy': 0.0}"
2hop__59612_42352,How many people were in British Colonies where does the london broil cut come from ?,"{'answer': '2 million in the British North American colonies, London broil cut comes from North America', 'supporting_facts': ['At the start of the war, the French North American colonies had a population of roughly 60,000 European settlers, compared with 2 million in the British North American colonies.', 'London broil is a beef dish made by broiling marinated beef, then cutting it across the grain into thin strips.', 'Despite its name, the dish and the terminology are North American, not British.']}",2 million,"{'answer_em': 0.0, 'answer_f1': 0.25, 'answer_precision': 0.14285714285714285, 'answer_recall': 1.0, 'support_f1': 0.0, 'support_precision': 0.0, 'support_recall': 0.0, 'accuracy': 0.25}"
3hop1__768500_730460_70315,Where did Katrina hit the hardest in the Toussaint performer's birthplace?,"{'answer': 'New Orleans', 'supporting_facts': ['By August 31, eighty percent (80%) of the city of New Orleans was flooded by Hurricane Katrina, with some parts of the city under 20 feet (6.1 m), of water.', 'The Bright Mississippi is an album by New Orleans Jazz and R&B pianist Allen Toussaint released on Nonesuch Records in 2009.', 'Marshall Estus Sehorn (June 25, 1934 – December 5, 2006) was an American A&R man, songwriter, music publisher and entrepreneur who played an important role in the development of R&B and popular music in New Orleans between the 1950s and 1970s, particularly as the business partner of record producer Allen Toussaint.']}",the city of New Orleans,"{'answer_em': 0.0, 'answer_f1': 0.6666666666666666, 'answer_precision': 1.0, 'answer_recall': 0.5, 'support_f1': 0.0, 'support_precision': 0.0, 'support_recall': 0.0, 'accuracy': 0.6666666666666666}"
3hop1__127821_157828_162309,When did the country using Olivera Marković's native language as one of its official languages first have its own Olympic team?,"{'answer': '2008', 'supporting_facts': ['Olivera Marković (née Đorđević; ; 3 May 1925 – 2 July 2011) was a Serbian actress.', 'Serbian (српски / srpski, pronounced [sr̩̂pskiː]) is the standardized variety of the Serbo-Croatian language mainly used by Serbs.', 'It is the official language of Serbia, co-official in the territory of Kosovo, and one of the three official languages of Bosnia and Herzegovina.', 'Serbia first participated at the Olympic Games in 1912 as the Kingdom of Serbia.', 'Serbia returned to the Olympics as an independent team after ninety-six years at the 2008 Summer Olympics.']}",2016,"{'answer_em': 0.0, 'answer_f1': 0.0, 'answer_precision': 0.0, 'answer_recall': 0.0, 'support_f1': 0.0, 'support_precision': 0.0, 'support_recall': 0.0, 'accuracy': 0.0}"
4hop1__15567_59747_211319_557671,Which county shares a border with the county where the most populous city in the state that sentenced Demarcus Sears to death is located?,"{'answer': 'Fulton County', 'supporting_facts': ['The largest municipality by population in Georgia is Atlanta with 420,003 residents, and the smallest municipality by population is Edge Hill with 24 residents.', ""Demarcus Sears remains under a death sentence in Georgia for the crime of 'kidnapping with bodily injury.'"", 'Atlanta is the county seat of Fulton County, although a small portion of the city extends into DeKalb County.']}",Presque Isle County,"{'answer_em': 0.0, 'answer_f1': 0.4, 'answer_precision': 0.5, 'answer_recall': 0.3333333333333333, 'support_f1': 0.0, 'support_precision': 0.0, 'support_recall': 0.0, 'accuracy': 0.4}"
2hop__96096_78606,Who plays the wife of the Real Rob cast member in Grown Ups?,"{'answer': 'Joyce Van Patten', 'supporting_facts': ['Rob (Rob Schneider), nicknamed Carrot, has been divorced three times and holds custody of his daughters Jasmine, Amber, and Bridget (Madison Riley, Jamie Chung, and Ashley Loren). His current wife, Gloria (Joyce Van Patten), is 30 years older than him.']}",Joyce Van Patten,"{'answer_em': 1.0, 'answer_f1': 1.0, 'answer_precision': 1.0, 'answer_recall': 1.0, 'support_f1': 0.0, 'support_precision': 0.0, 'support_recall': 0.0, 'accuracy': 1.0}"
4hop1__58323_375563_161848_61344,What continent is the country located near the country of citizenship of The Book Thief's author part of?,"{'answer': 'Australia', 'supporting_facts': ['The Book Thief is a 2013 World War II war drama film directed by Brian Percival and starring Geoffrey Rush, Emily Watson, and Sophie Nélisse. The film is based on the 2005 novel The Book Thief by Markus Zusak', ""The Messenger is a 2002 Novel by Markus Zusak, and winner of the 2003 Children's Book Council of Australia Book of the Year Award.""]}",submerged continent of Zealandia,"{'answer_em': 0.0, 'answer_f1': 0.0, 'answer_precision': 0.0, 'answer_recall': 0.0, 'support_f1': 0.0, 'support_precision': 0.0, 'support_recall': 0.0, 'accuracy': 0.0}"
2hop__776637_87295,Who does the cast member from Julie play in Princess Diaries?,"{'answer': 'Queen dowager Clarisse Renaldi', 'supporting_facts': ['Julie is an American sitcom starring Julie Andrews which aired on ABC from May 30 to July 4, 1992.', ""The film also stars Heather Matarazzo, Héctor Elizondo, Mandy Moore, and Robert Schwartzman. The Princess Diaries is a 2001 American teen romantic comedy film directed by Garry Marshall and written by Gina Wendkos, based on Meg Cabot's 2000 novel of the same name. It stars Anne Hathaway (in her film debut) as Mia Thermopolis, a teenager who discovers that she is the heir to the throne of the fictional Kingdom of Genovia, ruled by her grandmother Queen dowager Clarisse Renaldi (Julie Andrews).""]}",Queen dowager Clarisse Renaldi,"{'answer_em': 1.0, 'answer_f1': 1.0, 'answer_precision': 1.0, 'answer_recall': 1.0, 'support_f1': 0.0, 'support_precision': 0.0, 'support_recall': 0.0, 'accuracy': 1.0}"
4hop1__752321_153080_159767_81096,The largest city in the state the performer of Pithecanthropus Erectus was from is also the state capital. Who won the indy car race in that city?,"{'answer': 'The context does not provide the winner of the Indy car race in Phoenix.', 'supporting_facts': ['Charles Mingus was born in Nogales, Arizona.', 'Its capital and largest city is Phoenix.', 'After a hiatus of eleven years, the race was revived by the Verizon IndyCar Series in 2016.', 'Pithecanthropus Erectus is a 1956 album by jazz composer and bassist Charles Mingus.']}",Mario Andretti,"{'answer_em': 0.0, 'answer_f1': 0.0, 'answer_precision': 0.0, 'answer_recall': 0.0, 'support_f1': 0.0, 'support_precision': 0.0, 'support_recall': 0.0, 'accuracy': 0.0}"
3hop1__161507_160713_77246,What is the meaning of the word that is also a majority religion in the area that became India when the country where Masherbrum is located was created in the Arabic dictionary?,"{'answer': 'a large body of water', 'supporting_facts': [""The word Hindu is derived from the Indo - Aryan and Sanskrit word Sindhu, which means ``a large body of water '', covering`` river, ocean''."", 'Masherbrum (Urdu: ما شربرم \u200e; formerly known as K1) is located in the Ghanche District, Gilgit Baltistan of Pakistan.', 'Pakistan came into being with two non-contiguous enclaves, East Pakistan (today Bangladesh) and West Pakistan, separated geographically by India.', 'According to the 2011 census, 79.8% of the population of India practice Hinduism.']}",the country of India,"{'answer_em': 0.0, 'answer_f1': 0.28571428571428575, 'answer_precision': 0.25, 'answer_recall': 0.3333333333333333, 'support_f1': 0.0, 'support_precision': 0.0, 'support_recall': 0.0, 'accuracy': 0.28571428571428575}"
2hop__84937_21969,When was Q1 who was impeached in england for acts committed as governor general of india impeached?,"{'answer': '1788', 'supporting_facts': [""The impeachment in Westminster Hall, which did not begin until 14 February 1788, would be the 'first major public discursive event of its kind in England', bringing the morality and duty of imperialism to the forefront of public perception."", 'The impeachment of Warren Hastings was a failed attempt between 1788 and 1795 to impeach the first Governor - General of India in the Parliament of Great Britain.']}",1786,"{'answer_em': 0.0, 'answer_f1': 0.0, 'answer_precision': 0.0, 'answer_recall': 0.0, 'support_f1': 0.0, 'support_precision': 0.0, 'support_recall': 0.0, 'accuracy': 0.0}"
4hop1__130623_32392_823060_610794,What county has a city that is adjacent to the capital city of Erskine College's state?,"{'answer': 'Richland County', 'supporting_facts': ['Forest Acres is a city in Richland County, South Carolina, United States.', 'Erskine College is a private Christian college in Due West, South Carolina, United States.', 'Columbia in 1786']}",Richland County,"{'answer_em': 1.0, 'answer_f1': 1.0, 'answer_precision': 1.0, 'answer_recall': 1.0, 'support_f1': 0.0, 'support_precision': 0.0, 'support_recall': 0.0, 'accuracy': 1.0}"
3hop2__132957_483843_40768,"When did the maker of the Acura Legend, the manufacturer of Scion bbX and Nissan open US assembly plants?","{'answer': 'A decade after the 1973 oil crisis', 'supporting_facts': ['A decade after the 1973 oil crisis, Honda, Toyota and Nissan, affected by the 1981 voluntary export restraints, opened US assembly plants and established their luxury divisions (Acura, Lexus and Infiniti, respectively) to distinguish themselves from their mass-market brands.']}",1981,"{'answer_em': 0.0, 'answer_f1': 0.0, 'answer_precision': 0.0, 'answer_recall': 0.0, 'support_f1': 0.0, 'support_precision': 0.0, 'support_recall': 0.0, 'accuracy': 0.0}"
2hop__198650_84856,When does the new season start for the show starring the author of True Story: A Novel?,"{'answer': 'January 20, 2017', 'supporting_facts': ['True Story: A Novel is a book by Bill Maher.', 'Season Episodes Originally aired First aired Last aired ... 15 TBA January 20, 2017 (2017 - 01 - 20) TBA']}","January 20, 2017","{'answer_em': 1.0, 'answer_f1': 1.0, 'answer_precision': 1.0, 'answer_recall': 1.0, 'support_f1': 0.0, 'support_precision': 0.0, 'support_recall': 0.0, 'accuracy': 1.0}"
2hop__631139_75487,Who is the federal leader of the party in which John Lynch-Staunton held a position?,"{'answer': 'Andrew Scheer', 'supporting_facts': ['John George Lynch-Staunton (June 19, 1930 – August 17, 2012) was a Canadian senator, who served as interim leader of the Conservative Party of Canada, from December 2003 to March 2004.', 'The position is currently held by Andrew Scheer, leader of the Conservative Party, having been elected by the Conservative caucus on May 27, 2017.']}",Andrew Scheer,"{'answer_em': 1.0, 'answer_f1': 1.0, 'answer_precision': 1.0, 'answer_recall': 1.0, 'support_f1': 0.0, 'support_precision': 0.0, 'support_recall': 0.0, 'accuracy': 1.0}"
2hop__223823_29898,Which affiliate left the owner of Canadian Broadcasting Centre due to an agreement with CHBC?,"{'answer': 'CFJC-TV', 'supporting_facts': ['One private CBC affiliate, CHBC-TV in Kelowna, joined E! (then known as CH) on February 27, 2006.', 'However, due to an agreement between CHBC and CFJC-TV in Kamloops, CFJC also disaffiliated from the CBC on February 27, 2006, but no retransmitters were installed in the licence area.']}",CFJC-TV in Kamloops,"{'answer_em': 0.0, 'answer_f1': 0.5, 'answer_precision': 1.0, 'answer_recall': 0.3333333333333333, 'support_f1': 0.0, 'support_precision': 0.0, 'support_recall': 0.0, 'accuracy': 0.5}"
3hop2__607269_223623_162182,In what region of the country containing Hạ Hòa is John Phan's birthplace found?,"{'answer': 'South Central Coast', 'supporting_facts': ['Hạ Hòa is a rural district of Phú Thọ Province in the Northeast region of Vietnam.', 'Bon ""John"" Phan (born October 10, 1974 in Da Nang, Vietnam) is a Vietnamese-American professional poker player based in Stockton, California who is a two time World Series of Poker bracelet winner and is a winner and four time final tablist of World Poker Tour Championships.', 'South Central Coast (Vietnamese: Duyên hải Nam Trung Bộ) is one of the regions of Vietnam. It consists of the independent municipality of Đà Nẵng and seven other provinces.']}",South Central Coast,"{'answer_em': 1.0, 'answer_f1': 1.0, 'answer_precision': 1.0, 'answer_recall': 1.0, 'support_f1': 0.0, 'support_precision': 0.0, 'support_recall': 0.0, 'accuracy': 1.0}"
2hop__189094_612080,What league does the team that occupies the Rabat Ajax Football Ground belong to?,"{'answer': 'Maltese Premier League', 'supporting_facts': ['Malcolm Licari (born 18 April 1978 in Pietà, Malta) is a retired professional footballer playing for Pietà Hotspurs, Marsaxlokk, Floriana, Balzan and Rabat Ajax in the Maltese Premier League, where he plays as a striker, and also occasionally as a defender.', 'Arlind Rustemi (born 7 February 1986 in Vlorë) is an Albanian footballer who plays as a forward. As of the 2010–11 season he played for KF Vlora in the Albanian First Division. In October 2011 he moved to Maltese side Rabat Ajax, and scored on his debut.']}",Maltese Premier League,"{'answer_em': 1.0, 'answer_f1': 1.0, 'answer_precision': 1.0, 'answer_recall': 1.0, 'support_f1': 0.0, 'support_precision': 0.0, 'support_recall': 0.0, 'accuracy': 1.0}"
3hop1__84887_538202_84283,Who is the owner of the record label that the singer of I just got started lovin you belongs to?,"{'answer': 'Warner Music Group', 'supporting_facts': ['Sunset Man is the second studio album from American country music singer James Otto, released April 8, 2008 on Warner Bros. Records.', 'Warner Bros. Records Parent company Warner Music Group Founded March 19, 1958; 60 years ago (1958 - 03 - 19) Founder James Conkling']}",Warner Music Group,"{'answer_em': 1.0, 'answer_f1': 1.0, 'answer_precision': 1.0, 'answer_recall': 1.0, 'support_f1': 0.0, 'support_precision': 0.0, 'support_recall': 0.0, 'accuracy': 1.0}"
3hop1__305282_282081_10972,When did the city where Ill's performer was born elect its first black mayor?,"{'answer': '1973', 'supporting_facts': ['In 1973, the city elected its first black mayor, Coleman Young.']}",1970s,"{'answer_em': 0.0, 'answer_f1': 0.0, 'answer_precision': 0.0, 'answer_recall': 0.0, 'support_f1': 0.0, 'support_precision': 0.0, 'support_recall': 0.0, 'accuracy': 0.0}"
2hop__199513_801817,What is the birthplace of the person after whom São José dos Campos was named?,"{'answer': 'The context does not provide information about the birthplace of the person after whom São José dos Campos was named.', 'supporting_facts': ['São José dos Campos (, meaning Saint Joseph of the Fields) is a major city and the seat of the municipality of the same name in the state of São Paulo, Brazil.', 'One of the leading industrial and research centers with emphasis in aerospace sciences in Latin America, the city is located in the Paraíba Valley, between the two most active production and consumption regions in the country, São Paulo ( from the city) and Rio de Janeiro ().']}",Nazareth,"{'answer_em': 0.0, 'answer_f1': 0.0, 'answer_precision': 0.0, 'answer_recall': 0.0, 'support_f1': 0.0, 'support_precision': 0.0, 'support_recall': 0.0, 'accuracy': 0.0}"
2hop__80637_19033,Where did the wrestler who created the Money in the Bank Ladder Match win in 2008?,"{'answer': 'The Great American Bash', 'supporting_facts': ['At the Great American Bash in 2008, Chris Jericho was declared the winner of a match against Shawn Michaels when Michaels could not defend himself due to excessive blood loss and impaired vision.', 'The first match was contested in 2005 at WrestleMania 21, after being invented (in kayfabe) by Chris Jericho.']}",Great American Bash,"{'answer_em': 1.0, 'answer_f1': 1.0, 'answer_precision': 1.0, 'answer_recall': 1.0, 'support_f1': 0.0, 'support_precision': 0.0, 'support_recall': 0.0, 'accuracy': 1.0}"
3hop1__133292_40769_64047,When did the RX 350 from The Hino Dutro creator's luxury division change body style?,"{'answer': '2012', 'supporting_facts': ['The Hino Dutro is a light commercial truck shared with the Toyota Dyna, manufactured by Hino Motors.', 'A facelift was unveiled at the March 2012 Geneva Motor Show with new wheels, interior colors, new head and tail lamps and new grilles.', 'Sales began worldwide in April 2012 for the RX 350 and RX 450h, with sales for the F - Sport variants starting in July of the same year.', 'Genesis Motors is the luxury vehicle division of the South Korean vehicle manufacturer Hyundai Motor Group, but Lexus is the luxury division of Toyota, which is associated with Hino through the shared model Toyota Dyna.']}",Sales began worldwide in April 2012,"{'answer_em': 0.0, 'answer_f1': 0.2857142857142857, 'answer_precision': 1.0, 'answer_recall': 0.16666666666666666, 'support_f1': 0.0, 'support_precision': 0.0, 'support_recall': 0.0, 'accuracy': 0.2857142857142857}"
3hop1__857_846_7810,What was where the Yongle emperor greeted who the edict addressed GDP per person in 2013?,"{'answer': 'Nanjing, Deshin Shekpa, RMB 98,174', 'supporting_facts': [""In 2013 the city's GDP was RMB 801 billion (3rd in Jiangsu), and GDP per capita(current price) was RMB 98,174(US$16041), a 11 percent increase from 2012."", 'The Yongle Emperor came out of the palace in Nanjing to greet the Karmapa and did not require him to kowtow like a tributary vassal.', ""The Information Office of the State Council of the PRC preserves an edict of the Zhengtong Emperor (r. 1435–1449) addressed to the Karmapa in 1445, written after the latter's agent had brought holy relics to the Ming court.""]}","RMB 98,174(US$16041)","{'answer_em': 0.0, 'answer_f1': 0.28571428571428575, 'answer_precision': 0.2, 'answer_recall': 0.5, 'support_f1': 0.0, 'support_precision': 0.0, 'support_recall': 0.0, 'accuracy': 0.28571428571428575}"
4hop2__161602_426860_88460_126088,Who was in charge in the country that is the natural boundary between the country that hosted the tournament and the country where That Dam is located?,"{'answer': 'Thein Sein', 'supporting_facts': ['Myanmar (also known as Burma) is the northwestern-most country of mainland Southeast Asia, bordering China, India, Bangladesh, Thailand and Laos.', 'The final tournament hosts Thailand decided to participate in qualification despite having automatically qualified for the final tournament.', 'That Dam (Lao ທາດດຳ, meaning Black Stupa) is a large stupa located in Vientiane, Laos.', 'the visit by United States Secretary of State Hillary Clinton in December 2011 for the encouragement of further progress, which was the first visit by a Secretary of State in more than fifty years, during which Clinton met with the Burmese president and former military commander Thein Sein, as well as opposition leader Aung San Suu Kyi;']}",Thein Sein,"{'answer_em': 1.0, 'answer_f1': 1.0, 'answer_precision': 1.0, 'answer_recall': 1.0, 'support_f1': 0.0, 'support_precision': 0.0, 'support_recall': 0.0, 'accuracy': 1.0}"
2hop__669160_139339,What was the director of Addicted to Love nominated for?,"{'answer': ""an Academy Award for Best Live Action Short Film for 'Duke of Groove', not for 'Addicted to Love'"", 'supporting_facts': ['In 1995, Griffin Dunne was nominated for an Academy Award for Best Live Action Short Film for ""Duke of Groove"", which he directed and co-wrote.', 'Addicted to Love is a 1997 American romantic comedy film directed by Griffin Dunne, starring Meg Ryan, Matthew Broderick, Tchéky Karyo, and Kelly Preston.']}",Academy Award for Best Live Action Short Film,"{'answer_em': 0.0, 'answer_f1': 0.6399999999999999, 'answer_precision': 0.47058823529411764, 'answer_recall': 1.0, 'support_f1': 0.0, 'support_precision': 0.0, 'support_recall': 0.0, 'accuracy': 0.6399999999999999}"
2hop__734582_74481,Who was played by the director of The Good Shepherd in The Godfather Part II?,"{'answer': 'Vito Corleone', 'supporting_facts': ['The Good Shepherd is a 2006 spy film produced and directed by Robert De Niro and starring Matt Damon, Angelina Jolie and De Niro, with an extensive supporting cast.', 'The Godfather Part II is a 1974 American crime film produced and directed by Francis Ford Coppola from a screenplay co-written with Mario Puzo, starring Al Pacino and Robert De Niro.', ""He is portrayed by Marlon Brando in 'The Godfather' and then, as a young man, by Robert De Niro in 'The Godfather Part II'.""]}",Vito Corleone,"{'answer_em': 1.0, 'answer_f1': 1.0, 'answer_precision': 1.0, 'answer_recall': 1.0, 'support_f1': 0.0, 'support_precision': 0.0, 'support_recall': 0.0, 'accuracy': 1.0}"
2hop__156085_436709,Who is the creator of Mickey Mouse's spouse?,"{'answer': 'Walt Disney and Ub Iwerks', 'supporting_facts': ['Mickey Mouse is a funny animal cartoon character and the mascot of The Walt Disney Company. He was created by Walt Disney and Ub Iwerks at the Walt Disney Studios in 1928.', ""Clarabelle Cow was created by Walt Disney and Ub Iwerks in 1928. Clarabelle is one of Minnie Mouse's best friends and is usually depicted as the girlfriend of Horace Horsecollar, although she has also been paired with Goofy occasionally (especially in the Super Goof comic book series).""]}",Walt Disney,"{'answer_em': 0.0, 'answer_f1': 0.5714285714285715, 'answer_precision': 0.4, 'answer_recall': 1.0, 'support_f1': 0.0, 'support_precision': 0.0, 'support_recall': 0.0, 'accuracy': 0.5714285714285715}"
2hop__137061_45752,Why does the place where Step Up Revolution takes place have a duck for a mascot?,"{'answer': 'The context does not provide a reason why the place where Step Up Revolution takes place has a duck for a mascot.', 'supporting_facts': ['Step Up Revolution (also known as Step Up 4: Miami Heat, and previously titled Step Up 4Ever) is a 2012 American 3D dance film and the fourth installment in the ""Step Up"" film series.', ""Sebastian the Ibis was chosen as Miami's unofficial mascot by Nathan Duncan in 1926 when the school's yearbook chose its name to be ``The Ibis. ''"", ""The Oregon Duck is the mascot of the University of Oregon Ducks athletic program, based on Disney's Donald Duck character through a special license agreement.""]}",when the school's yearbook chose its name to be ``The Ibis,"{'answer_em': 0.0, 'answer_f1': 0.0, 'answer_precision': 0.0, 'answer_recall': 0.0, 'support_f1': 0.0, 'support_precision': 0.0, 'support_recall': 0.0, 'accuracy': 0.0}"
2hop__67660_67223,Who married the narrator of How I Met Your Mother?,"{'answer': 'Tracy McConnell', 'supporting_facts': ['The show, narrated by Future Ted, tells the story of how Ted Mosby met The Mother.', 'Tracy McConnell, better known as ""The Mother "", is the title character from the CBS television sitcom How I Met Your Mother.', 'Ted and The Mother meet at the Farhampton train station following Barney Stinson and Robin Scherbatsky\'s wedding; this scene is shown in ""Last Forever "", the series finale.', 'The show, narrated by Future Ted (Bob Saget), tells the story of how Ted Mosby (Josh Radnor) met The Mother.']}",Tracy Mosby,"{'answer_em': 0.0, 'answer_f1': 0.5, 'answer_precision': 0.5, 'answer_recall': 0.5, 'support_f1': 0.0, 'support_precision': 0.0, 'support_recall': 0.0, 'accuracy': 0.5}"
2hop__252521_80650,Who played the character in the Santa Clause 3 that has a series named after it that includes Frost at Christmas?,"{'answer': 'Martin Short', 'supporting_facts': ['Frost at Christmas (1984) is the first of the series of novels written by R. D. Wingfield, the creator of the character Detective Inspector Jack Frost, who is more famously known in the television series ""A Touch of Frost"", where the character is played by Sir David Jason.', 'The Santa Clause 3: The Escape Clause stars Tim Allen returning as Scott Calvin / Santa Claus and Martin Short as Jack Frost.']}",Martin Short,"{'answer_em': 1.0, 'answer_f1': 1.0, 'answer_precision': 1.0, 'answer_recall': 1.0, 'support_f1': 0.0, 'support_precision': 0.0, 'support_recall': 0.0, 'accuracy': 1.0}"
2hop__58691_192417,The league playing in the Thursday night football game is a type of what?,"{'answer': 'American football', 'supporting_facts': ['Thursday Night Football (or simply TNF) is the branding used for broadcasts of National Football League (NFL) games that broadcast primarily on Thursday nights.', ""The NFL Kickoff Game and the Thanksgiving primetime game are both broadcast as part of NBC Sports' Sunday Night Football contract and are not included in Thursday Night Football, although the Thanksgiving primetime game was previously part of the package from 2006 until 2011.""]}",sports league,"{'answer_em': 0.0, 'answer_f1': 0.0, 'answer_precision': 0.0, 'answer_recall': 0.0, 'support_f1': 0.0, 'support_precision': 0.0, 'support_recall': 0.0, 'accuracy': 0.0}"
3hop2__304722_203717_63959,When was the last time the sports team Alan O'Neil was a member of beat the winner of the 1894-95 FA cup?,"{'answer': 'Unknown', 'supporting_facts': ['The Trophy was stolen from a display in the shop window of W. Shillcock (a football fitter) in Newton Row, Birmingham, after the Final and never recovered despite a £10 reward.', ""Alan O'Neill (born 27 August 1973) is an Irish former professional footballer who played in the Football League for Birmingham City."", 'There is no information provided about the winner of the 1894-95 FA Cup or any matches between that winner and Birmingham City.']}",1 December 2010,"{'answer_em': 0.0, 'answer_f1': 0.0, 'answer_precision': 0.0, 'answer_recall': 0.0, 'support_f1': 0.0, 'support_precision': 0.0, 'support_recall': 0.0, 'accuracy': 0.0}"
2hop__450600_158262,When did the author of The Rise and Fall of the Confederate Government end his fight in the Mexican-American War?,"{'answer': '1848', 'supporting_facts': ['He fought in the Mexican–American War (1846–1848), as the colonel of a volunteer regiment.']}",1848,"{'answer_em': 1.0, 'answer_f1': 1.0, 'answer_precision': 1.0, 'answer_recall': 1.0, 'support_f1': 0.0, 'support_precision': 0.0, 'support_recall': 0.0, 'accuracy': 1.0}"
2hop__194532_57594,What gun does the director of Pollock use in Westworld?,"{'answer': 'There is no information about the director of Pollock using a gun in Westworld.', 'supporting_facts': [""Marcia Gay Harden won the Academy Award for Best Supporting Actress for portraying Lee Krasner, Pollock's wife."", 'Ed Harris received an Academy Award nomination for Best Actor for his portrayal of Pollock.', 'Nolan and Joy serve as executive producers, along with J.J. Abrams, Jerry Weintraub, and Bryan Burk.', 'The first season was broadcast between October 2 and December 4, 2016; it comprised ten episodes.']}",LeMat revolver,"{'answer_em': 0.0, 'answer_f1': 0.0, 'answer_precision': 0.0, 'answer_recall': 0.0, 'support_f1': 0.0, 'support_precision': 0.0, 'support_recall': 0.0, 'accuracy': 0.0}"
4hop1__9002_698949_157828_239539,The language of a film titled and about the city where Tito was interred is the co-official language of a county. In what city is the national Radio and Television broadcaster for that country?,"{'answer': 'Belgrade', 'supporting_facts': ['Tito was interred in a mausoleum in Belgrade, which forms part of a memorial complex in the grounds of the Museum of Yugoslav History', 'Belgrade (also known as Belgrade with Boris Malagurski) is a 2013 Serbian documentary film directed by Boris Malagurski about Belgrade, the capital of Serbia', 'The documentary film had its world premiere on 19 October 2013 at Sava Centar in Belgrade and was aired on Radio Television Serbia on 20 October 2014', 'Serbian (српски / srpski, pronounced [sr̩̂pskiː]) is the standardized variety of the Serbo-Croatian language mainly used by Serbs. It is the official language of Serbia, co-official in the territory of Kosovo, and one of the three official languages of Bosnia and Herzegovina']}",Pristina,"{'answer_em': 0.0, 'answer_f1': 0.0, 'answer_precision': 0.0, 'answer_recall': 0.0, 'support_f1': 0.0, 'support_precision': 0.0, 'support_recall': 0.0, 'accuracy': 0.0}"
3hop1__374018_160713_77246,What is the meaning of the word that is also the majority religion in India when the country where Dubbi is located was created in the Arabic dictionary?,"{'answer': 'a large body of water', 'supporting_facts': [""The word Hindu is derived from the Indo - Aryan and Sanskrit word Sindhu, which means ``a large body of water '', covering`` river, ocean''."", 'Dubbi is a village located in Khairpur District, Sindh, Pakistan.', 'The Partition of India was the division of British India in 1947 which accompanied the creation of two independent dominions, India and Pakistan.']}",the country of India,"{'answer_em': 0.0, 'answer_f1': 0.28571428571428575, 'answer_precision': 0.25, 'answer_recall': 0.3333333333333333, 'support_f1': 0.0, 'support_precision': 0.0, 'support_recall': 0.0, 'accuracy': 0.28571428571428575}"
2hop__268084_78303,"What was the name of the star of Forced Vengeance in Walter, Texas Ranger?","{'answer': 'Chuck Norris', 'supporting_facts': [""Forced Vengeance When the owner and proprietor of the Lucky Dragon casino in Hong Kong refuses to let mobsters take over his business he and his family are hit. Dragon's chief of security, Josh Randall (Chuck Norris) goes looking for the head of the syndicate to exact revenge for the murder of his employer, friend and mentor."", 'Title: Walker, Texas Ranger Name Portrayed by Occupation Seasons Pilot 5 6 7 8 Cordell Walker Chuck Norris Texas Ranger Main']}",Cordell Walker,"{'answer_em': 0.0, 'answer_f1': 0.0, 'answer_precision': 0.0, 'answer_recall': 0.0, 'support_f1': 0.0, 'support_precision': 0.0, 'support_recall': 0.0, 'accuracy': 0.0}"
4hop3__661103_698586_1926_54362,Who burned down the city where Dunn Dunn's artist died in the war after which black people declined living in NYC?,"{'answer': 'Union Gen. William Sherman', 'supporting_facts': ['On September 1, 1864, Confederate Gen. John Bell Hood evacuated Atlanta, after a five - week siege mounted by Union Gen. William Sherman, and ordered all public buildings and possible Confederate assets destroyed.', 'The discography of Shawty Lo, an American hip hop recording artist from Atlanta, Georgia.', 'for the first time since the Civil War, the number of blacks declined over a decade.']}",Confederate Gen. John Bell Hood,"{'answer_em': 0.0, 'answer_f1': 0.22222222222222224, 'answer_precision': 0.25, 'answer_recall': 0.2, 'support_f1': 0.0, 'support_precision': 0.0, 'support_recall': 0.0, 'accuracy': 0.22222222222222224}"
4hop3__373573_132409_146285_35031,Where does the city where Alexander Golitzen died rank in the top five largest urban areas of the state where Still Swingin's performers were formed?,"{'answer': 'third', 'supporting_facts': ['Papa Roach is an American rock band from Vacaville, California, formed in 1993.', 'The urban area of San Diego extends beyond the administrative city limits and had a total population of 2,956,746, making it the third-largest urban area in the state, after that of the Los Angeles metropolitan area and San Francisco metropolitan area.', 'Prince Alexander Golitzen (Golitsyn), (Moscow, February 28, 1908San Diego, July 26, 2005) was a Russian-born American production designer who oversaw art direction on more than 300 movies.', 'Still Swingin\' is a song by the American rock band Papa Roach released as the first single from their album ""The Connection"" on June 24, 2012.']}",third-largest,"{'answer_em': 0.0, 'answer_f1': 0.0, 'answer_precision': 0.0, 'answer_recall': 0.0, 'support_f1': 0.0, 'support_precision': 0.0, 'support_recall': 0.0, 'accuracy': 0.0}"
3hop1__104996_160713_77246,What is the meaning of the word that is also a majority religion in the area that became India when the country that release Ankahi was created in Arabic dictionary?,"{'answer': 'a large body of water', 'supporting_facts': [""The word Hindu is derived from the Indo - Aryan and Sanskrit word Sindhu, which means ``a large body of water '', covering`` river, ocean''."", 'Ankahi was an Urdu drama serial broadcast by Pakistan Television Corporation (PTV) in 1982.', 'The Partition of India was the division of British India in 1947 which accompanied the creation of two independent dominions, India and Pakistan.', ""Islam (Arabic: الإسلام) is the second-largest religion in India, with 14.2% of the country's population or approx. 200 million people identifying as adherents of Islam (2018 estimate).""]}",the country of India,"{'answer_em': 0.0, 'answer_f1': 0.28571428571428575, 'answer_precision': 0.25, 'answer_recall': 0.3333333333333333, 'support_f1': 0.0, 'support_precision': 0.0, 'support_recall': 0.0, 'accuracy': 0.28571428571428575}"
2hop__10017_18974,Who led the military expedition in the province that borders Zhejiang to the south?,"{'answer': 'Chen Zheng and his son Chen Yuanguang, and also the two brothers Wang Chao and Wang Shenzhi', 'supporting_facts': ['Zhejiang is bordered by Jiangsu province and Shanghai municipality to the north, Anhui province to the northwest, Jiangxi province to the west, and Fujian province to the south; to the east is the East China Sea, beyond which lie the Ryukyu Islands of Japan.', 'In 677 (during the reign of Emperor Gaozong), Chen Zheng (陳政), together with his son Chen Yuanguang (陳元光), led a military expedition to pacify the rebellion in Fujian.', 'In 885, (during the reign of Emperor Xizong of Tang), the two brothers Wang Chao (王潮) and Wang Shenzhi (王審知), led a military expedition force to pacify the Huang Chao rebellion.']}",Chen Zheng,"{'answer_em': 0.0, 'answer_f1': 0.2222222222222222, 'answer_precision': 0.125, 'answer_recall': 1.0, 'support_f1': 0.0, 'support_precision': 0.0, 'support_recall': 0.0, 'accuracy': 0.2222222222222222}"
3hop1__120881_2053_52946,"When is Celebrity Big Brother coming to the network which, along with ABC and the network which released Stand Against Fear, is the other major broadcaster based in NY?","{'answer': 'February 7, 2018', 'supporting_facts': ['CBS announced that the series is set to premiere on February 7, 2018 and conclude on February 25, 2018.', 'The three major American broadcast networks are all headquartered in New York: ABC, CBS, and NBC.', 'Stand Against Fear ... aired on NBC on December 16, 1996.']}","February 7, 2018","{'answer_em': 1.0, 'answer_f1': 1.0, 'answer_precision': 1.0, 'answer_recall': 1.0, 'support_f1': 0.0, 'support_precision': 0.0, 'support_recall': 0.0, 'accuracy': 1.0}"
2hop__735014_83837,"Who sings Home Alone Tonight with the singer of ""I Don't Want This Night to End""?","{'answer': 'Karen Fairchild', 'supporting_facts': ['""Home Alone Tonight ""is a song recorded by American country music artist Luke Bryan as a duet with Karen Fairchild of American country music group Little Big Town for his fifth studio album, Kill the Lights (2015).', '""I Don\'t Want This Night to End"" is a song co-written and recorded by American country music artist Luke Bryan.']}",Karen Fairchild,"{'answer_em': 1.0, 'answer_f1': 1.0, 'answer_precision': 1.0, 'answer_recall': 1.0, 'support_f1': 0.0, 'support_precision': 0.0, 'support_recall': 0.0, 'accuracy': 1.0}"
2hop__596188_297986,What administrative territorial entity contains the place where Mycenae House is located?,"{'answer': 'Royal Borough of Greenwich', 'supporting_facts': ['Mycenae House is a community centre housed in a former convent building adjacent to the Georgian villa, Woodlands House, in Mycenae Road, in the Westcombe Park area of Greenwich, London.', 'Maze Hill is an area in Greenwich and Blackheath, in south-east London, lying to the east of Greenwich Park, and west of the Westcombe Park area of Blackheath.', 'It is part of the Royal Borough of Greenwich, and takes its name from the main thoroughfare, Maze Hill.']}",Royal Borough of Greenwich,"{'answer_em': 1.0, 'answer_f1': 1.0, 'answer_precision': 1.0, 'answer_recall': 1.0, 'support_f1': 0.0, 'support_precision': 0.0, 'support_recall': 0.0, 'accuracy': 1.0}"
4hop3__700962_88460_30152_20999,How were the same people who the Somali Muslim Ajuran Empire declared independence from expelled from the natural boundary between Thailand and the country where Ban Pakpo is found?,"{'answer': 'The Portuguese were expelled by the dynasty in 1613.', 'supporting_facts': ['The dynasty regrouped and defeated the Portuguese in 1613 and Siam in 1614.', 'The Somali Muslim Ajuran Empire, allied with the Ottomans, defied the Portuguese economic monopoly in the Indian Ocean by employing a new coinage which followed the Ottoman pattern, thus proclaiming an attitude of economic independence in regard to the Portuguese.', 'Thailand is bordered to the north by Myanmar and Laos, to the east by Laos and Cambodia, to the south by the Gulf of Thailand and Malaysia, and to the west by the Andaman Sea and the southern extremity of Myanmar.', 'Ban Pakpo, also Pak Pok or Pakpo, is a village in Vientiane Province, Laos.']}",The dynasty regrouped and defeated the Portuguese,"{'answer_em': 0.0, 'answer_f1': 0.3333333333333333, 'answer_precision': 0.2857142857142857, 'answer_recall': 0.4, 'support_f1': 0.0, 'support_precision': 0.0, 'support_recall': 0.0, 'accuracy': 0.3333333333333333}"
3hop1__145427_106426_157788,What is one railway line in the country the produced The Longest Night in the city where You Wenhui was born?,"{'answer': 'Beijing--Shanghai High-Speed Railway', 'supporting_facts': [""The Longest Night in Shanghai is a 2007 film produced by Japan's Movie Eye Entertainment and directed by Chinese director Zhang Yibai."", 'You Wenhui (; born October 20, 1979 in Shanghai) is a female Chinese beach volleyball player who competed in the 2004 Summer Olympics.', ""The Beijing -- Shanghai High - Speed Railway (or Jinghu High - Speed Railway from its Chinese name) is a 1,318 - kilometre (819 mi) long high - speed railway that connects two major economic zones in the People's Republic of China, the Bohai Economic Rim and the Yangtze River Delta.""]}",Yamanote Line loop,"{'answer_em': 0.0, 'answer_f1': 0.0, 'answer_precision': 0.0, 'answer_recall': 0.0, 'support_f1': 0.0, 'support_precision': 0.0, 'support_recall': 0.0, 'accuracy': 0.0}"
2hop__857493_17335,When did the spouse of Parysatis II die?,"{'answer': '323 BC', 'supporting_facts': [""Parysatis, the youngest daughter of Artaxerxes III of Persia, married Alexander the Great in 324 BC at the Susa weddings. She may have been murdered by Alexander's first wife, Roxana, in 323 BC.""]}",323 BC,"{'answer_em': 1.0, 'answer_f1': 1.0, 'answer_precision': 1.0, 'answer_recall': 1.0, 'support_f1': 0.0, 'support_precision': 0.0, 'support_recall': 0.0, 'accuracy': 1.0}"
2hop__123104_77615,When did the military instruction start in the university that Paulo Manalo attended?,"{'answer': '1912', 'supporting_facts': ['ROTC in the Philippines began in 1912 when the Philippine Constabulary commenced with military instruction at the University of the Philippines.', 'Paolo Manalo is a Filipino poet who teaches at the College of Arts and Letters, University of the Philippines.']}",1912,"{'answer_em': 1.0, 'answer_f1': 1.0, 'answer_precision': 1.0, 'answer_recall': 1.0, 'support_f1': 0.0, 'support_precision': 0.0, 'support_recall': 0.0, 'accuracy': 1.0}"
4hop2__9988_685934_70784_61381,"When was the country established that lies north of the region that prevailed with the disgrace of the ""Near East"" and the body of water containing The World islands?","{'answer': '1932', 'supporting_facts': ['Subsequently with the disgrace of ""Near East"" in diplomatic and military circles, ""Middle East"" prevailed.', 'The World or The World Islands, (Arabic: جزر العالم; ""Juzur al-Ālam"") is an artificial archipelago of various small islands constructed in the rough shape of a world map, located in the waters of the Persian Gulf, off the coast of Dubai, United Arab Emirates.', 'The Kingdom of Saudi Arabia was founded in 1932 by Ibn Saud.']}",1932,"{'answer_em': 1.0, 'answer_f1': 1.0, 'answer_precision': 1.0, 'answer_recall': 1.0, 'support_f1': 0.0, 'support_precision': 0.0, 'support_recall': 0.0, 'accuracy': 1.0}"
2hop__788087_150107,Who published the Communication of the association that Deborah Estrin is a member of?,"{'answer': 'Saul Rosen', 'supporting_facts': ['Communications of the ACM is the monthly journal of the Association for Computing Machinery (ACM).', 'It was established in 1958, with Saul Rosen as its first managing editor.', 'She is a fellow of the ACM and the IEEE.']}",Association for Computing Machinery,"{'answer_em': 0.0, 'answer_f1': 0.0, 'answer_precision': 0.0, 'answer_recall': 0.0, 'support_f1': 0.0, 'support_precision': 0.0, 'support_recall': 0.0, 'accuracy': 0.0}"
4hop1__73810_32392_823060_610794,In what county is located the city that shares a border with the capital of the state that won the 2017 NCAA Basketball Tournament?,"{'answer': 'Richland County', 'supporting_facts': ['South Carolina defeated Mississippi State to win the championship.', 'Forest Acres is a city in Richland County, South Carolina, United States.', 'It is part of the Columbia, South Carolina, Metropolitan Statistical Area.']}",Richland County,"{'answer_em': 1.0, 'answer_f1': 1.0, 'answer_precision': 1.0, 'answer_recall': 1.0, 'support_f1': 0.0, 'support_precision': 0.0, 'support_recall': 0.0, 'accuracy': 1.0}"
4hop1__749065_698949_157828_239539,"Where are the headquarters of the Radio Television, of the country whose co-official language was used in the film named after the city where Slavko Šurdonja?","{'answer': 'Belgrade, Serbia', 'supporting_facts': ['Slavko Šurdonja (1 October 1912 in Sušak – 8 January 1943 in Belgrade) was a Croatian, Yugoslav international, football player.', 'Belgrade (also known as Belgrade with Boris Malagurski) is a 2013 Serbian documentary film directed by Boris Malagurski about Belgrade, the capital of Serbia.', 'The documentary film had its world premiere on 19 October 2013 at Sava Centar in Belgrade and was aired on Radio Television Serbia on 20 October 2014.', 'Serbian (српски / srpski, pronounced [sr̩̂pskiː]) is the standardized variety of the Serbo-Croatian language mainly used by Serbs. It is the official language of Serbia, co-official in the territory of Kosovo, and one of the three official languages of Bosnia and Herzegovina.']}",Pristina,"{'answer_em': 0.0, 'answer_f1': 0.0, 'answer_precision': 0.0, 'answer_recall': 0.0, 'support_f1': 0.0, 'support_precision': 0.0, 'support_recall': 0.0, 'accuracy': 0.0}"
3hop1__222380_443779_52195,Who is the president of the newly declared independent country that is part of the Commission of Truth and Friendship with the country where Buru is located?,"{'answer': 'Francisco Guterres', 'supporting_facts': ['The Indonesia–Timor Leste Commission on Truth and Friendship was a truth commission established jointly by the governments of Indonesia and East Timor in August 2005.', 'Buru Regency is a regency of Maluku, Indonesia.', 'President Francisco Guterres Prime Minister Mari Alkatiri Legislature National Parliament Formation Portuguese Timor 16th century Independence declared 28 November 1975 Annexation by Indonesia 17 July 1976 Administered by UNTAET 25 October 1999 Independence restored 20 May 2002']}",Francisco Guterres,"{'answer_em': 1.0, 'answer_f1': 1.0, 'answer_precision': 1.0, 'answer_recall': 1.0, 'support_f1': 0.0, 'support_precision': 0.0, 'support_recall': 0.0, 'accuracy': 1.0}"
2hop__530579_13529,When was the father of Diego Sinagra signed by Barcelona?,"{'answer': 'June 1982', 'supporting_facts': ['In June 1982, Diego Maradona was signed for a world record fee of £5 million from Boca Juniors.', 'Diego Armando Maradona Sinagra (born 20 September 1986) is an Italian footballer and beach soccer player, who plays for A.S.D San Giorgio in Italy. He is the son of Argentine national footballer Diego Maradona.']}",June 1982,"{'answer_em': 1.0, 'answer_f1': 1.0, 'answer_precision': 1.0, 'answer_recall': 1.0, 'support_f1': 0.0, 'support_precision': 0.0, 'support_recall': 0.0, 'accuracy': 1.0}"
4hop2__161602_426860_88460_20988,What major conflict is the country between the country that hosted the tournament and the country where That Dam is from known for?,"{'answer': 'None, the countries are Russia and Laos, and there is no known major conflict between them', 'supporting_facts': ['2018 FIFA World Cup Чемпионат мира по футболу 2018 (Chempionat mira po futbolu 2018) Tournament details Host country Russia Dates 14 June -- 15 July Teams 32 (from 5 confederations) Venue (s) 12 (in 11 host cities) ← 2014 2022 →', 'That Dam (Lao ທາດດຳ, meaning Black Stupa) is a large stupa located in Vientiane, Laos.', 'Myanmar (also known as Burma) is the northwestern-most country of mainland Southeast Asia, bordering China, India, Bangladesh, Thailand and Laos. It lies along the Indian and Eurasian Plates, to the southeast of the Himalayas.']}",one of the world's longest-running ongoing civil wars.,"{'answer_em': 0.0, 'answer_f1': 0.0, 'answer_precision': 0.0, 'answer_recall': 0.0, 'support_f1': 0.0, 'support_precision': 0.0, 'support_recall': 0.0, 'accuracy': 0.0}"
3hop1__622497_160088_49779,Who is the host of Who Wants to be a Millionaire in the country that the producer of The Wild Women of Chastity Gulch is from?,{'answer': 'Error: Failed to parse final JSON.'},Chris Harrison,"{'answer_em': 0.0, 'answer_f1': 0.0, 'answer_precision': 0.0, 'answer_recall': 0.0, 'support_f1': 0.0, 'support_precision': 0.0, 'support_recall': 0.0, 'error': 1}"
2hop__14_59409,Who was Beyonce's husband talking about in the the song Cry?,"{'answer': 'Three different past relationships', 'supporting_facts': ['In an interview with Bill Maher, Jay - Z stated that this song was actually inspired by three different relationships he had in the past, and he wrote about his different experiences all together in different verses.']}",three different relationships he had in the past,"{'answer_em': 0.0, 'answer_f1': 0.7272727272727273, 'answer_precision': 1.0, 'answer_recall': 0.5714285714285714, 'support_f1': 0.0, 'support_precision': 0.0, 'support_recall': 0.0, 'accuracy': 0.7272727272727273}"
4hop1__51465_53706_795904_580996,What shares a border with the city where the person who went to the state where most billionaires in America live during the gold rush works?,"{'answer': 'Oak Lawn', 'supporting_facts': ['Oak Lawn is a suburb of Chicago, located southwest of the city. It shares borders with the city in two areas, but is surrounded mostly by other suburbs.', 'Rank State / Region Number of billionaires California 124 New York 93 Florida 44', 'Henry Haight (1820–1869) was an American exchange banker and pioneer. He was the manager of the Banking House of Page, Bacon & Co. in San Francisco during the California gold rush era.']}",Rio Linda,"{'answer_em': 0.0, 'answer_f1': 0.0, 'answer_precision': 0.0, 'answer_recall': 0.0, 'support_f1': 0.0, 'support_precision': 0.0, 'support_recall': 0.0, 'accuracy': 0.0}"
2hop__5658_25002,How long did the pact last between Kravchuk and the person who signed the decree suspending the Communist Party of the Russian SFSR?,"{'answer': '10 years', 'supporting_facts': ['On November 19, the chairmen of the Ukrainian and Russian parliaments, respectively, Kravchuk and Yeltsin, signed a 10-year bilateral pact.', 'On August 23, after the failure of GKChP, in the presence of Gorbachev, Yeltsin signed a decree suspending all activity by the Communist Party of the Russian SFSR in the territory of Russia.']}",10-year,"{'answer_em': 0.0, 'answer_f1': 0.0, 'answer_precision': 0.0, 'answer_recall': 0.0, 'support_f1': 0.0, 'support_precision': 0.0, 'support_recall': 0.0, 'accuracy': 0.0}"
2hop__66167_88526,Who was picked before the player who has the most points in an NBA season in the NBA draft?,"{'answer': 'No one', 'supporting_facts': ['Wilt Chamberlain holds the all - time records for total points scored (4,029) and points per game (50.4) in a season; both records were achieved in the 1961 -- 62 season.', 'The 1950 NBA draft was the fourth annual draft of the National Basketball Association (NBA).']}",Greg Oden,"{'answer_em': 0.0, 'answer_f1': 0.0, 'answer_precision': 0.0, 'answer_recall': 0.0, 'support_f1': 0.0, 'support_precision': 0.0, 'support_recall': 0.0, 'accuracy': 0.0}"
2hop__485221_544917,What body of water includes the terrain feature where Coffee Swamp is located?,"{'answer': 'Lake Michigan', 'supporting_facts': ['Coffee Swamp is a two acre freshwater swamp located on the northern edge of Washington Island, in Door County Wisconsin and is a designated state natural area since 1994.', 'Washington Island is an uninhabited island in Lake Superior, however, the context also mentions another Washington Island, and this one is located in Door County Wisconsin, which is near Lake Michigan.']}",Lake Superior,"{'answer_em': 0.0, 'answer_f1': 0.5, 'answer_precision': 0.5, 'answer_recall': 0.5, 'support_f1': 0.0, 'support_precision': 0.0, 'support_recall': 0.0, 'accuracy': 0.5}"
3hop1__622497_160088_73916,What is the average yearly income for someone with the same nationality as the producer of The Wild Women of Chastity Gulch?,"{'answer': '$72,641', 'supporting_facts': ['Aaron Spelling (April 22, 1923 – June 23, 2006) was an American film and television producer.', 'Executive produced by Aaron Spelling, it premiered on ABC on October 31, 1982 and was later syndicated to cable television for rebroadcast.', 'The mean household income in the United States, according to the US Census Bureau 2014 Annual Social and Economic Supplement, was $72,641.']}","$72,641","{'answer_em': 1.0, 'answer_f1': 1.0, 'answer_precision': 1.0, 'answer_recall': 1.0, 'support_f1': 0.0, 'support_precision': 0.0, 'support_recall': 0.0, 'accuracy': 1.0}"
2hop__35566_17873,What happened to Buckingham after the departure of the queen who Martha Ann Ricks presented the famed Liberian coffee tree to?,"{'answer': ""The palace was seldom used, even neglected, and a note was found pinned to the fence saying it was to be let or sold due to the late occupant's declining business."", 'supporting_facts': ['Widowed in 1861, the grief-stricken Queen withdrew from public life and left Buckingham Palace to live at Windsor Castle, Balmoral Castle and Osborne House.', 'For many years the palace was seldom used, even neglected.', ""In 1864, a note was found pinned to the fence of Buckingham Palace, saying: 'These commanding premises to be let or sold, in consequence of the late occupant's declining business.'""]}","palace was seldom used, even neglected","{'answer_em': 0.0, 'answer_f1': 0.3636363636363636, 'answer_precision': 0.2222222222222222, 'answer_recall': 1.0, 'support_f1': 0.0, 'support_precision': 0.0, 'support_recall': 0.0, 'accuracy': 0.3636363636363636}"
3hop2__326964_263934_7713,How long had the place of birth of Tang Jinhua been the capital city of the Yaxing Coach headquarters location?,"{'answer': 'About 400 years', 'supporting_facts': ['Tang Jinhua (; born 8 January 1992 in Nanjing) is a Chinese female badminton doubles player who competes at the highest level for some years now.', 'Yaxing Coach (Yangzhou Yaxing Motor Coach Co., Ltd) is a bus manufacturer based in Yangzhou, Jiangsu, China.', 'Nanjing was later the capital city of Danyang Prefecture, and had been the capital city of Yangzhou for about 400 years from late Han to early Tang.']}",about 400 years,"{'answer_em': 1.0, 'answer_f1': 1.0, 'answer_precision': 1.0, 'answer_recall': 1.0, 'support_f1': 0.0, 'support_precision': 0.0, 'support_recall': 0.0, 'accuracy': 1.0}"
3hop1__145427_106426_77199,When did the USA declare war on the country that produced The Longest Night in the city where You Wenhui was born?,"{'answer': 'December 8, 1941', 'supporting_facts': ['You Wenhui (; born October 20, 1979 in Shanghai) is a female Chinese beach volleyball player who competed in the 2004 Summer Olympics.', ""The Longest Night in Shanghai () is a 2007 film produced by Japan's Movie Eye Entertainment and directed by Chinese director Zhang Yibai. It is a rare collaboration between China and Japan."", ""On December 8, 1941, the United States Congress declared war (Public Law 77 - 328, 55 STAT 795) on the Empire of Japan in response to that country's surprise attack on Pearl Harbor the prior day.""]}","December 8, 1941","{'answer_em': 1.0, 'answer_f1': 1.0, 'answer_precision': 1.0, 'answer_recall': 1.0, 'support_f1': 0.0, 'support_precision': 0.0, 'support_recall': 0.0, 'accuracy': 1.0}"
4hop2__71753_729371_70784_61381,When was the region immediately north of the region home to Israel and the location of Operation Earnest Will established?,"{'answer': 'Unknown', 'supporting_facts': ['The provided context does not mention Operation Earnest Will or a region immediately north of the region home to Israel being established.', 'Operation Praying Mantis is mentioned, but it does not provide information about the establishment of a region.', ""Israel's location and neighboring countries are described, but no information is given about a region being established to the north.""]}",1932,"{'answer_em': 0.0, 'answer_f1': 0.0, 'answer_precision': 0.0, 'answer_recall': 0.0, 'support_f1': 0.0, 'support_precision': 0.0, 'support_recall': 0.0, 'accuracy': 0.0}"
2hop__13539_13493,"In 2009, what series of wins did the team who won the first match in the 1943 Copa del Generalissimo achieve?","{'answer': 'The sextuple', 'supporting_facts': ['In 2009, Barcelona became the first Spanish club to win the continental treble consisting of La Liga, Copa del Rey, and the UEFA Champions League, and also became the first football club to win six out of six competitions in a single year, completing the sextuple in also winning the Spanish Super Cup, UEFA Super Cup and FIFA Club World Cup.', 'In 1943, Barcelona faced rivals Real Madrid in the semi-finals of Copa del Generalísimo (now the Copa del Rey). The first match at Les Corts was won by Barcelona 3–0.']}",continental treble,"{'answer_em': 0.0, 'answer_f1': 0.0, 'answer_precision': 0.0, 'answer_recall': 0.0, 'support_f1': 0.0, 'support_precision': 0.0, 'support_recall': 0.0, 'accuracy': 0.0}"
3hop1__796649_720914_27537,Why did Roncalli leave the city where the creator of Flora died?,"{'answer': 'To attend the conclave in Rome for the election of a new pontiff after the death of Pope Pius XI', 'supporting_facts': ['Following the death of Pope Pius XII on 9 October 1958, Roncalli watched the live funeral on his last full day in Venice on 11 October.', 'He left Venice for the conclave in Rome well aware that he was papabile,[b] and after eleven ballots, was elected to succeed the late Pius XII, so it came as no surprise to him, though he had arrived at the Vatican with a return train ticket to Venice.[citation needed]', 'On 10 February 1939, Pope Pius XI died.', 'Roncalli was unable to see his mother for the end as the death of a pontiff meant that he would have to stay at his post until the election of a new pontiff.']}",for the conclave in Rome,"{'answer_em': 0.0, 'answer_f1': 0.4, 'answer_precision': 0.25, 'answer_recall': 1.0, 'support_f1': 0.0, 'support_precision': 0.0, 'support_recall': 0.0, 'accuracy': 0.4}"
2hop__9285_42311,What's the largest med school in what was the nobilities commonwealth?,"{'answer': 'The Medical University of Warsaw', 'supporting_facts': [""The Polish term 'szlachta' designated the formalized, hereditary noble class of Polish-Lithuanian Commonwealth."", 'The Medical University of Warsaw, the largest medical school in Poland and one of the most prestigious,']}",Medical University of Warsaw,"{'answer_em': 1.0, 'answer_f1': 1.0, 'answer_precision': 1.0, 'answer_recall': 1.0, 'support_f1': 0.0, 'support_precision': 0.0, 'support_recall': 0.0, 'accuracy': 1.0}"
4hop1__9007_698949_157828_239539,The original language of the film titled and about the city of Tito's final resting place is the co-official language of a country. Where are the headquarters for that country's national radio and TV broadcaster?,"{'answer': 'Belgrade', 'supporting_facts': ['Every year a ""Brotherhood and Unity"" relay race is organized in Montenegro, Macedonia and Serbia which ends at the ""House of Flowers"" in Belgrade on May 25 – the final resting place of Tito.', 'Belgrade (also known as Belgrade with Boris Malagurski) is a 2013 Serbian documentary film directed by Boris Malagurski about Belgrade, the capital of Serbia.', 'The documentary film had its world premiere on 19 October 2013 at Sava Centar in Belgrade and was aired on Radio Television Serbia on 20 October 2014.', 'Serbian (српски / srpski, pronounced [sr̩̂pskiː]) is the standardized variety of the Serbo-Croatian language mainly used by Serbs. It is the official language of Serbia, co-official in the territory of Kosovo, and one of the three official languages of Bosnia and Herzegovina.']}",Pristina,"{'answer_em': 0.0, 'answer_f1': 0.0, 'answer_precision': 0.0, 'answer_recall': 0.0, 'support_f1': 0.0, 'support_precision': 0.0, 'support_recall': 0.0, 'accuracy': 0.0}"
2hop__497191_129669,In which district was Alhandra born?,"{'answer': 'Lisbon District', 'supporting_facts': ['Vila Franca de Xira is a municipality in the Lisbon District in Portugal.', 'Luís Miguel Assunção Joaquim (born 5 March 1979 in Vila Franca de Xira, Lisbon), known as Alhandra, is a Portuguese retired footballer who played mainly as a left back – he could also appear as a midfielder.']}",Lisbon District,"{'answer_em': 1.0, 'answer_f1': 1.0, 'answer_precision': 1.0, 'answer_recall': 1.0, 'support_f1': 0.0, 'support_precision': 0.0, 'support_recall': 0.0, 'accuracy': 1.0}"
3hop1__131110_39743_24526,"In the state that includes Walnut Spring, what's the typical winter daytime temperature range in the region of Richmond?","{'answer': 'upper 40s–lower 50s °F (8–12 °C)', 'supporting_facts': ['The Piedmont is colder than the coast, with temperatures usually averaging in the upper 40s–lower 50s °F (8–12 °C) during the day and often dropping below the freezing point at night.', 'Richmond is located in the Piedmont region of Virginia, at the highest navigable point of the James River.']}",upper 40s–lower 50s °F,"{'answer_em': 0.0, 'answer_f1': 0.8, 'answer_precision': 0.6666666666666666, 'answer_recall': 1.0, 'support_f1': 0.0, 'support_precision': 0.0, 'support_recall': 0.0, 'accuracy': 0.8}"
3hop1__9285_5188_23307,"What month did the Tripartite discussions begin between Britain, France, and the country where, despite being headquartered in the nation called the nobilities commonwealth, the top-ranking Warsaw Pact operatives originated?","{'answer': 'June', 'supporting_facts': ['In mid-June, the main Tripartite negotiations started.', ""The USSR proposed to consider that a political turn towards Germany by the Baltic states would constitute an 'indirect aggression' towards the Soviet Union."", ""The discussion about a definition of 'indirect aggression' became one of the sticking points between the parties, and by mid-July, the tripartite political negotiations effectively stalled, while the parties agreed to start negotiations on a military agreement, which the Soviets insisted must be entered into simultaneously with any political agreement.""]}",mid-June,"{'answer_em': 0.0, 'answer_f1': 0.0, 'answer_precision': 0.0, 'answer_recall': 0.0, 'support_f1': 0.0, 'support_precision': 0.0, 'support_recall': 0.0, 'accuracy': 0.0}"
2hop__16844_42173,When was the ruler that was dissolved after the Indian Rebellion of 1857 established?,"{'answer': '1600', 'supporting_facts': ['In 1599 the British East India Company was established and was chartered by Queen Elizabeth in the following year.']}",1599,"{'answer_em': 0.0, 'answer_f1': 0.0, 'answer_precision': 0.0, 'answer_recall': 0.0, 'support_f1': 0.0, 'support_precision': 0.0, 'support_recall': 0.0, 'accuracy': 0.0}"
3hop1__671542_665330_47686,Where do greyhound buses leave from in the city where the performer of Darlings formed?,"{'answer': 'Toronto Coach Terminal', 'supporting_facts': ['Kevin Drew (born September 9, 1976) is a Canadian musician and songwriter who, together with Brendan Canning, founded the expansive Toronto baroque-pop collective Broken Social Scene.', 'Darlings is the second solo album by Broken Social Scene co-founder Kevin Drew.', 'The Toronto Coach Terminal is the central bus station for inter-city services in Toronto, Ontario, Canada.', 'The TTC managed the station directly until July 8, 2012, when it was leased out in its entirety to bus lines Coach Canada and Greyhound Canada for $1.2 million annually.']}",Toronto Coach Terminal,"{'answer_em': 1.0, 'answer_f1': 1.0, 'answer_precision': 1.0, 'answer_recall': 1.0, 'support_f1': 0.0, 'support_precision': 0.0, 'support_recall': 0.0, 'accuracy': 1.0}"
3hop1__672543_503371_21711,"When was the Palau de la Generalitat built in the place of death of Martin, of the region containing Piedratajada?","{'answer': '15th century', 'supporting_facts': ['Piedratajada (Piedratallada or Pietallada), is a municipality located in the province of Zaragoza, Aragon, Spain.', 'Martin the Humane (29 July 1356 – 31 May 1410), also called the Elder and the Ecclesiastic, was King of Aragon, Valencia, Sardinia and Corsica and Count of Barcelona from 1396 and King of Sicily from 1409 (as Martin II). He failed to secure the accession of his illegitimate grandson, Frederic, Count of Luna, and with him the rule of the House of Barcelona came to an end.', 'The Palau de la Generalitat in Barcelona, built in the 15th century for the kings of Aragon,']}",built in the 15th century,"{'answer_em': 0.0, 'answer_f1': 0.6666666666666666, 'answer_precision': 1.0, 'answer_recall': 0.5, 'support_f1': 0.0, 'support_precision': 0.0, 'support_recall': 0.0, 'accuracy': 0.6666666666666666}"
4hop2__161602_426860_88460_21062,Are there any cruise travel destinations for the country lying between the country hosting the tournament and the country having That Dam?,"{'answer': 'Yes, there are cruise travel destinations for the country lying between Russia and Laos, such as the Andaman Sea to the south of Myanmar.', 'supporting_facts': ['Myanmar (also known as Burma) is the northwestern-most country of mainland Southeast Asia, bordering China, India, Bangladesh, Thailand and Laos.', 'To its west is the Bay of Bengal and to its south is the Andaman Sea.', 'That Dam (Lao ທາດດຳ, meaning Black Stupa) is a large stupa located in Vientiane, Laos.', ""The 2018 FIFA World Cup will be the 21st FIFA World Cup, a quadrennial international football tournament contested by the men's national teams of the member associations of FIFA. It is scheduled to take place in Russia from 14 June to 15 July 2018, after the country was awarded the hosting rights on 2 December 2010."", ""Carnival Cruise Line is the world's largest cruise line based in Miami, Florida in the United States.""]}",It is not possible for foreigners to go to/from Myanmar by sea or river.,"{'answer_em': 0.0, 'answer_f1': 0.22857142857142854, 'answer_precision': 0.19047619047619047, 'answer_recall': 0.2857142857142857, 'support_f1': 0.0, 'support_precision': 0.0, 'support_recall': 0.0, 'accuracy': 0.22857142857142854}"
3hop1__404541_629431_124169,When did the Governorship end of the city where the author of Paenitentiam Agere died?,"{'answer': '1963', 'supporting_facts': ['Paenitentiam agere (""Penance for sins"") was the seventh encyclical made by Pope John XXIII, and was issued on 1 July 1962.', 'Pope John XXIII (25 November 1881 – 3 June 1963) reigned as popes of the Roman Catholic Church and the sovereigns of Vatican City']}",1952,"{'answer_em': 0.0, 'answer_f1': 0.0, 'answer_precision': 0.0, 'answer_recall': 0.0, 'support_f1': 0.0, 'support_precision': 0.0, 'support_recall': 0.0, 'accuracy': 0.0}"
2hop__648648_173389,The city which contains Broadhurst Park shares a border with what town?,"{'answer': 'Middleton', 'supporting_facts': ['Broadhurst Park is a football ground in Moston, Manchester, England.', ""It is located in the south west of Chadderton, close to the town's common borders with Middleton to the west and Moston in the City of Manchester which lies to the south.""]}",Middleton,"{'answer_em': 1.0, 'answer_f1': 1.0, 'answer_precision': 1.0, 'answer_recall': 1.0, 'support_f1': 0.0, 'support_precision': 0.0, 'support_recall': 0.0, 'accuracy': 1.0}"
2hop__32441_522949,Who is the spouse of the other president Jenkins Orphanage played for that wasn't Taft?,"{'answer': 'Edith Roosevelt', 'supporting_facts': ['The Jenkins Orphanage Band played in the inaugural parades of Presidents Theodore Roosevelt and William Taft and toured the USA and Europe.', 'Edith Roosevelt (Derby) Williams (June 17, 1917 – June 8, 2008) was a historian, conservationist, and granddaughter of the 26th President of the United States Theodore Roosevelt.']}",Edith Roosevelt,"{'answer_em': 1.0, 'answer_f1': 1.0, 'answer_precision': 1.0, 'answer_recall': 1.0, 'support_f1': 0.0, 'support_precision': 0.0, 'support_recall': 0.0, 'accuracy': 1.0}"
3hop1__662413_42197_18397,Where did the arguer that Kirill Eskov's country of citizenship had become an imperialist power declare he would intervene in the Korean conflict?,"{'answer': 'China', 'supporting_facts': ['Mao Zedong once argued that the Soviet Union had itself become an imperialist power while maintaining a socialist façade.', ""On 4 August 1950, with the PRC invasion of Taiwan aborted, Mao Zedong reported to the Politburo that he would intervene in Korea when the People's Liberation Army's (PLA) Taiwan invasion force was reorganized into the PLA North East Frontier Force.""]}",the Politburo,"{'answer_em': 0.0, 'answer_f1': 0.0, 'answer_precision': 0.0, 'answer_recall': 0.0, 'support_f1': 0.0, 'support_precision': 0.0, 'support_recall': 0.0, 'accuracy': 0.0}"
3hop1__140855_2053_52946,"When is Celebrity Big Brother coming to the network that, along with the original network of Then Came Bronson and ABC, is based in New York?","{'answer': 'February 7, 2018', 'supporting_facts': ['Then Came Bronson is an American adventure/drama television series starring Michael Parks that aired on NBC.', 'The three major American broadcast networks are all headquartered in New York: ABC, CBS, and NBC.', 'CBS announced that the series is set to premiere on February 7, 2018 and conclude on February 25, 2018.']}","February 7, 2018","{'answer_em': 1.0, 'answer_f1': 1.0, 'answer_precision': 1.0, 'answer_recall': 1.0, 'support_f1': 0.0, 'support_precision': 0.0, 'support_recall': 0.0, 'accuracy': 1.0}"
2hop__93230_319887,What institute did the actor playing the voice of John Smith in Pocahontas attend?,"{'answer': 'National Institute of Dramatic Art (NIDA)', 'supporting_facts': ['Mel Gibson as John Smith, the love interest of Pocahontas.', ""He is the co-founder of the Production Company 'BananaMana Films' along with Christian Lee. Chan currently resides in Singapore."", 'After graduating, he obtained his Fellowship in General Practice and worked as a General Practitioner for a few years before gaining a place in the renowned National Institute of Dramatic Art (NIDA) in Sydney (other graduates include: Mel Gibson, Cate Blanchett, Judy Davis, Baz Luhrmann and Hugo Weaving) where he obtained a Bachelor of Dramatic Arts in Acting.']}",National Institute of Dramatic Art,"{'answer_em': 0.0, 'answer_f1': 0.9090909090909091, 'answer_precision': 0.8333333333333334, 'answer_recall': 1.0, 'support_f1': 0.0, 'support_precision': 0.0, 'support_recall': 0.0, 'accuracy': 0.9090909090909091}"
4hop3__323121_88460_30152_20999,How were people from whom new coins were a proclamation of independence by the Somali Muslim Ajuran Empire expelled from the natural boundary between Thailand and A Magne's country?,{'answer': 'Error: Failed to parse final JSON.'},The dynasty regrouped and defeated the Portuguese,"{'answer_em': 0.0, 'answer_f1': 0.0, 'answer_precision': 0.0, 'answer_recall': 0.0, 'support_f1': 0.0, 'support_precision': 0.0, 'support_recall': 0.0, 'error': 1}"
2hop__517145_367341,Who is the child of the cast member of Green Ice?,"{'answer': 'None', 'supporting_facts': ['Green Ice is the soundtrack to the 1981 United Kingdom science fiction film ""Green Ice"" starring Ryan O\'Neal.', 'The soundtrack was recorded by Bill Wyman and contains 18 original songs.']}",Tatum O'Neal,"{'answer_em': 0.0, 'answer_f1': 0.0, 'answer_precision': 0.0, 'answer_recall': 0.0, 'support_f1': 0.0, 'support_precision': 0.0, 'support_recall': 0.0, 'accuracy': 0.0}"
2hop__29893_29898,Which affiliate left the company that owns and operates most of the CBC television stations due to an agreement with CHBC?,"{'answer': 'CFJC-TV', 'supporting_facts': ['When a private CBC affiliate reaffiliates with another network, the CBC has normally added a retransmitter of its nearest O&O station to ensure that CBC service is continued. However, due to an agreement between CHBC and CFJC-TV in Kamloops, CFJC also disaffiliated from the CBC on February 27, 2006, but no retransmitters were installed in the licence area.']}",CFJC-TV in Kamloops,"{'answer_em': 0.0, 'answer_f1': 0.5, 'answer_precision': 1.0, 'answer_recall': 0.3333333333333333, 'support_f1': 0.0, 'support_precision': 0.0, 'support_recall': 0.0, 'accuracy': 0.5}"
3hop1__109422_720914_27537,Why did Roncalli leave the place of death of The Punishment of Tythus' creator?,"{'answer': ""The context does not provide information about Roncalli leaving the place of death of The Punishment of Tythus' creator."", 'supporting_facts': ['The Punishment of Tythus is a mythological painting by Titian dating to 1549 and now in the Museo del Prado.', 'There is no information in the context about the death of Titian or Roncalli leaving the place of his death.', 'Roncalli left Venice for the conclave in Rome well aware that he was papabile, and after eleven ballots, was elected to succeed the late Pius XII, so it came as no surprise to him, though he had arrived at the Vatican with a return train ticket to Venice.']}",for the conclave in Rome,"{'answer_em': 0.0, 'answer_f1': 0.0, 'answer_precision': 0.0, 'answer_recall': 0.0, 'support_f1': 0.0, 'support_precision': 0.0, 'support_recall': 0.0, 'accuracy': 0.0}"
4hop1__145422_698949_157828_162309,"When did the country, that has the original language of the film named after Vladimir Karalić's birthplace as a co-official language, first attend the Olympics as an independent team?","{'answer': '1992', 'supporting_facts': ['Vladimir Karalić (, born 22 March 1984 in Belgrade) is a Bosnian-Herzegovinian professional footballer who currently plays for First League of the Republika Srpska club Sloboda Mrkonjić Grad as a forward.', 'The White Suit () is a 1999 Serbian language film directed by Lazar Ristovski.', 'Serbian (српски / srpski, pronounced [sr̩̂pskiː]) is the standardized variety of the Serbo-Croatian language mainly used by Serbs. It is the official language of Serbia, co-official in the territory of Kosovo, and one of the three official languages of Bosnia and Herzegovina.', 'Bosnia and Herzegovina at the 1992 Summer Games and as of the 2008 Summer Olympics, all six successor nations, former socialist republics, have participated independently.']}",2016,"{'answer_em': 0.0, 'answer_f1': 0.0, 'answer_precision': 0.0, 'answer_recall': 0.0, 'support_f1': 0.0, 'support_precision': 0.0, 'support_recall': 0.0, 'accuracy': 0.0}"
2hop__754021_20057,Who started the organization that founded Defective by Design?,"{'answer': 'Richard Stallman', 'supporting_facts': ['Defective by Design is an anti-DRM initiative by the Free Software Foundation.', 'Free Software Foundation founder Richard Stallman argues that, although the term intellectual property is in wide use, it should be rejected altogether, because it ""systematically distorts and confuses these issues, and its use was and is promoted by those who gain from this confusion"".']}",Richard Stallman,"{'answer_em': 1.0, 'answer_f1': 1.0, 'answer_precision': 1.0, 'answer_recall': 1.0, 'support_f1': 0.0, 'support_precision': 0.0, 'support_recall': 0.0, 'accuracy': 1.0}"
2hop__29191_59955,What country is between Lithuania and Frederic Chopin's home country?,"{'answer': 'None', 'supporting_facts': [""Chopin's home country is implied to be Poland based on the provided information about his life and connections to Poland and France, and there is no information in the context that mentions a country between Lithuania and Poland.""]}",Kaliningrad Oblast,"{'answer_em': 0.0, 'answer_f1': 0.0, 'answer_precision': 0.0, 'answer_recall': 0.0, 'support_f1': 0.0, 'support_precision': 0.0, 'support_recall': 0.0, 'accuracy': 0.0}"
2hop__35989_623159,In what oblast is the oldest city in the northeast located?,"{'answer': 'Yaroslavl Oblast', 'supporting_facts': ['Rostov () is a town in Yaroslavl Oblast, Russia, one of the oldest in the country and a tourist center of the Golden Ring.', ""The city of Rostov, the oldest centre of the northeast, was supplanted first by Suzdal and then by the city of Vladimir, which become the capital of Vladimir-Suzdal'.""]}",Yaroslavl Oblast,"{'answer_em': 1.0, 'answer_f1': 1.0, 'answer_precision': 1.0, 'answer_recall': 1.0, 'support_f1': 0.0, 'support_precision': 0.0, 'support_recall': 0.0, 'accuracy': 1.0}"
2hop__62823_654855,"What political party was the candidate who garnered a million votes during the 1920 election despite being in prison, a member of?","{'answer': 'Socialist Party', 'supporting_facts': ['Socialist Party candidate Eugene V. Debs received 913,664 popular votes (3.4 percent), despite the fact that he was in prison at the time for advocating non-compliance with the draft during World War I.']}",Socialist Party of America,"{'answer_em': 0.0, 'answer_f1': 0.6666666666666666, 'answer_precision': 1.0, 'answer_recall': 0.5, 'support_f1': 0.0, 'support_precision': 0.0, 'support_recall': 0.0, 'accuracy': 0.6666666666666666}"
2hop__839126_472799,Which competition did the performer of Cadore 33 participated?,"{'answer': 'Eurovision Song Contest 1991', 'supporting_facts': ['Popular Spanish singer Sergio Dalma followed 2011\'s four-times platinum ""Via Dalma II"" with ""Cadore 33.""', 'Spain was represented by Sergio Dalma at the Eurovision Song Contest 1991, held in Rome, Italy.']}",Eurovision Song Contest 1991,"{'answer_em': 1.0, 'answer_f1': 1.0, 'answer_precision': 1.0, 'answer_recall': 1.0, 'support_f1': 0.0, 'support_precision': 0.0, 'support_recall': 0.0, 'accuracy': 1.0}"
3hop1__857_846_7701,When did the city where the Yongle emperor greeted the person to whom the edict was addressed become the Chinese national capital?,"{'answer': 'in the Ming dynasty, about a thousand years later', 'supporting_facts': ['Although as a city located in southern part of China becoming Chinese national capital as early as in Jin dynasty, the name Nanjing was designated to the city in Ming dynasty, about a thousand years later.', 'Nanjing has a number of other names, and some historical names are now used as names of districts of the city, and among them there is the name Jiangning (江寧), whose former character Jiang (江, River) is the former part of the name Jiangsu and latter character Ning (寧, simplified form 宁, Peace) is the short name of Nanjing.', 'The Yongle Emperor invited Deshin Shekpa, 5th Karmapa Lama (1384–1415), to his court, even though the fourth Karmapa had rejected the invitation of the Hongwu Emperor.', ""At Linggu Temple in Nanjing, he presided over the religious ceremonies for the Yongle Emperor's deceased parents, while twenty-two days of his stay were marked by religious miracles that were recorded in five languages on a gigantic scroll that bore the Emperor's seal.""]}",Jin dynasty,"{'answer_em': 0.0, 'answer_f1': 0.22222222222222224, 'answer_precision': 0.14285714285714285, 'answer_recall': 0.5, 'support_f1': 0.0, 'support_precision': 0.0, 'support_recall': 0.0, 'accuracy': 0.22222222222222224}"
3hop1__497845_629431_64412,When did the place where the author of Princeps Pastorum died become its own country?,"{'answer': '1929', 'supporting_facts': ['The name Vatican city was first used in the Lateran Treaty, signed on 11 February 1929, which established the modern city - state.', ""Princeps pastorum (Latin for 'Prince of the shepherds') is the title of an encyclical letter promulgated by Pope John XXIII on 28 November 1959."", 'Pope John XXIII (25 November 1881 – 3 June 1963) and Pope John Paul II (18 May 1920 – 2 April 2005) reigned as popes of the Roman Catholic Church and the sovereigns of Vatican City']}",11 February 1929,"{'answer_em': 0.0, 'answer_f1': 0.5, 'answer_precision': 1.0, 'answer_recall': 0.3333333333333333, 'support_f1': 0.0, 'support_precision': 0.0, 'support_recall': 0.0, 'accuracy': 0.5}"
2hop__556426_9237,When did the first mosque open where Air Marshall Islands is headquartered?,"{'answer': 'September 2012', 'supporting_facts': ['Air Marshall Islands is an airline based in Majuro, in the Marshall Islands.', 'There is also a small community of Ahmadiyya Muslims based in Majuro, with the first mosque opening in the capital in September 2012.']}",September 2012,"{'answer_em': 1.0, 'answer_f1': 1.0, 'answer_precision': 1.0, 'answer_recall': 1.0, 'support_f1': 0.0, 'support_precision': 0.0, 'support_recall': 0.0, 'accuracy': 1.0}"
4hop1__31333_59747_211319_557671,Which county shares a border with the county where the most populous city in the other state that sent Tennessee the most tourists in 2013 is located?,"{'answer': 'Fulton County', 'supporting_facts': ['The second highest originating location for tourists to Tennessee is the state of Georgia, accounting for 8.4% of tourists.', 'The largest municipality by population in Georgia is Atlanta with 420,003 residents', 'The largest municipality by population in Georgia is Atlanta with 420,003 residents, and the smallest municipality by population is Edge Hill with 24 residents. The largest municipality by land area is Augusta, a consolidated city - county, which spans 302.47 sq mi (783.4 km), while Edge Hill and Santa Claus are tied for the smallest at 0.18 sq mi (0.47 km) each.']}",Presque Isle County,"{'answer_em': 0.0, 'answer_f1': 0.4, 'answer_precision': 0.5, 'answer_recall': 0.3333333333333333, 'support_f1': 0.0, 'support_precision': 0.0, 'support_recall': 0.0, 'accuracy': 0.4}"
2hop__593866_80026,"In Willy Wonka and the Chocolate Factory, who played the character that the group who performs MMXIV was named after?","{'answer': 'Julie Dawn Cole', 'supporting_facts': ['MMXIV is a 2014 EP by Veruca Salt.', ""Julie Dawn Cole (born 26 October 1957) is an English actress who has been active for some 40 years. She began as a child performer in what remains her best - remembered film, 1971's Willy Wonka & the Chocolate Factory, playing the spoiled Veruca Salt.""]}",Julie Dawn Cole,"{'answer_em': 1.0, 'answer_f1': 1.0, 'answer_precision': 1.0, 'answer_recall': 1.0, 'support_f1': 0.0, 'support_precision': 0.0, 'support_recall': 0.0, 'accuracy': 1.0}"
3hop1__857_846_7795,"In 2011, what was the estimated population of the city where the Yongle emperor greeted the person to whom the edict was addressed?","{'answer': '8.11 million', 'supporting_facts': ['The Yongle Emperor came out of the palace in Nanjing to greet the Karmapa and did not require him to kowtow like a tributary vassal.', 'The statistics in 2011 estimated the total population to be 8.11 million.']}",8.11 million,"{'answer_em': 1.0, 'answer_f1': 1.0, 'answer_precision': 1.0, 'answer_recall': 1.0, 'support_f1': 0.0, 'support_precision': 0.0, 'support_recall': 0.0, 'accuracy': 1.0}"
3hop1__469478_15840_36002,What were the Genesis's advantages over the platform that plays Sunman?,"{'answer': 'The Genesis had a larger library of games and a lower price point.', 'supporting_facts': [""Despite the Genesis's head start, much larger library of games, and lower price point, the Genesis only represented an estimated 60% of the American 16-bit console market in June 1992, and neither console could maintain a definitive lead for several years."", 'Sunman is an unreleased action video game developed by EIM and planned to be published by Sunsoft for the Nintendo Entertainment System in 1992.']}",built on 16-bit architectures and offered improved graphics and sound,"{'answer_em': 0.0, 'answer_f1': 0.10000000000000002, 'answer_precision': 0.1, 'answer_recall': 0.1, 'support_f1': 0.0, 'support_precision': 0.0, 'support_recall': 0.0, 'accuracy': 0.10000000000000002}"
2hop__747306_72813,"In The Wire, who is played by the Go for Broke cast member?","{'answer': 'Bobby Brown', 'supporting_facts': ['Bobby Brown is a Western District uniformed officer. He was the first officer on scene at the shooting of William Gant. He was also at the Brandon Wright crime scene. Detective Jimmy McNulty later enlisted Brown to help watch the home of Wallace.', 'Go for Broke is a 2002 urban comedy film, written by Jean-Claude La Marre, who also directed and co-produced the film, which stars Pras, Michael A. Goorjian, LisaRaye, Kira Madallo Sesay, and Bobby Brown.']}",a Western District uniformed officer,"{'answer_em': 0.0, 'answer_f1': 0.0, 'answer_precision': 0.0, 'answer_recall': 0.0, 'support_f1': 0.0, 'support_precision': 0.0, 'support_recall': 0.0, 'accuracy': 0.0}"
4hop1__58323_375563_161848_53331,When was the death penalty abolished in the country near the country where the writer of The Book Thief is a citizen of?,"{'answer': '1989', 'supporting_facts': [""The Book Thief is a 2005 novel by Markus Zusak, and winner of the 2003 Children's Book Council of Australia Book of the Year Award, indicating Markus Zusak is an Australian author."", 'Capital punishment in New Zealand first appeared in a codified form when it became a British territory in 1840, and was first employed in 1842.', 'It was last used in 1957, abolished for murder in 1961, and abolished altogether, including for treason, in 1989.']}",1989,"{'answer_em': 1.0, 'answer_f1': 1.0, 'answer_precision': 1.0, 'answer_recall': 1.0, 'support_f1': 0.0, 'support_precision': 0.0, 'support_recall': 0.0, 'accuracy': 1.0}"
2hop__283298_22402,How many students attend the university employing Marie Theres Fögen?,"{'answer': 'nearly 25,000 students', 'supporting_facts': ['The biggest university in Switzerland is the University of Zurich with nearly 25,000 students.', 'Marie Theres Fögen taught Law at the University of Zurich and Harvard University (as visiting Professor) and was Director of the Max Planck Institute for European History of Law in Frankfurt am Main.']}","nearly 25,000","{'answer_em': 0.0, 'answer_f1': 0.8, 'answer_precision': 0.6666666666666666, 'answer_recall': 1.0, 'support_f1': 0.0, 'support_precision': 0.0, 'support_recall': 0.0, 'accuracy': 0.8}"
2hop__998_25855,What does dell call the feature letting the interface replacing FireWire in later iterations of the iPod drives to remain powered when the computer is off?,"{'answer': 'PowerShare', 'supporting_facts': ['On Dell and Toshiba laptops, the port is marked with the standard USB symbol with an added lightning bolt icon on the right side. Dell calls this feature PowerShare, while Toshiba calls it USB Sleep-and-Charge.', 'The third generation began including a 30-pin dock connector, allowing for FireWire or USB connectivity.', 'As of the first-generation iPod Nano and the fifth-generation iPod Classic, Apple discontinued using FireWire for data transfer (while still allowing for use of FireWire to charge the device) in an attempt to reduce cost and form factor.']}",PowerShare,"{'answer_em': 1.0, 'answer_f1': 1.0, 'answer_precision': 1.0, 'answer_recall': 1.0, 'support_f1': 0.0, 'support_precision': 0.0, 'support_recall': 0.0, 'accuracy': 1.0}"
3hop1__408237_400692_51423,What is the name of the castle in the birthplace of Harmony's performer?,"{'answer': 'No castle mentioned', 'supporting_facts': ['Sekou Lumumba is a Canadian musician, based in Toronto, who has been drummer for such artists and groups as ... Serena Ryder,', 'Harmony is the sixth studio album by Canadian singer-songwriter Serena Ryder.', ""The context does not provide information about the birthplace of Harmony's performer being in a castle.""]}",Casa Loma,"{'answer_em': 0.0, 'answer_f1': 0.0, 'answer_precision': 0.0, 'answer_recall': 0.0, 'support_f1': 0.0, 'support_precision': 0.0, 'support_recall': 0.0, 'accuracy': 0.0}"
2hop__72487_510545,Who is the spouse of the actor that plays vision in avengers age of ultron?,"{'answer': 'No information available', 'supporting_facts': ['Paul Bettany (born 27 May 1971) is an English actor.', 'He is known for his voice role as J.A.R.V.I.S. and the Vision in the Marvel Cinematic Universe, specifically the films Iron Man (2008), Iron Man 2 (2010), The Avengers (2012), Iron Man 3 (2013), Avengers: Age of Ultron (2015) and Captain America: Civil War (2016), for which he garnered praise.']}",Jennifer Connelly,"{'answer_em': 0.0, 'answer_f1': 0.0, 'answer_precision': 0.0, 'answer_recall': 0.0, 'support_f1': 0.0, 'support_precision': 0.0, 'support_recall': 0.0, 'accuracy': 0.0}"
3hop1__351696_42197_18397,Where did the person who argued that the country where Ural Oblast is located had become an imperialist power declare he would intervene in the Korean conflict?,"{'answer': 'At the UN conference in 1960, but the declaration of intervention in the Korean conflict was reported to the Politburo', 'supporting_facts': ['Mao Zedong once argued that the Soviet Union had itself become an imperialist power while maintaining a socialist façade.', ""On 4 August 1950, with the PRC invasion of Taiwan aborted, Mao Zedong reported to the Politburo that he would intervene in Korea when the People's Liberation Army's (PLA) Taiwan invasion force was reorganized into the PLA North East Frontier Force."", 'In his speech on the UN conference in 1960, he announced the continuation of the war on imperialism, stating that soon the people of different countries will come together and overthrow their imperialist leaders.']}",the Politburo,"{'answer_em': 0.0, 'answer_f1': 0.11764705882352941, 'answer_precision': 0.0625, 'answer_recall': 1.0, 'support_f1': 0.0, 'support_precision': 0.0, 'support_recall': 0.0, 'accuracy': 0.11764705882352941}"
3hop1__579562_629431_124169,What year did the Governor of the city where Pacem in Terris' author died end?,"{'answer': '1952', 'supporting_facts': [""Pacem in terris () was a papal encyclical issued by Pope John XXIII on 11 April 1963 on the rights and obligations of individuals and of the state, as well as the proper relations between states. It was the last encyclical drafted by John XXIII, who had been diagnosed with cancer in September 1962 and died two months after the encyclical's completion."", 'The post of Governor of Vatican City (Governatore dello Stato della Città del Vaticano in Italian) was held by Marchese Camillo Serafini from the foundation of the state in 1929 until his death in 1952']}",1952,"{'answer_em': 1.0, 'answer_f1': 1.0, 'answer_precision': 1.0, 'answer_recall': 1.0, 'support_f1': 0.0, 'support_precision': 0.0, 'support_recall': 0.0, 'accuracy': 1.0}"
4hop1__161765_53706_795904_580996,What city shares a border with the city where the person who went to the state where Englebart died during the gold rush works?,"{'answer': 'Oak Lawn', 'supporting_facts': ['Engelbart died at his home in Atherton, California on July 2, 2013, due to kidney failure.', 'The history of Sacramento, California, began with its founding by Samuel Brannan and John Augustus Sutter, Jr. in 1848 around an embarcadero that his father, John Sutter, Sr. constructed at the confluence of the American and Sacramento Rivers a few years prior.', 'Rio Linda High School is a high school located in Rio Linda, Sacramento, CA.', 'Oak Lawn is a suburb of Chicago, located southwest of the city. It shares borders with the city in two areas, but is surrounded mostly by other suburbs.']}",Rio Linda,"{'answer_em': 0.0, 'answer_f1': 0.0, 'answer_precision': 0.0, 'answer_recall': 0.0, 'support_f1': 0.0, 'support_precision': 0.0, 'support_recall': 0.0, 'accuracy': 0.0}"
2hop__71294_494136,Who is the spouse of the actor who plays the father on I Can Only Imagine?,"{'answer': 'Not specified in the context', 'supporting_facts': ['The film stars J. Michael Finley as Bart Millard, the lead singer who wrote the song about his relationship with his father (Dennis Quaid).', 'Dennis Quaid is featured in the film Flesh and Bone, but his spouse is not mentioned in the context.', 'There is no information in the context about the spouse of Dennis Quaid, the actor who plays the father in I Can Only Imagine.']}",Meg Ryan,"{'answer_em': 0.0, 'answer_f1': 0.0, 'answer_precision': 0.0, 'answer_recall': 0.0, 'support_f1': 0.0, 'support_precision': 0.0, 'support_recall': 0.0, 'accuracy': 0.0}"
2hop__657913_88628,Who did the producer of Big Jim McLain play in True Grit?,"{'answer': ""U.S. Marshal Reuben 'Rooster' J. Cogburn"", 'supporting_facts': ['Big Jim McLain is a 1952 political thriller film starring John Wayne and James Arness as HUAC investigators hunting down communists in the post-war Hawaii organized labor scene.', ""Frank Ross (John Pickard) is murdered by his hired hand, Tom Chaney (Jeff Corey). Ross's young daughter, Mattie (Kim Darby), travels to Fort Smith, Arkansas, where she hires aging U.S. Marshal Reuben ``Rooster ''J. Cogburn (John Wayne) to bring Chaney in, raising his fee by shrewdly horse trading with Colonel Stonehill (Strother Martin).""]}",U.S. Marshal Rooster Cogburn,"{'answer_em': 0.0, 'answer_f1': 0.8, 'answer_precision': 0.6666666666666666, 'answer_recall': 1.0, 'support_f1': 0.0, 'support_precision': 0.0, 'support_recall': 0.0, 'accuracy': 0.8}"
2hop__699172_141338,What company is the school where Lawrence Landweber was educated a part of?,"{'answer': 'City University of New York', 'supporting_facts': ['Brooklyn College is a public college in Brooklyn, New York City. It is part of the City University of New York.', ""He received his bachelor's degree in 1963 at Brooklyn College and his Ph.D. at Purdue University in 1967.""]}",City University of New York,"{'answer_em': 1.0, 'answer_f1': 1.0, 'answer_precision': 1.0, 'answer_recall': 1.0, 'support_f1': 0.0, 'support_precision': 0.0, 'support_recall': 0.0, 'accuracy': 1.0}"
2hop__613779_55984,"Who wrote the song ""The Story"" that is sung by the performer of ""That Wasn't Me""?","{'answer': 'Phil Hanseroth', 'supporting_facts': ['The song is also featured in Grey\'s Anatomy in 2007 and is on Grey\'s Anatomy Soundtrack album 3 (released September 11). ""The Story ""is a song released as a single by American folk rock singer Brandi Carlile, written by Phil Hanseroth, from her 2007 album The Story.', '""That Wasn\'t Me"" is a song by American recording artist Brandi Carlile.']}",Phil Hanseroth,"{'answer_em': 1.0, 'answer_f1': 1.0, 'answer_precision': 1.0, 'answer_recall': 1.0, 'support_f1': 0.0, 'support_precision': 0.0, 'support_recall': 0.0, 'accuracy': 1.0}"
2hop__747667_52835,Who wrote Turn Me On by the Thinking About You performer?,{'answer': 'Error: Failed to parse final JSON.'},John D. Loudermilk,"{'answer_em': 0.0, 'answer_f1': 0.0, 'answer_precision': 0.0, 'answer_recall': 0.0, 'support_f1': 0.0, 'support_precision': 0.0, 'support_recall': 0.0, 'error': 1}"
3hop1__604797_443779_52195,who is the president of newly declared independent country which is the country of the country of Alabio –Timor Leste Commission of Truth and Friendship?,"{'answer': 'Francisco Guterres', 'supporting_facts': ['The Indonesia–Timor Leste Commission of Truth and Friendship was a truth commission established jointly by the governments of Indonesia and East Timor in August 2005.', 'President Francisco Guterres']}",Francisco Guterres,"{'answer_em': 1.0, 'answer_f1': 1.0, 'answer_precision': 1.0, 'answer_recall': 1.0, 'support_f1': 0.0, 'support_precision': 0.0, 'support_recall': 0.0, 'accuracy': 1.0}"
3hop2__802066_223623_162182,"In what region of the country where Châu Đức is found, is the birthplace of John Phan?","{'answer': 'Southeast', 'supporting_facts': ['Châu Đức is a rural district of Bà Rịa–Vũng Tàu Province in the Southeast region of Vietnam.', 'Bon ""John"" Phan (born October 10, 1974 in Da Nang, Vietnam) is a Vietnamese-American professional poker player based in Stockton, California who is a two time World Series of Poker bracelet winner and is a winner and four time final tablist of World Poker Tour Championships.', 'South Central Coast (Vietnamese: Duyên hải Nam Trung Bộ) is one of the regions of Vietnam. It consists of the independent municipality of Đà Nẵng and seven other provinces. The two southern provinces Ninh Thuận and Bình Thuận are sometimes seen as part of the Southeast region.']}",South Central Coast,"{'answer_em': 0.0, 'answer_f1': 0.0, 'answer_precision': 0.0, 'answer_recall': 0.0, 'support_f1': 0.0, 'support_precision': 0.0, 'support_recall': 0.0, 'accuracy': 0.0}"
4hop1__236903_153080_159767_81096,Who won the Indy Car Race in the largest city and state of the state where the performer of East Coasting is from?,{'answer': 'Error: Failed to parse final JSON.'},Mario Andretti,"{'answer_em': 0.0, 'answer_f1': 0.0, 'answer_precision': 0.0, 'answer_recall': 0.0, 'support_f1': 0.0, 'support_precision': 0.0, 'support_recall': 0.0, 'error': 1}"
2hop__2683_577502,Who married the governor who passed a law in honor of Donda West?,"{'answer': 'Maria Shriver', 'supporting_facts': [""California governor Arnold Schwarzenegger signed the 'Donda West Law', legislation which makes it mandatory for patients to provide medical clearance for elective cosmetic surgery."", 'journalist Maria Shriver (wife of California governor Arnold Schwarzenegger)']}",Maria Shriver,"{'answer_em': 1.0, 'answer_f1': 1.0, 'answer_precision': 1.0, 'answer_recall': 1.0, 'support_f1': 0.0, 'support_precision': 0.0, 'support_recall': 0.0, 'accuracy': 1.0}"
3hop2__304722_781203_63959,When was the last time the team who Bernard Lowe was a member of beat the winner of the 1894-95 FA Cup?,{'answer': 'Error: Failed to parse final JSON.'},1 December 2010,"{'answer_em': 0.0, 'answer_f1': 0.0, 'answer_precision': 0.0, 'answer_recall': 0.0, 'support_f1': 0.0, 'support_precision': 0.0, 'support_recall': 0.0, 'error': 1}"
3hop2__49541_121067_51068,The queen of england in 1890 is portrayed on the network that broadcast The Pacific Century by whom?,"{'answer': 'Jenna Coleman', 'supporting_facts': ['The Pacific Century was a 1992 PBS Emmy Award winning ten-part documentary series narrated by Peter Coyote about the rise of the Pacific Rim economies.', 'Victoria (Alexandrina Victoria; 24 May 1819 -- 22 January 1901) was Queen of the United Kingdom of Great Britain and Ireland from 20 June 1837 until her death.', 'Jenna - Louise Coleman (born 27 April 1986), professionally known as Jenna Coleman, is an English actress and model. ... Notable for her work in British television, she is best known for her roles ... Queen Victoria in the ITV biographical drama series Victoria (2016 -- present).']}",Jenna - Louise Coleman,"{'answer_em': 0.0, 'answer_f1': 0.8, 'answer_precision': 1.0, 'answer_recall': 0.6666666666666666, 'support_f1': 0.0, 'support_precision': 0.0, 'support_recall': 0.0, 'accuracy': 0.8}"
2hop__55552_158105,What two features of Windows 98 were highlighted by the man who announced Windows in 1983?,"{'answer': 'Ease of use and enhanced support for Plug and Play (PnP)', 'supporting_facts': [""Microsoft CEO Bill Gates was highlighting the operating system's ease of use and enhanced support for Plug and Play (PnP)."", 'Microsoft Windows was announced by Bill Gates on November 10, 1983.']}",ease of use and enhanced support for Plug and Play,"{'answer_em': 0.0, 'answer_f1': 0.9523809523809523, 'answer_precision': 0.9090909090909091, 'answer_recall': 1.0, 'support_f1': 0.0, 'support_precision': 0.0, 'support_recall': 0.0, 'accuracy': 0.9523809523809523}"
2hop__124933_653666,Who is the mother of the father of Julia Murdock Smith?,"{'answer': 'Emma Hale Smith', 'supporting_facts': ['Julia Murdock Smith Dixon Middleton (May 1, 1831 – September 12, 1880) was an early member of the Latter Day Saint movement and the eldest surviving child and only daughter of Joseph Smith and Emma Hale Smith.']}",Lucy Mack Smith,"{'answer_em': 0.0, 'answer_f1': 0.3333333333333333, 'answer_precision': 0.3333333333333333, 'answer_recall': 0.3333333333333333, 'support_f1': 0.0, 'support_precision': 0.0, 'support_recall': 0.0, 'accuracy': 0.3333333333333333}"
2hop__848156_130869,What state contains the place where Fatata te Miti is displayed?,"{'answer': 'Washington, D.C. is not a state, but the painting is displayed there', 'supporting_facts': ['Fatata te Miti is an 1892 oil painting by French artist Paul Gauguin, located in the National Gallery of Art, in Washington, DC.']}","Washington, D.C.","{'answer_em': 0.0, 'answer_f1': 0.33333333333333337, 'answer_precision': 0.2, 'answer_recall': 1.0, 'support_f1': 0.0, 'support_precision': 0.0, 'support_recall': 0.0, 'accuracy': 0.33333333333333337}"
3hop1__79039_131926_13165,What treaty ceded territory to the US extending west to the river next to the city that's the home of the Juicy Lucy?,"{'answer': 'Treaty of Paris', 'supporting_facts': ['In the Treaty of Paris after the Revolution, the British had ceded the lands between the Appalachian Mountains and the Mississippi River to the United States, without consulting the Shawnee, Cherokee, Choctaw and other smaller tribes who lived there.', ""Minneapolis lies on both banks of the Mississippi River, just north of the river's confluence with the Minnesota River, and adjoins Saint Paul, the state's capital."", 'A Jucy Lucy (sic) or Juicy Lucy is a cheeseburger that has the cheese inside the meat patty instead of on top, resulting in a melted core of cheese within the patty. Two bars in Minneapolis claim to be the inventor of the burger, though other bars and restaurants have created their own interpretations on the style.']}",Treaty of Paris,"{'answer_em': 1.0, 'answer_f1': 1.0, 'answer_precision': 1.0, 'answer_recall': 1.0, 'support_f1': 0.0, 'support_precision': 0.0, 'support_recall': 0.0, 'accuracy': 1.0}"
2hop__527400_159673,"This cast member in ""Search for the Gods"" also plays a character in which film?","{'answer': 'Deepwater Horizon', 'supporting_facts': ['Search for the Gods is a 1975 television film directed by Jud Taylor, and stars Kurt Russell and Stephen McHattie.', ""Kurt Russell joined the film on the same day O'Brien was in talks.""]}",The Hateful Eight,"{'answer_em': 0.0, 'answer_f1': 0.0, 'answer_precision': 0.0, 'answer_recall': 0.0, 'support_f1': 0.0, 'support_precision': 0.0, 'support_recall': 0.0, 'accuracy': 0.0}"
4hop3__279362_88460_30152_20999,How were people from whom new coins were a proclamation of independence by the Somali Muslim Ajuran Empire expelled from the natural boundary between Thailand and Vat Yotkeo's country?,"{'answer': ""There is no information about people being expelled from the natural boundary between Thailand and Vat Yotkeo's country in relation to the Somali Muslim Ajuran Empire's new coins."", 'supporting_facts': ['The Somali Muslim Ajuran Empire, allied with the Ottomans, defied the Portuguese economic monopoly in the Indian Ocean by employing a new coinage which followed the Ottoman pattern, thus proclaiming an attitude of economic independence in regard to the Portuguese.', 'Vat Yotkeo was a temple in Laos which was built between during the rule of King Sai Setthathirat.', 'Thailand is bordered to the north by Myanmar and Laos, to the east by Laos and Cambodia, to the south by the Gulf of Thailand and Malaysia, and to the west by the Andaman Sea and the southern extremity of Myanmar.', 'It was destroyed in 1828 by the Thais, who burned and pillaged Vientiane following the defeat of the last king of the Vientiane dynasty of Lan Xang, Chao Anouvong.']}",The dynasty regrouped and defeated the Portuguese,"{'answer_em': 0.0, 'answer_f1': 0.06451612903225806, 'answer_precision': 0.038461538461538464, 'answer_recall': 0.2, 'support_f1': 0.0, 'support_precision': 0.0, 'support_recall': 0.0, 'accuracy': 0.06451612903225806}"
3hop1__57186_237521_291682,Who's married to the man who produced a documentary about the singer of She's Out of My Life?,"{'answer': 'Liza Minnelli', 'supporting_facts': ['Liza and David was a reality television series slated to air on VH1 in 2002, featuring Liza Minnelli and her then-husband, David Gest.', 'Michael Jackson: The Life of an Icon is a documentary film about pop singer Michael Jackson produced by his friend, David Gest.', ""She's Out of My Life ''is a song written by American songwriter Tom Bahler and performed by American recording artist Michael Jackson.""]}",Liza Minnelli,"{'answer_em': 1.0, 'answer_f1': 1.0, 'answer_precision': 1.0, 'answer_recall': 1.0, 'support_f1': 0.0, 'support_precision': 0.0, 'support_recall': 0.0, 'accuracy': 1.0}"
3hop2__132957_593597_40768,"When did the maker of Acura Legend, the manufacturer of Scion Fuse and Nissan open US assembly plants?","{'answer': 'A decade after the 1973 oil crisis', 'supporting_facts': ['A decade after the 1973 oil crisis, Honda, Toyota and Nissan, affected by the 1981 voluntary export restraints, opened US assembly plants and established their luxury divisions (Acura, Lexus and Infiniti, respectively) to distinguish themselves from their mass-market brands.', ""By the early 1960s, the US had begun placing stiff import tariffs on certain vehicles. The so - called ``chicken tax ''of 1964 placed a 25% tax on imported light trucks. In response to the tariff, Toyota, Nissan Motor Co. and Honda Motor Co. began building plants in the US by the early 1980s.""]}",1981,"{'answer_em': 0.0, 'answer_f1': 0.0, 'answer_precision': 0.0, 'answer_recall': 0.0, 'support_f1': 0.0, 'support_precision': 0.0, 'support_recall': 0.0, 'accuracy': 0.0}"
3hop1__198276_709625_84283,Who is the owner of the record label of the performer of What Kind of Love?,"{'answer': 'Warner Music Group', 'supporting_facts': ['What Kind of Love is a song co-written and recorded by American country music artist Rodney Crowell.', ""Ain't Living Long Like This is the debut studio album by American country music singer-songwriter Rodney Crowell, released in 1978 by Warner Bros. Records."", 'Warner Bros. Records Parent company Warner Music Group Founded March 19, 1958; 60 years ago (1958 - 03 - 19) Founder James Conkling']}",Warner Music Group,"{'answer_em': 1.0, 'answer_f1': 1.0, 'answer_precision': 1.0, 'answer_recall': 1.0, 'support_f1': 0.0, 'support_precision': 0.0, 'support_recall': 0.0, 'accuracy': 1.0}"
2hop__35445_22458,What is the full name of the organization that publishes he Laws of the Game?,"{'answer': 'International Football Association Board', 'supporting_facts': ['The Laws of the Game are published by FIFA, but are maintained by the International Football Association Board (IFAB).']}",International Federation of Association Football,"{'answer_em': 0.0, 'answer_f1': 0.6666666666666665, 'answer_precision': 0.75, 'answer_recall': 0.6, 'support_f1': 0.0, 'support_precision': 0.0, 'support_recall': 0.0, 'accuracy': 0.6666666666666665}"
3hop2__668732_467331_162182,"In what region of the country containing An Phú, is the city with the Zone 5 Military Museum located?","{'answer': 'South Central Coast', 'supporting_facts': ['An Phú is a district of An Giang Province in the Mekong Delta region of Vietnam on the border with Cambodia.', 'The Zone 5 Military Museum (Bao Tang Khu 5) is a military museum located at 3 Duy Tân, Da Nang, Vietnam.', 'South Central Coast (Vietnamese: Duyên hải Nam Trung Bộ) is one of the regions of Vietnam. It consists of the independent municipality of Đà Nẵng and seven other provinces.']}",South Central Coast,"{'answer_em': 1.0, 'answer_f1': 1.0, 'answer_precision': 1.0, 'answer_recall': 1.0, 'support_f1': 0.0, 'support_precision': 0.0, 'support_recall': 0.0, 'accuracy': 1.0}"
2hop__89403_122023,Which university educated the scientist who developed an explanation for the photoelectric effect?,"{'answer': 'None mentioned', 'supporting_facts': ['In 1905, Albert Einstein published a paper advancing the hypothesis that light energy is carried in discrete quantized packets to explain experimental data from the photoelectric effect.', 'Einstein was awarded the Nobel Prize in 1921 for his discovery of the law of the photoelectric effect', 'At the age of 8, he was transferred to the Luitpold Gymnasium (now known as the Albert Einstein Gymnasium), where he received advanced primary and secondary school education until he left the German Empire seven years later.', 'The Einsteins were non-observant Ashkenazi Jews, and Albert attended a Catholic elementary school in Munich, from the age of 5, for three years.']}",Luitpold Gymnasium,"{'answer_em': 0.0, 'answer_f1': 0.0, 'answer_precision': 0.0, 'answer_recall': 0.0, 'support_f1': 0.0, 'support_precision': 0.0, 'support_recall': 0.0, 'accuracy': 0.0}"
2hop__133241_33564,In what era was the company known as the manufacturer of Agni-V founded?,"{'answer': 'Not explicitly stated', 'supporting_facts': ['Agni-V is an intercontinental ballistic missile developed by the Defence Research and Development Organisation (DRDO) of India.', 'India Nuclear programme start date 1967 First nuclear weapon test 18 May 1974 First fusion weapon test 11 May 1998 Most recent test 13 May 1998 Largest - yield test 20 - 60 kt total Number of tests to date 6 Peak stockpile 110 - 120 Current stockpile 110 - 120 Maximum missile range 5,000 - 5,800 km (Agni - V)']}",From the 1950s to the 1970s,"{'answer_em': 0.0, 'answer_f1': 0.0, 'answer_precision': 0.0, 'answer_recall': 0.0, 'support_f1': 0.0, 'support_precision': 0.0, 'support_recall': 0.0, 'accuracy': 0.0}"
2hop__822965_165304,Who is the child of the actor who is a cast member of Love in Pawn?,"{'answer': 'Kim Braden', 'supporting_facts': ['Love in Pawn is a 1953 British comedy film directed by Charles Saunders and starring Bernard Braden and Barbara Kelly.', 'B-And-B was a British sitcom starring Bernard Braden, his wife Barbara Kelly and their daughter Kim Braden.']}",Kim Braden,"{'answer_em': 1.0, 'answer_f1': 1.0, 'answer_precision': 1.0, 'answer_recall': 1.0, 'support_f1': 0.0, 'support_precision': 0.0, 'support_recall': 0.0, 'accuracy': 1.0}"
4hop3__129318_29339_508306_70744,University of the state having Fort Hill or university of the state whose primary was won by Edwards besides the state having James B. Simmons House has more national championships?,"{'answer': 'University of South Carolina', 'supporting_facts': ['College comparison Clemson University University of South Carolina Location Clemson Columbia Students 23,406 34,618 School colors Clemson Orange and Regalia Garnet and Black Nickname Tigers Gamecocks Mascot The Tiger and The Tiger Cub Cocky National Championships 5 10', 'Fort Hill, also known as the John C. Calhoun Mansion and Library, is a National Historic Landmark on the Clemson University campus in Clemson, South Carolina.', 'The James B. Simmons House, also known as the Simmons-Bond House, was built in 1903 by the noted Georgia architect E. Levi Prater for James B. Simmons, a successful lumberman.', 'Edwards finished only slightly behind Kerry in Georgia, but, failing to win a single state other than South Carolina, chose to withdraw from the presidential race.']}",University of South Carolina,"{'answer_em': 1.0, 'answer_f1': 1.0, 'answer_precision': 1.0, 'answer_recall': 1.0, 'support_f1': 0.0, 'support_precision': 0.0, 'support_recall': 0.0, 'accuracy': 1.0}"
2hop__38030_23241,"According to Pew, in 2010, what percent of Nigeria's population practiced the religion dominant in the countries surrounding Armenia?","{'answer': '48.8%', 'supporting_facts': [""An 18 December 2012 report on religion and public life by the Pew Research Center stated that in 2010, 49.3 percent of Nigeria's population was Christian, 48.8 percent was Muslim, and 1.9 percent were followers of indigenous and other religions, or unaffiliated."", 'The Armenians collective has, at times, constituted a Christian ""island"" in a mostly Muslim region.']}",48.8 percent,"{'answer_em': 0.0, 'answer_f1': 0.6666666666666666, 'answer_precision': 1.0, 'answer_recall': 0.5, 'support_f1': 0.0, 'support_precision': 0.0, 'support_recall': 0.0, 'accuracy': 0.6666666666666666}"
2hop__150866_11402,"According to the agency that published U.S. and World Population Clock, what is the total area in square miles?","{'answer': 'Not specified', 'supporting_facts': [""The U.S. and World Population Clock presents the United States Census Bureau's continuously active approximations of both the population of the United States and the world's total population."", 'The population totals are based on the latest census information and national population estimates, which are used in the algorithms that run the two clocks.']}",17.037 square miles,"{'answer_em': 0.0, 'answer_f1': 0.0, 'answer_precision': 0.0, 'answer_recall': 0.0, 'support_f1': 0.0, 'support_precision': 0.0, 'support_recall': 0.0, 'accuracy': 0.0}"
2hop__132969_417697,What model of car was Mohammed Atta's vehicle that is from the company that makes Datsun Sports?,"{'answer': 'Nissan Altima', 'supporting_facts': ['A 2001 Nissan Altima, 1N4DL01D81C212547 is the VIN of a blue rental car belonging to Alamo Rent a Car, that was found in the Portland International Jetport parking lot, following the September 11, 2001 attacks.', 'Datsun (, ) is an automobile brand owned by Nissan.', 'The Datsun Sports (called Datsun Fairlady in the Japanese and Australian markets), was a series of roadsters produced by Nissan in the 1960s.']}",Nissan Altima,"{'answer_em': 1.0, 'answer_f1': 1.0, 'answer_precision': 1.0, 'answer_recall': 1.0, 'support_f1': 0.0, 'support_precision': 0.0, 'support_recall': 0.0, 'accuracy': 1.0}"
2hop__96414_159054,What was the story of the character from The Bourne Ultimatum based on?,"{'answer': 'The story of the character from The Bourne Ultimatum was based on the novel of the same name by Robert Ludlum.', 'supporting_facts': ['The Bourne Ultimatum is a 2007 action spy film directed by Paul Greengrass loosely based on the novel of the same name by Robert Ludlum.', ""The Bourne Ultimatum is the third Jason Bourne novel written by Robert Ludlum and a sequel to 'The Bourne Supremacy' (1986).""]}",the novel of the same name by Robert Ludlum,"{'answer_em': 0.0, 'answer_f1': 0.6086956521739131, 'answer_precision': 0.4375, 'answer_recall': 1.0, 'support_f1': 0.0, 'support_precision': 0.0, 'support_recall': 0.0, 'accuracy': 0.6086956521739131}"
2hop__304852_758385,What administrative territorial entity contains the place where KPRM is licensed to broadcast to?,"{'answer': 'Hubbard County', 'supporting_facts': ['KPRM (870 AM) is a radio station in Park Rapids, Minnesota.', 'Emmaville is an unincorporated community in Hubbard County, Minnesota, United States, half way between Park Rapids and Lake George.']}",Hubbard County,"{'answer_em': 1.0, 'answer_f1': 1.0, 'answer_precision': 1.0, 'answer_recall': 1.0, 'support_f1': 0.0, 'support_precision': 0.0, 'support_recall': 0.0, 'accuracy': 1.0}"
2hop__88906_55840,"In the King's Speech, who played the person who was the King of England in 1950?","{'answer': 'Colin Firth', 'supporting_facts': ['Colin Firth plays the future King George VI who, to cope with a stammer, sees Lionel Logue, an Australian speech and language therapist played by Geoffrey Rush.', 'George VI (Albert Frederick Arthur George; 14 December 1895 -- 6 February 1952) was King of the United Kingdom and the Dominions of the British Commonwealth from 11 December 1936 until his death.', ""During public discussion of the King's potential response to the outcome of the 1950 general election, which returned a very slim Labour Party majority in the House of Commons, the Lascelles Principles were formally stated in a letter by Sir Alan Lascelles, Private Secretary to King George VI, under the pseudonym 'Senex' to the Editor of 'The Times', published on 2 May 1950:""]}",Colin Firth,"{'answer_em': 1.0, 'answer_f1': 1.0, 'answer_precision': 1.0, 'answer_recall': 1.0, 'support_f1': 0.0, 'support_precision': 0.0, 'support_recall': 0.0, 'accuracy': 1.0}"
2hop__147260_623159,What territorial entity does the town where John the Hairy lived belong to?,"{'answer': 'Yaroslavl Oblast, Russia', 'supporting_facts': ['Blessed John the Hairy (, also known as John the Merciful of Rostov) was a holy fool (Yurodivy), of the Russian Orthodox Church in the second half of the 16th century.', 'Rostov () is a town in Yaroslavl Oblast, Russia, one of the oldest in the country and a tourist center of the Golden Ring.']}",Yaroslavl Oblast,"{'answer_em': 0.0, 'answer_f1': 0.8, 'answer_precision': 0.6666666666666666, 'answer_recall': 1.0, 'support_f1': 0.0, 'support_precision': 0.0, 'support_recall': 0.0, 'accuracy': 0.8}"
4hop2__161602_474028_88460_21074,Who runs the school system in the country on the natural boundary between the country that hosted the tournament and the country where A Don is from?,"{'answer': 'The Ministry of Education', 'supporting_facts': ['The 2018 FIFA World Cup, the tournament, was held in Russia.', 'A Don is a village in south-eastern Laos near the border with Vietnam.', 'Myanmar (also known as Burma) is the northwestern-most country of mainland Southeast Asia, bordering China, India, Bangladesh, Thailand and Laos.', 'The educational system of Myanmar is operated by the government agency, the Ministry of Education.']}",the Ministry of Education,"{'answer_em': 1.0, 'answer_f1': 1.0, 'answer_precision': 1.0, 'answer_recall': 1.0, 'support_f1': 0.0, 'support_precision': 0.0, 'support_recall': 0.0, 'accuracy': 1.0}"
2hop__697729_576069,Adolf Overweg died in what geological area?,"{'answer': 'Lake Chad', 'supporting_facts': ['After 18 months of exploring the Adamawa Emirate, Benue River, and finally completing his most notable feat of circumnavigating Lake Chad, he died of an unknown illness in Maduari, Chad after swimming in cold waters.']}",Chad Basin,"{'answer_em': 0.0, 'answer_f1': 0.5, 'answer_precision': 0.5, 'answer_recall': 0.5, 'support_f1': 0.0, 'support_precision': 0.0, 'support_recall': 0.0, 'accuracy': 0.5}"
4hop2__160585_14670_8987_8974,Hana Mandlikova was born in Country A that invaded Country B because the military branch the Air Defense Artillery is part of was unprepared. Country B was the only communist country to have an embassy where?,"{'answer': 'Paraguay', 'supporting_facts': [""Yugoslavia was the only communist country allowed to have an embassy in Alfredo Stroessner's Paraguay."", 'Several accomplished professional tennis players including Ivan Lendl, Jan Kodeš, Miloslav Mečíř, Hana Mandlíková, Martina Hingis, Martina Navratilova, Jana Novotna, Petra Kvitová and Daniela Hantuchová were born in Czechoslovakia.', 'In April 1969, Tito removed generals Ivan Gošnjak and Rade Hamović in the aftermath of the invasion of Czechoslovakia due to the unpreparedness of the Yugoslav army to respond to a similar invasion of Yugoslavia.', 'The army is also divided into major branches such as Air Defense Artillery, Infantry, Aviation, Signal Corps, Corps of Engineers, and Armor.']}",Alfredo Stroessner's Paraguay,"{'answer_em': 0.0, 'answer_f1': 0.5, 'answer_precision': 1.0, 'answer_recall': 0.3333333333333333, 'support_f1': 0.0, 'support_precision': 0.0, 'support_recall': 0.0, 'accuracy': 0.5}"
2hop__95970_152907,What city is the star of Sous les pieds des femmes from?,"{'answer': 'Tunis', 'supporting_facts': ['Claudia Cardinale was born Claude Joséphine Rose Cardinale in La Goulette, a neighborhood of Tunis, French protectorate of Tunisia, on 15 April 1938.', 'Sous les pieds des femmes (also known as ""Under Women\'s Feet"") is a 1997 French drama film written and directed by Rachida Krim and starring Claudia Cardinale.']}",La Goulette,"{'answer_em': 0.0, 'answer_f1': 0.0, 'answer_precision': 0.0, 'answer_recall': 0.0, 'support_f1': 0.0, 'support_precision': 0.0, 'support_recall': 0.0, 'accuracy': 0.0}"
2hop__82051_7298,"Along with the subject of The One That Got Away, what notable pop artist started out his career on adult contemporary radio?","{'answer': 'Josh Groban', 'supporting_facts': ['While most artists became established in other formats before moving to adult contemporary, Michael Bublé and Josh Groban started out as AC artists.', ""In 2017, the singer revealed that ``The One That Got Away ''was about Josh Groban.""]}",Michael Bublé,"{'answer_em': 0.0, 'answer_f1': 0.0, 'answer_precision': 0.0, 'answer_recall': 0.0, 'support_f1': 0.0, 'support_precision': 0.0, 'support_recall': 0.0, 'accuracy': 0.0}"
2hop__96812_130869,The Small Cowper Madonna painting is displayed in what state?,"{'answer': 'Massachusetts', 'supporting_facts': ['In 2015 the National Gallery of Art loaned the ""Small Cowper Madonna"" to the Worcester Art Museum in Massachusetts (U.S.) to be exhibited alongside ""The Virgin and Child (The Northbrook Madonna)"".']}","Washington, D.C.","{'answer_em': 0.0, 'answer_f1': 0.0, 'answer_precision': 0.0, 'answer_recall': 0.0, 'support_f1': 0.0, 'support_precision': 0.0, 'support_recall': 0.0, 'accuracy': 0.0}"
2hop__95687_577502,Who is the spouse of the leading actor in the film The 6th Day?,"{'answer': 'Maria Shriver', 'supporting_facts': ['The 6th Day is a 2000 American science fiction action film directed by Roger Spottiswoode and starring Arnold Schwarzenegger, Tony Goldwyn, Michael Rapaport and Robert Duvall.', 'journalist Maria Shriver (wife of California governor Arnold Schwarzenegger)']}",Maria Shriver,"{'answer_em': 1.0, 'answer_f1': 1.0, 'answer_precision': 1.0, 'answer_recall': 1.0, 'support_f1': 0.0, 'support_precision': 0.0, 'support_recall': 0.0, 'accuracy': 1.0}"
2hop__87589_362941,Where was the founder of the National Women's Party born?,"{'answer': 'Mount Laurel Township, New Jersey', 'supporting_facts': [""Paulsdale, in Mount Laurel Township, New Jersey, was the birthplace and childhood home of Alice Paul, a major leader in the Women's suffrage movement in the United States.""]}",Mount Laurel Township,"{'answer_em': 0.0, 'answer_f1': 0.7499999999999999, 'answer_precision': 0.6, 'answer_recall': 1.0, 'support_f1': 0.0, 'support_precision': 0.0, 'support_recall': 0.0, 'accuracy': 0.7499999999999999}"
2hop__160292_23241,"According to Pew, in 2010, what percent of Nigeria's population practiced the religion of most of the workers?","{'answer': '48.8', 'supporting_facts': [""According to a 2012 report on religion and public life by the Pew Research Center stated that in 2010, 49.3 percent of Nigeria's population was Christian, 48.8 percent was Muslim, and 1.9 percent were followers of indigenous and other religions, or unaffiliated."", ""Agriculture in Nigeria is a branch of the economy in Nigeria, providing employment for about 30% of the population as of 2010, The sector is being transformed by commercialization at the small, medium and large-scale enterprise levels, and it is implied that many workers are involved in this sector, and (More than 30% of the population is made up of foreign workers  who are predominantly but not entirely Muslim.) from the 'Religion in Saudi Arabia' section implies that many workers are Muslim.""]}",48.8 percent,"{'answer_em': 0.0, 'answer_f1': 0.6666666666666666, 'answer_precision': 1.0, 'answer_recall': 0.5, 'support_f1': 0.0, 'support_precision': 0.0, 'support_recall': 0.0, 'accuracy': 0.6666666666666666}"
4hop1__813171_153080_159767_81096,Who won the Indy car race in the largest city and capitol of the state where the Changes Two performer is from?,"{'answer': 'Mario Andretti', 'supporting_facts': ['Charles Mingus was born in Nogales, Arizona.', 'Its capital and largest city is Phoenix.', 'the final career victory for Indy legend Mario Andretti (1993).', 'Long considered a popular Indy car track, Phoenix has a rich history of open wheel races,']}",Mario Andretti,"{'answer_em': 1.0, 'answer_f1': 1.0, 'answer_precision': 1.0, 'answer_recall': 1.0, 'support_f1': 0.0, 'support_precision': 0.0, 'support_recall': 0.0, 'accuracy': 1.0}"
4hop1__88342_49853_128008_46894,Who has the lowest batting average in the league that the team that has won the most titles from the competition they give out MVP awards plays for?,"{'answer': 'Bill Bergen with a .170 average', 'supporting_facts': ['In the American League, the New York Yankees have played in 40 World Series and won 27, the Philadelphia / Kansas City / Oakland Athletics have played in 14 and won 9, and the Boston Red Sox have played in 12 and won 8, including the first World Series.', 'The record for lowest career batting average for a player with more than 2,500 at - bats belongs to Bill Bergen, a catcher who played from 1901 to 1911 and recorded a. 170 average in 3,028 career at - bats.', 'MVP voting takes place before the postseason, but the results are not announced until after the World Series.']}",Bill Bergen,"{'answer_em': 0.0, 'answer_f1': 0.5714285714285715, 'answer_precision': 0.4, 'answer_recall': 1.0, 'support_f1': 0.0, 'support_precision': 0.0, 'support_recall': 0.0, 'accuracy': 0.5714285714285715}"
3hop1__76377_40769_64047,When did the luxury division of the top selling car brand change the body style of the rx 350?,"{'answer': '2012', 'supporting_facts': ['The facelift was unveiled at the March 2012 Geneva Motor Show with new wheels, interior colors, new head and tail lamps and new grilles.', 'Sales began worldwide in April 2012 for the RX 350 and RX 450h, with sales for the F - Sport variants starting in July of the same year.']}",Sales began worldwide in April 2012,"{'answer_em': 0.0, 'answer_f1': 0.2857142857142857, 'answer_precision': 1.0, 'answer_recall': 0.16666666666666666, 'support_f1': 0.0, 'support_precision': 0.0, 'support_recall': 0.0, 'accuracy': 0.2857142857142857}"
2hop__552607_126089,Who was in charge of the province which contains Zeevang?,"{'answer': 'Johan Remkes', 'supporting_facts': ['Zeevang () is a former municipality in northwestern Netherlands, in the province of North Holland.', ""The King's Commissioner of North Holland is Johan Remkes, serving since 2010.""]}",Johan Remkes,"{'answer_em': 1.0, 'answer_f1': 1.0, 'answer_precision': 1.0, 'answer_recall': 1.0, 'support_f1': 0.0, 'support_precision': 0.0, 'support_recall': 0.0, 'accuracy': 1.0}"
4hop3__668721_132409_146285_35031,"In the top five largest urban areas in the state where the performer of The Paramour Sessions was from, where does the place of death for Alexander Golitzen rank?","{'answer': 'Third', 'supporting_facts': ['Papa Roach is an American rock band from Vacaville, California, formed in 1993.', 'The city had a population of 1,307,402 according to the 2010 census, distributed over a land area of 372.1 square miles (963.7 km2). The urban area of San Diego extends beyond the administrative city limits and had a total population of 2,956,746, making it the third-largest urban area in the state, after that of the Los Angeles metropolitan area and San Francisco metropolitan area.', 'Prince Alexander Golitzen (Golitsyn), (Moscow, February 28, 1908San Diego, July 26, 2005) was a Russian-born American production designer who oversaw art direction on more than 300 movies.']}",third-largest,"{'answer_em': 0.0, 'answer_f1': 0.0, 'answer_precision': 0.0, 'answer_recall': 0.0, 'support_f1': 0.0, 'support_precision': 0.0, 'support_recall': 0.0, 'accuracy': 0.0}"
3hop2__89854_38738_76291,When did the party that holds the majority in the House of Representatives take control of the branch that gives regulators discretion to prohibit proprietary trades?,"{'answer': 'January 2015', 'supporting_facts': ['The Republicans regained the majority of the Senate in the 114th Congress, which started in January 2015; the Republicans had not controlled the Senate since January 2007.', 'The U.S. Senate passed a reform bill in May 2010, following the House which passed a bill in December 2009. These bills must now be reconciled. The New York Times provided a comparative summary of the features of the two bills, which address to varying extent the principles enumerated by the Obama administration. For instance, the Volcker Rule against proprietary trading is not part of the legislation, though in the Senate bill regulators have the discretion but not the obligation to prohibit these trades.']}",January 2015,"{'answer_em': 1.0, 'answer_f1': 1.0, 'answer_precision': 1.0, 'answer_recall': 1.0, 'support_f1': 0.0, 'support_precision': 0.0, 'support_recall': 0.0, 'accuracy': 1.0}"
2hop__62951_64006,"As a result of the Black Death, how much was the population reduced in the place that the US helped with the Marshall Plan?","{'answer': '30-65%', 'supporting_facts': ['The Black Death was one of the most devastating pandemics in human history, peaking in Europe between 1347 and 1350 with 30% to 65% of the population killed.', 'The Marshall Plan (officially the European Recovery Program, ERP) was an American initiative to aid Western Europe, in which the United States gave over $12 billion (nearly $100 billion in 2016 US dollars) in economic assistance to help rebuild Western European economies after the end of World War II.', 'Consequences of the Black Death included a series of religious, social, and economic upheavals, which had profound effects on the course of European history.']}",30% to 65%,"{'answer_em': 0.0, 'answer_f1': 0.0, 'answer_precision': 0.0, 'answer_recall': 0.0, 'support_f1': 0.0, 'support_precision': 0.0, 'support_recall': 0.0, 'accuracy': 0.0}"
2hop__611178_131968,Which is the body of water by the village which borders Long Ditton?,"{'answer': 'The Rythe', 'supporting_facts': ['The Rythe is a river or stream in north Surrey, England which is generally open and which is a natural woodland feature for approximately half of its course before being variously culverted and a suburban garden feature, passing between Thames Ditton and Long Ditton, then discharging into the Thames, its longest branch is the Arbrook which drains Arbrook Common, a woodland of the mainly wooded Esher Commons.']}",River Thames,"{'answer_em': 0.0, 'answer_f1': 0.0, 'answer_precision': 0.0, 'answer_recall': 0.0, 'support_f1': 0.0, 'support_precision': 0.0, 'support_recall': 0.0, 'accuracy': 0.0}"
2hop__3131_3300,Which season was the runner up of the third season of American Idol on?,"{'answer': 'Season 3', 'supporting_facts': ['The third season of American Idol premiered on Monday, January 19, 2004 and continued until May 26, 2004. The third season was won by Fantasia Barrino, who defeated Diana DeGarmo by an approximate margin of 2% (1.3 million votes);', 'Fantasia and Diana DeGarmo were the last two finalists, and Fantasia was crowned as the winner.']}",season three,"{'answer_em': 0.0, 'answer_f1': 0.5, 'answer_precision': 0.5, 'answer_recall': 0.5, 'support_f1': 0.0, 'support_precision': 0.0, 'support_recall': 0.0, 'accuracy': 0.5}"
3hop1__662618_339990_54675,What mountain can you see from Portland in the state where Fishing Creek Confederacy is located?,"{'answer': 'No mountain can be identified from the context as visible from Portland in the state where the Fishing Creek Confederacy is located.', 'supporting_facts': ['The Fishing Creek Confederacy was an alleged military uprising in northern Columbia County, Pennsylvania and southern Sullivan County, Pennsylvania during the American Civil War.', 'Portland is mentioned in the context, but the Portland in the state where the Fishing Creek Confederacy occurred (Pennsylvania) is not described in terms of visible mountains.', 'The context does mention mountains visible from Portland, Oregon, including Mt. Hood and Mt. St. Helens, but this is a different state.']}",Tualatin Mountains,"{'answer_em': 0.0, 'answer_f1': 0.0, 'answer_precision': 0.0, 'answer_recall': 0.0, 'support_f1': 0.0, 'support_precision': 0.0, 'support_recall': 0.0, 'accuracy': 0.0}"
4hop1__56270_53706_795904_580996,What shares a border with the city where the person who went to the state where the 951 area code is used during the gold rush works?,"{'answer': 'El Salvador', 'supporting_facts': ['Virginia is located in Lempira Honduras and shares a border with El Salvador.', 'Area code 951 is a California telephone area code that was split from area code 909 on July 17, 2004.', 'Rumors of the discovery of gold were confirmed in March 1848 by San Francisco newspaper publisher and merchant Samuel Brannan.']}",Rio Linda,"{'answer_em': 0.0, 'answer_f1': 0.0, 'answer_precision': 0.0, 'answer_recall': 0.0, 'support_f1': 0.0, 'support_precision': 0.0, 'support_recall': 0.0, 'accuracy': 0.0}"
2hop__126306_396277,What is another notable work by the illustrator of Sylvester and the Magic Pebble?,"{'answer': 'Doctor De Soto', 'supporting_facts': [""Sylvester and the Magic Pebble is an award-winning children's picture book written and illustrated by William Steig, and published in 1969."", 'Doctor De Soto is a picture book for children written and illustrated by William Steig and first published in 1982.']}",Doctor De Soto,"{'answer_em': 1.0, 'answer_f1': 1.0, 'answer_precision': 1.0, 'answer_recall': 1.0, 'support_f1': 0.0, 'support_precision': 0.0, 'support_recall': 0.0, 'accuracy': 1.0}"
4hop1__56635_49925_13759_736921,"The German priest, who wanted to reform the religious denomination now the largest in the US, preached a sermon on Marian devotion soon before his death in which German state?","{'answer': 'Saxony-Anhalt', 'supporting_facts': ['His final thoughts on Marian devotion and veneration are preserved in a sermon preached at Wittenberg only a month before his death:', 'Wittenberg is a district () in the east of Saxony-Anhalt, Germany.']}",Saxony-Anhalt,"{'answer_em': 1.0, 'answer_f1': 1.0, 'answer_precision': 1.0, 'answer_recall': 1.0, 'support_f1': 0.0, 'support_precision': 0.0, 'support_recall': 0.0, 'accuracy': 1.0}"
2hop__506035_325512,In which county was Larkin I. Smith born?,"{'answer': 'Pearl River County', 'supporting_facts': ['Larkin I. Smith was born in Poplarville, Mississippi to Nona Orene Bounds and her husband Hezekiah K. Smith, Sr.', 'Poplarville is a city in Pearl River County, Mississippi, United States.']}",Pearl River County,"{'answer_em': 1.0, 'answer_f1': 1.0, 'answer_precision': 1.0, 'answer_recall': 1.0, 'support_f1': 0.0, 'support_precision': 0.0, 'support_recall': 0.0, 'accuracy': 1.0}"
2hop__663184_57816,What is the U.S. News ranking of the law school at Bruce Nissen's employer?,"{'answer': '100', 'supporting_facts': ['Bruce Nissen (born January 20, 1948) is a professor of labor studies and director of research at the Center for Labor Research and Studies (CLRS) at Florida International University (FIU).', ""The 2017 U.S. News & World Report's ``Best Law School Rankings ''ranked the FIU College of Law at 100 in the United States.""]}",100,"{'answer_em': 1.0, 'answer_f1': 1.0, 'answer_precision': 1.0, 'answer_recall': 1.0, 'support_f1': 0.0, 'support_precision': 0.0, 'support_recall': 0.0, 'accuracy': 1.0}"
2hop__41158_22946,Who said one of the greatest thinkers was the person who proposed explanations for the origins of earthquakes and the formation of mountains?,"{'answer': 'George Sarton', 'supporting_facts': ['George Sarton, the author of The History of Science, described Ibn Sīnā as ""one of the greatest thinkers and medical scholars in history"" and called him ""the most famous scientist of Islam and one of the most famous of all races, places, and times.""', 'Drawing from Greek and Indian scientific literature that were not destroyed by the Muslim conquests, the Persian scholar Ibn Sina (Avicenna, 981–1037) proposed detailed explanations for the formation of mountains, the origin of earthquakes, and other topics central to modern geology, which provided an essential foundation for the later development of the science.']}",George Sarton,"{'answer_em': 1.0, 'answer_f1': 1.0, 'answer_precision': 1.0, 'answer_recall': 1.0, 'support_f1': 0.0, 'support_precision': 0.0, 'support_recall': 0.0, 'accuracy': 1.0}"
3hop1__584774_131926_87157,What is the direction of flow of the body of water by the city where Uni-Systems is headquartered?,"{'answer': 'southwards', 'supporting_facts': ['Uni-Systems, LLC is a design, construction, and manufacturing firm located in Minneapolis, Minnesota specializing in kinetic architecture, or movable, mechanized structures designed to adapt to individual structures’ needs.', ""Minneapolis lies on both banks of the Mississippi River, just north of the river's confluence with the Minnesota River, and adjoins Saint Paul, the state's capital."", 'The Mississippi River is the chief river of the second - largest drainage system on the North American continent, second only to the Hudson Bay drainage system. Flowing entirely in the United States (although its drainage basin reaches into Canada), it rises in northern Minnesota and meanders slowly southwards for 2,320 miles (3,730 km) to the Mississippi River Delta at the Gulf of Mexico.']}",rises in northern Minnesota and meanders slowly southwards,"{'answer_em': 0.0, 'answer_f1': 0.2222222222222222, 'answer_precision': 1.0, 'answer_recall': 0.125, 'support_f1': 0.0, 'support_precision': 0.0, 'support_recall': 0.0, 'accuracy': 0.2222222222222222}"
2hop__6827_88924,Who is the chairman of the company that bought FleetBoston Financial?,"{'answer': 'The context does not explicitly state who the chairman of Bank of America was in 2004 when it bought FleetBoston Financial, but it does mention Brian Moynihan as the current chairman and CEO of Bank of America.', 'supporting_facts': ['In 2004, Bank of America announced it would purchase Boston - based bank FleetBoston Financial for $47 billion in cash and stock.', 'Brian Thomas Moynihan (born October 9, 1959) is an American lawyer, businessman and the chairman and CEO of Bank of America.', 'He joined the board of directors, following his promotion to president and CEO.']}",Brian Thomas Moynihan,"{'answer_em': 0.0, 'answer_f1': 0.10810810810810811, 'answer_precision': 0.058823529411764705, 'answer_recall': 0.6666666666666666, 'support_f1': 0.0, 'support_precision': 0.0, 'support_recall': 0.0, 'accuracy': 0.10810810810810811}"
3hop1__169494_42197_18397,Where did the arguer that Dmitry Okhotsimsky's country of citizenship had become an imperialist power declare he would intervene in the Korean conflict?,"{'answer': 'China', 'supporting_facts': ['Mao Zedong once argued that the Soviet Union had itself become an imperialist power while maintaining a socialist façade.', ""On 4 August 1950, with the PRC invasion of Taiwan aborted, Mao Zedong reported to the Politburo that he would intervene in Korea when the People's Liberation Army's (PLA) Taiwan invasion force was reorganized into the PLA North East Frontier Force.""]}",the Politburo,"{'answer_em': 0.0, 'answer_f1': 0.0, 'answer_precision': 0.0, 'answer_recall': 0.0, 'support_f1': 0.0, 'support_precision': 0.0, 'support_recall': 0.0, 'accuracy': 0.0}"
2hop__80375_90181,what is the deepest part of the ocean off the east coast of the united states?,"{'answer': 'The Puerto Rico Trench', 'supporting_facts': ['The Puerto Rico Trench is located on the boundary between the Caribbean Sea and the Atlantic Ocean.', 'The trench is 800 kilometres (497 mi) long and has a maximum depth of 8,648 metres (28,373 ft) or 5.373 miles at Milwaukee Deep, which is the deepest point in the Atlantic Ocean and the deepest point not in the Pacific Ocean.']}",Milwaukee Deep,"{'answer_em': 0.0, 'answer_f1': 0.0, 'answer_precision': 0.0, 'answer_recall': 0.0, 'support_f1': 0.0, 'support_precision': 0.0, 'support_recall': 0.0, 'accuracy': 0.0}"
3hop2__104979_23308_28343,When did the troops of the country blamed for the stagnation and failure of the Tripartite discussion leave the country known for Afghan bread?,"{'answer': 'February 1989', 'supporting_facts': ['The origins of al-Qaeda can be traced to the Soviet war in Afghanistan (December 1979 – February 1989).', ""The discussion about a definition of 'indirect aggression' became one of the sticking points between the parties, and by mid-July, the tripartite political negotiations effectively stalled, while the parties agreed to start negotiations on a military agreement, which the Soviets insisted must be entered into simultaneously with any political agreement."", 'Afghan bread, is the national bread of Afghanistan.']}",February 1989,"{'answer_em': 1.0, 'answer_f1': 1.0, 'answer_precision': 1.0, 'answer_recall': 1.0, 'support_f1': 0.0, 'support_precision': 0.0, 'support_recall': 0.0, 'accuracy': 1.0}"
3hop1__587540_514761_594810,What record label does the spouse of Mama's Broken Heart's performer belong to?,"{'answer': 'None', 'supporting_facts': [""Mama's Broken Heart is a song recorded by American country music artist Miranda Lambert."", ""No information is provided about Miranda Lambert's spouse or their record label affiliation.""]}",Warner Bros. Records,"{'answer_em': 0.0, 'answer_f1': 0.0, 'answer_precision': 0.0, 'answer_recall': 0.0, 'support_f1': 0.0, 'support_precision': 0.0, 'support_recall': 0.0, 'accuracy': 0.0}"
2hop__96411_159054,What was the story of the character from The Bourne Deception based on?,"{'answer': 'Nothing in the context', 'supporting_facts': ['The Bourne Deception is the title for the novel by Eric Van Lustbader and the seventh novel in the Jason Bourne series created by Robert Ludlum. It was released on June 9, 2009.']}",the novel of the same name by Robert Ludlum,"{'answer_em': 0.0, 'answer_f1': 0.0, 'answer_precision': 0.0, 'answer_recall': 0.0, 'support_f1': 0.0, 'support_precision': 0.0, 'support_recall': 0.0, 'accuracy': 0.0}"
4hop1__836115_49925_13759_736921,Where is the district that the person who wanted to reform and address Vincentas Sladkevičius' religion preached a sermon on Marian devotion before his death located?,"{'answer': 'Wittenberg', 'supporting_facts': ['His final thoughts on Marian devotion and veneration are preserved in a sermon preached at Wittenberg only a month before his death:', 'Wittenberg is a district () in the east of Saxony-Anhalt, Germany.']}",Saxony-Anhalt,"{'answer_em': 0.0, 'answer_f1': 0.0, 'answer_precision': 0.0, 'answer_recall': 0.0, 'support_f1': 0.0, 'support_precision': 0.0, 'support_recall': 0.0, 'accuracy': 0.0}"
3hop1__108062_720914_27537,Why did Roncalli leave the city where La Bella's creator died?,"{'answer': ""The context does not explicitly state why Roncalli left the city where La Bella's creator, Titian, died, but it can be inferred that Roncalli left Venice for the conclave in Rome after the death of Pope Pius XI."", 'supporting_facts': ['On 10 February 1939, Pope Pius XI died.', 'Roncalli left Venice for the conclave in Rome well aware that he was papabile,[b] and after eleven ballots, was elected to succeed the late Pius XII, so it came as no surprise to him, though he had arrived at the Vatican with a return train ticket to Venice.', 'La Bella is a portrait of an unknown woman by Titian, painted around 1536 and now in the Palazzo Pitti in Florence.', 'The Martyrdom of Saint Lawrence is a 1558 painting by Titian, now in the church of I Gesuiti in Venice.']}",for the conclave in Rome,"{'answer_em': 0.0, 'answer_f1': 0.21052631578947367, 'answer_precision': 0.11764705882352941, 'answer_recall': 1.0, 'support_f1': 0.0, 'support_precision': 0.0, 'support_recall': 0.0, 'accuracy': 0.21052631578947367}"
3hop1__136129_87694_64412,When did the place where the head of the catholic region named after the same saint as the Dakovo Cathedral become its own country?,"{'answer': '11 February 1929', 'supporting_facts': ['The Đakovo Cathedral or Cathedral basilica of St. Peter () is the cathedral of the Roman Catholic Archdiocese of Đakovo-Osijek in Đakovo, Croatia.', ""The Papal Basilica of St. Peter in the Vatican (Italian: Basilica Papale di San Pietro in Vaticano), or simply St. Peter's Basilica (Latin: Basilica Sancti Petri), is an Italian Renaissance church in Vatican City, the papal enclave within the city of Rome."", 'The name Vatican city was first used in the Lateran Treaty, signed on 11 February 1929, which established the modern city - state.']}",11 February 1929,"{'answer_em': 1.0, 'answer_f1': 1.0, 'answer_precision': 1.0, 'answer_recall': 1.0, 'support_f1': 0.0, 'support_precision': 0.0, 'support_recall': 0.0, 'accuracy': 1.0}"
4hop3__152056_698586_1926_54362,Who burned down the death city of the artist responsible for Dunn Dunn in the war after which the first time black people declined in living in NYC?,"{'answer': 'There is no information to support this question.', 'supporting_facts': []}",Confederate Gen. John Bell Hood,"{'answer_em': 0.0, 'answer_f1': 0.0, 'answer_precision': 0.0, 'answer_recall': 0.0, 'support_f1': 0.0, 'support_precision': 0.0, 'support_recall': 0.0, 'accuracy': 0.0}"
3hop2__782397_467331_162182,"In what region of the country that contains Phu Luong, is the city that has the Zone 5 Military Museum located?","{'answer': 'South Central Coast', 'supporting_facts': ['Phu Luong is a mountain in Vietnam.', 'The Zone 5 Military Museum (Bao Tang Khu 5) is a military museum located at 3 Duy Tân, Da Nang, Vietnam.', 'South Central Coast (Vietnamese: Duyên hải Nam Trung Bộ) is one of the regions of Vietnam.', 'It consists of the independent municipality of Đà Nẵng and seven other provinces.']}",South Central Coast,"{'answer_em': 1.0, 'answer_f1': 1.0, 'answer_precision': 1.0, 'answer_recall': 1.0, 'support_f1': 0.0, 'support_precision': 0.0, 'support_recall': 0.0, 'accuracy': 1.0}"
3hop2__304722_526346_63959,When was the last time the sports team having Trevor Dark as a member beat the winner of 1894–95 FA Cup?,"{'answer': 'Information not available in the context', 'supporting_facts': ['Trevor Charles Dark (born 29 January 1961) is a former professional footballer who played in the Football League for Birmingham City.', 'The Trophy was stolen from a display in the shop window of W. Shillcock (a football fitter) in Newton Row, Birmingham, after the Final and never recovered despite a £10 reward.', 'According to the Police, it was taken sometime between 21:30 on Wednesday 11 September and 7:30 the following morning, along with cash from a drawer.']}",1 December 2010,"{'answer_em': 0.0, 'answer_f1': 0.0, 'answer_precision': 0.0, 'answer_recall': 0.0, 'support_f1': 0.0, 'support_precision': 0.0, 'support_recall': 0.0, 'accuracy': 0.0}"
2hop__463884_807572,What county is the Ira C. Allen Mansion located in?,"{'answer': 'Not specified in the context', 'supporting_facts': ['The Ira C. Allen Mansion is an historic property on the Green in Fair Haven, Vermont, United States.', 'It is a contributing property to the Fair Haven Green Historic District.', ""New Jersey's 13th Legislative District is one of 40 in the state, covering the Monmouth County municipalities of Aberdeen Township, Atlantic Highlands Borough, Fair Haven Borough, Hazlet Township, Highlands Borough, Holmdel Township, Keansburg Borough, Keyport Borough, Little Silver Borough, Marlboro Township, Middletown Township, Monmouth Beach Borough, Oceanport Borough, Rumson Borough, Sea Bright Borough and Union Beach Borough as of the 2011 apportionment.""]}",Monmouth County,"{'answer_em': 0.0, 'answer_f1': 0.0, 'answer_precision': 0.0, 'answer_recall': 0.0, 'support_f1': 0.0, 'support_precision': 0.0, 'support_recall': 0.0, 'accuracy': 0.0}"
2hop__458131_174974,Who is the spouse of the Rabbit Hole's producer?,"{'answer': 'No information available', 'supporting_facts': ['Kidman produced the project via her company, Blossom Films.', 'The film starred Nicole Kidman, Aaron Eckhart, and Dianne Wiest, and directed by John Cameron Mitchell;']}",Keith Urban,"{'answer_em': 0.0, 'answer_f1': 0.0, 'answer_precision': 0.0, 'answer_recall': 0.0, 'support_f1': 0.0, 'support_precision': 0.0, 'support_recall': 0.0, 'accuracy': 0.0}"
3hop1__222497_309482_89834,When did the merchant of the city where the composer of Al gran sole carico d'amore takes place?,"{'answer': 'Not specified in the context', 'supporting_facts': ['Al gran sole carico d\'amore (""In the Bright Sunshine Heavy with Love"") is an opera (designated as an \'azione scenica\') with music by Luigi Nono, based mainly on plays by Bertolt Brecht, but also incorporating texts of Fidel Castro, Che Guevara, Karl Marx, and Vladimir Lenin.', 'The Merchant of Venice is a 16th - century play by William Shakespeare in which a merchant in Venice must default on a large loan provided by an abused Jewish moneylender.', 'It is believed to have been written between 1596 and 1599.', 'He studied under Giacomo Favretto, Alessandro Milesi, and Luigi Nono at the Academy of Fine Arts in his native Venice.']}",16th - century,"{'answer_em': 0.0, 'answer_f1': 0.0, 'answer_precision': 0.0, 'answer_recall': 0.0, 'support_f1': 0.0, 'support_precision': 0.0, 'support_recall': 0.0, 'accuracy': 0.0}"
3hop2__106842_30645_84681,When did the people who first settled the Delaware Valley come to the country which produced the show @Seven?,"{'answer': 'At least 700 years ago', 'supporting_facts': ['The history of New Zealand dates back at least 700 years to when it was discovered and settled by Polynesians, who developed a distinct Māori culture centred on kinship links and land.', 'Europeans came to the Delaware Valley in the early 17th century, with the first settlements founded by the Dutch, who in 1623 built Fort Nassau on the Delaware River opposite the Schuylkill River in what is now Brooklawn, New Jersey.']}",13 December 1642,"{'answer_em': 0.0, 'answer_f1': 0.0, 'answer_precision': 0.0, 'answer_recall': 0.0, 'support_f1': 0.0, 'support_precision': 0.0, 'support_recall': 0.0, 'accuracy': 0.0}"
4hop3__474028_88460_30152_20999,How were people from whom new coins were a proclamation of independence by the Somali Muslim Ajuran Empire expelled from the natural boundary between Thailand and A Don's country?,"{'answer': 'The context does not provide information on how the Portuguese were expelled from the natural boundary between Thailand and Laos.', 'supporting_facts': ['The Somali Muslim Ajuran Empire, allied with the Ottomans, defied the Portuguese economic monopoly in the Indian Ocean by employing a new coinage which followed the Ottoman pattern, thus proclaiming an attitude of economic independence in regard to the Portuguese.', 'A Don is a village in south-eastern Laos near the border with Vietnam.', 'Thailand is bordered to the north by Myanmar and Laos, to the east by Laos and Cambodia, to the south by the Gulf of Thailand and Malaysia, and to the west by the Andaman Sea and the southern extremity of Myanmar.', 'The Portuguese discovery of the Cape of Good Hope in 1488 initiated a series of Ottoman-Portuguese naval wars in the Indian Ocean throughout the 16th century.', 'Thailand is bordered to the north by Myanmar and Laos, to the east by Laos and Cambodia, to the south by the Gulf of Thailand and Malaysia, and to the west by the Andaman Sea and the southern extremity of Myanmar.']}",The dynasty regrouped and defeated the Portuguese,"{'answer_em': 0.0, 'answer_f1': 0.1818181818181818, 'answer_precision': 0.11764705882352941, 'answer_recall': 0.4, 'support_f1': 0.0, 'support_precision': 0.0, 'support_recall': 0.0, 'accuracy': 0.1818181818181818}"
2hop__37353_23241,"According to Pew in 2010, what percent of Nigeria's population was the people who conquered the Eastern provinces of the Byzantine empire?","{'answer': '48.8 percent', 'supporting_facts': [""An 18 December 2012 report on religion and public life by the Pew Research Center stated that in 2010, 49.3 percent of Nigeria's population was Christian, 48.8 percent was Muslim, and 1.9 percent were followers of indigenous and other religions, or unaffiliated."", 'Islamic architecture used mosaic technique to decorate religious buildings and palaces after the Muslim conquests of the eastern provinces of the Byzantine Empire.']}",48.8 percent,"{'answer_em': 1.0, 'answer_f1': 1.0, 'answer_precision': 1.0, 'answer_recall': 1.0, 'support_f1': 0.0, 'support_precision': 0.0, 'support_recall': 0.0, 'accuracy': 1.0}"
4hop1__726675_508773_85832_745702,Who is the child of the Italian navigator who explored the eastern coast of the continent César Gaytan was born in for the English?,"{'answer': 'Sebastian Cabot', 'supporting_facts': ['César Gaytan (born July 15, 1993 in Guadalajara, Jalisco, Mexico) is an undefeated Mexican professional boxer in the Bantamweight division.', 'John Cabot (Italian: Giovanni Caboto; c. 1450 -- c. 1500) was a Venetian navigator and explorer whose 1497 discovery of the coast of North America under the commission of Henry VII of England was the first European exploration of coastal North America since the Norse visits to Vinland in the eleventh century.', 'Sebastian Cabot (Italian and , ; , ""Gaboto"" or ""Cabot""; 1474 – December 1557) was an Italian explorer, likely born in the Venetian Republic. He was the son of Italian explorer John Cabot (Giovanni Caboto) and his Venetian wife Mattea.']}",Sebastian Cabot,"{'answer_em': 1.0, 'answer_f1': 1.0, 'answer_precision': 1.0, 'answer_recall': 1.0, 'support_f1': 0.0, 'support_precision': 0.0, 'support_recall': 0.0, 'accuracy': 1.0}"
4hop1__88342_49853_128008_54974,What is the longest home run hit in the league where the team with the most titles from the event after which the MLB MVP is awarded plays?,"{'answer': '575 feet', 'supporting_facts': ['In the American League, the New York Yankees have played in 40 World Series and won 27, the Philadelphia / Kansas City / Oakland Athletics have played in 14 and won 9, and the Boston Red Sox have played in 12 and won 8, including the first World Series.', 'MVP voting takes place before the postseason, but the results are not announced until after the World Series.', ""Major League Baseball's longest verifiable home run distance is about 575 feet (175 m), by Babe Ruth, to straightaway center field at Tiger Stadium (then called Navin Field and before the double - deck), which landed nearly across the intersection of Trumbull and Cherry.""]}",about 575 feet,"{'answer_em': 0.0, 'answer_f1': 0.8, 'answer_precision': 1.0, 'answer_recall': 0.6666666666666666, 'support_f1': 0.0, 'support_precision': 0.0, 'support_recall': 0.0, 'accuracy': 0.8}"
2hop__47712_25719,At the end of which year did tribes from the place where the Celts are said to have migrated from invade the Roman empire?,"{'answer': '406', 'supporting_facts': ['In 406 the Alans, Vandals, and Suevi crossed into Gaul; over the next three years they spread across Gaul and in 409 crossed the Pyrenees Mountains into modern-day Spain.', 'According to one theory, the common root of the Celtic languages, the Proto - Celtic language, arose in the Late Bronze Age Urnfield culture of Central Europe, which flourished from around 1200 BC.', 'The first people to adopt cultural characteristics regarded as Celtic were the people of the Iron Age Hallstatt culture in central Europe (c. 800 -- 450 BC), named for the rich grave finds in Hallstatt, Austria.']}",406,"{'answer_em': 1.0, 'answer_f1': 1.0, 'answer_precision': 1.0, 'answer_recall': 1.0, 'support_f1': 0.0, 'support_precision': 0.0, 'support_recall': 0.0, 'accuracy': 1.0}"
2hop__332453_139339,What was the director of The Accidental Husband nominated for?,"{'answer': 'an Academy Award for Best Live Action Short Film', 'supporting_facts': ['In 1995, Griffin Dunne was nominated for an Academy Award for Best Live Action Short Film for ""Duke of Groove"", which he directed and co-wrote.', 'The Accidental Husband is a 2008 American romantic comedy film directed by Griffin Dunne, and starring Uma Thurman, Jeffrey Dean Morgan, Colin Firth, Isabella Rossellini, and Sam Shepard.']}",Academy Award for Best Live Action Short Film,"{'answer_em': 1.0, 'answer_f1': 1.0, 'answer_precision': 1.0, 'answer_recall': 1.0, 'support_f1': 0.0, 'support_precision': 0.0, 'support_recall': 0.0, 'accuracy': 1.0}"
2hop__435184_67370,When does real time with the pizza man cast member start again in 2018?,"{'answer': ""There is no information about a show called 'Real Time with the Pizza Man'. However, 'Real Time with Bill Maher' started again on January 19, 2018."", 'supporting_facts': ['Season Episodes Originally aired First aired Last aired 20 February 21, 2003 (2003 - 02 - 21) September 26, 2003 (2003 - 09 - 26) ... 16 TBA January 19, 2018 (2018 - 01 - 19) TBA']}","January 19, 2018","{'answer_em': 0.0, 'answer_f1': 0.2222222222222222, 'answer_precision': 0.125, 'answer_recall': 1.0, 'support_f1': 0.0, 'support_precision': 0.0, 'support_recall': 0.0, 'accuracy': 0.2222222222222222}"
2hop__16581_16525,When did the person who first brought a postal service into Umayyad lands become caliph?,"{'answer': '661', 'supporting_facts': [""Mu'awiyah introduced postal service, Abd al-Malik extended it throughout his empire, and Walid made full use of it."", 'Ali was assassinated in 661 by a Kharijite partisan. Six months later in the same year, in the interest of peace, Hasan ibn Ali, highly regarded for his wisdom and as a peacemaker, and the Second Imam for the Shias, and the grandson of Muhammad, made a peace treaty with Muawiyah I.']}",661,"{'answer_em': 1.0, 'answer_f1': 1.0, 'answer_precision': 1.0, 'answer_recall': 1.0, 'support_f1': 0.0, 'support_precision': 0.0, 'support_recall': 0.0, 'accuracy': 1.0}"
2hop__403580_37168,"According to QS World University Rankings, what is the ranking of the place that employed Said Ashour?","{'answer': '551-600', 'supporting_facts': ['Cairo University is ranked as 401-500 according to the Academic Ranking of World Universities (Shanghai Ranking) and 551-600 according to QS World University Rankings.', 'Dr. Ashour was Chair of the Middle Ages section for many decades at the History Departments of Cairo University']}",551-600,"{'answer_em': 1.0, 'answer_f1': 1.0, 'answer_precision': 1.0, 'answer_recall': 1.0, 'support_f1': 0.0, 'support_precision': 0.0, 'support_recall': 0.0, 'accuracy': 1.0}"
2hop__389778_78303,"What was the cast member of Missing in Action's name in Walker, Texas Ranger?","{'answer': 'Chuck Norris', 'supporting_facts': ['Missing in Action is a 1984 American action film directed by Joseph Zito and starring Chuck Norris.', 'Name Portrayed by Occupation Seasons Pilot 5 6 7 8 Cordell Walker Chuck Norris Texas Ranger Main']}",Cordell Walker,"{'answer_em': 0.0, 'answer_f1': 0.0, 'answer_precision': 0.0, 'answer_recall': 0.0, 'support_f1': 0.0, 'support_precision': 0.0, 'support_recall': 0.0, 'accuracy': 0.0}"
2hop__424294_19033,Where did the author of A Lion's Tale: Around the World in Spandex win in 2008?,"{'answer': 'The Great American Bash', 'supporting_facts': [""A Lion's Tale: Around the World in Spandex is an autobiography of professional wrestler, Chris Jericho."", 'At the Great American Bash in 2008, Chris Jericho was declared the winner of a match against Shawn Michaels when Michaels could not defend himself due to excessive blood loss and impaired vision.']}",Great American Bash,"{'answer_em': 1.0, 'answer_f1': 1.0, 'answer_precision': 1.0, 'answer_recall': 1.0, 'support_f1': 0.0, 'support_precision': 0.0, 'support_recall': 0.0, 'accuracy': 1.0}"
2hop__107548_124896,Who is the father of the artist who painted Head I?,"{'answer': 'Sir Nicholas Bacon', 'supporting_facts': ['Francis Bacon was born on 22 January 1561 at York House near the Strand in London, the son of Sir Nicholas Bacon (Lord Keeper of the Great Seal) by his second wife, Anne (Cooke) Bacon, the daughter of the noted humanist Anthony Cooke.', 'Head I is a relatively small oil and tempera on hardboard painting by the Irish-born British figurative artist Francis Bacon.']}",Nicholas Bacon,"{'answer_em': 0.0, 'answer_f1': 0.8, 'answer_precision': 0.6666666666666666, 'answer_recall': 1.0, 'support_f1': 0.0, 'support_precision': 0.0, 'support_recall': 0.0, 'accuracy': 0.8}"
3hop1__761225_831637_91775,"What does seal stand for in the branch of the U.S. military that operates a list of destroyer classes, as well as containing the rank O-1?","{'answer': 'Sea, Air, and Land', 'supporting_facts': [""The United States Navy's ``Sea, Air, and Land ''Teams, commonly abbreviated as the Navy SEALs, are the U.S. Navy's primary special operations force and a component of the Naval Special Warfare Command."", 'The SCDA O-1 was an Italian semi-rigid airship, the only true semi-rigid airship to serve with the United States Navy.', 'This is a list of destroyer classes of the United States Navy, organised chronologically by entry into service.']}","Sea, Air, and Land","{'answer_em': 1.0, 'answer_f1': 1.0, 'answer_precision': 1.0, 'answer_recall': 1.0, 'support_f1': 0.0, 'support_precision': 0.0, 'support_recall': 0.0, 'accuracy': 1.0}"
2hop__75714_21969,When was the first governor general of India impeached?,"{'answer': '1788', 'supporting_facts': ['The impeachment of Warren Hastings was a failed attempt between 1788 and 1795 to impeach the first Governor - General of India in the Parliament of Great Britain.', 'On 4 April 1786, Burke presented the Commons with the Article of Charge of High Crimes and Misdemeanors against Hastings.', ""The impeachment in Westminster Hall, which did not begin until 14 February 1788, would be the 'first major public discursive event of its kind in England', bringing the morality and duty of imperialism to the forefront of public perception.""]}",1786,"{'answer_em': 0.0, 'answer_f1': 0.0, 'answer_precision': 0.0, 'answer_recall': 0.0, 'support_f1': 0.0, 'support_precision': 0.0, 'support_recall': 0.0, 'accuracy': 0.0}"
4hop1__860115_798482_131926_87157,What is the direction of flow of the body of water by the city sharing a border with Elizabeth Berg's birthplace?,"{'answer': 'southwards', 'supporting_facts': ['Berg was born in Saint Paul, Minnesota, USA, and lived in Boston prior to her residence in Chicago.', ""Minneapolis lies on both banks of the Mississippi River, just north of the river's confluence with the Minnesota River, and adjoins Saint Paul, the state's capital."", 'The Mississippi River is the chief river of the second - largest drainage system on the North American continent, second only to the Hudson Bay drainage system. Flowing entirely in the United States (although its drainage basin reaches into Canada), it rises in northern Minnesota and meanders slowly southwards for 2,320 miles (3,730 km) to the Mississippi River Delta at the Gulf of Mexico.']}",rises in northern Minnesota and meanders slowly southwards,"{'answer_em': 0.0, 'answer_f1': 0.2222222222222222, 'answer_precision': 1.0, 'answer_recall': 0.125, 'support_f1': 0.0, 'support_precision': 0.0, 'support_recall': 0.0, 'accuracy': 0.2222222222222222}"
2hop__536283_67465,When did the performer of Watching Movies release Best Day Ever?,"{'answer': 'March 11, 2011', 'supporting_facts': ['Best Day Ever is the fifth mixtape by American rapper Mac Miller. This mixtape was released online March 11, 2011.', 'The song was released on May 25, 2013 as the second single from his second studio album ""Watching Movies with the Sound Off"".']}","March 11, 2011","{'answer_em': 1.0, 'answer_f1': 1.0, 'answer_precision': 1.0, 'answer_recall': 1.0, 'support_f1': 0.0, 'support_precision': 0.0, 'support_recall': 0.0, 'accuracy': 1.0}"
3hop2__127483_156850_10557,What was the language Auctor comes from during the era of Fastrada's spouse later known as?,"{'answer': 'Latin', 'supporting_facts': ['Auctor is Latin for author or originator.', 'Fastrada became the third wife of Charlemagne, marrying him in October 783 at Worms, Germany, a few months after Queen Hildegard’s death.', 'Grammarians of the period modified the Latin language, changing it from the Classical Latin of the Roman Empire into a more flexible form to fit the needs of the church and government. By the reign of Charlemagne, the language had so diverged from the classical that it was later called Medieval Latin.']}",Medieval Latin,"{'answer_em': 0.0, 'answer_f1': 0.6666666666666666, 'answer_precision': 1.0, 'answer_recall': 0.5, 'support_f1': 0.0, 'support_precision': 0.0, 'support_recall': 0.0, 'accuracy': 0.6666666666666666}"
4hop1__364476_439408_131976_90181,"What is the deepest part of the ocean, near the state, where the county that holds the city of Winchester is found?","{'answer': 'Milwaukee Deep, with a depth of 8,648 meters (28,373 ft)', 'supporting_facts': ['Winchester is a city in and the county seat of Scott County, Illinois, United States.', 'The Puerto Rico Trench is located on the boundary between the Caribbean Sea and the Atlantic Ocean.', 'The trench is 800 kilometres (497 mi) long and has a maximum depth of 8,648 metres (28,373 ft) or 5.373 miles at Milwaukee Deep, which is the deepest point in the Atlantic Ocean and the deepest point not in the Pacific Ocean.']}",Milwaukee Deep,"{'answer_em': 0.0, 'answer_f1': 0.3636363636363636, 'answer_precision': 0.2222222222222222, 'answer_recall': 1.0, 'support_f1': 0.0, 'support_precision': 0.0, 'support_recall': 0.0, 'accuracy': 0.3636363636363636}"
3hop2__304722_330033_63959,When was the last time Tony Richard's team beat the 1894-95 FA Cup Winner?,"{'answer': 'Unknown', 'supporting_facts': ['The 1894–95 FA Cup was won by Aston Villa.', 'Tony Richards was associated with Birmingham City as a teenager, he joined Walsall in 1954, and later played for Port Vale and other non-league teams, but there is no information about him playing against the 1894-95 FA Cup winner.', ""There is no information in the provided context about Tony Richards' teams playing against Aston Villa during his career.""]}",1 December 2010,"{'answer_em': 0.0, 'answer_f1': 0.0, 'answer_precision': 0.0, 'answer_recall': 0.0, 'support_f1': 0.0, 'support_precision': 0.0, 'support_recall': 0.0, 'accuracy': 0.0}"
4hop1__88342_49853_128008_48717,"Who was the second pick in the 1999 draft of the organization, that includes the team with the most titles, in the event preceding the awarding of the MLB MVP?","{'answer': 'Josh Beckett', 'supporting_facts': ['In the American League, the New York Yankees have played in 40 World Series and won 27, the Philadelphia / Kansas City / Oakland Athletics have played in 14 and won 9, and the Boston Red Sox have played in 12 and won 8, including the first World Series.', 'Pick Player Team Position School Josh Hamilton Tampa Bay Devil Rays OF Athens Drive HS (Raleigh, North Carolina) Josh Beckett Florida Marlins Spring HS (Spring, Texas)', 'MVP voting takes place before the postseason, but the results are not announced until after the World Series.']}",Josh Beckett,"{'answer_em': 1.0, 'answer_f1': 1.0, 'answer_precision': 1.0, 'answer_recall': 1.0, 'support_f1': 0.0, 'support_precision': 0.0, 'support_recall': 0.0, 'accuracy': 1.0}"
4hop1__152146_5274_458768_33632,What day is the Feast held in the city where the headquarters of the only group larger than Långa nätter's record label is located?,"{'answer': 'October 7', 'supporting_facts': ['Långa nätter is the debut album by singer-songwriter Melissa Horn, released April 30, 2008, on Sony Music Entertainment.', ""It is the world's second largest recorded music company, after Universal Music Group."", 'Sony Music Entertainment Inc. (sometimes known as Sony Music or by the initials, SME) is an American music corporation managed and operated by Sony Corporation of America (SCA), a subsidiary of Japanese conglomerate Sony Corporation.', 'The Feast of Our Lady of the Rosary, formerly known as Our Lady of Victory and Feast of the Holy Rosary, is a feast day of the Roman Catholic Church, celebrated on 7 October, the anniversary of the decisive victory of the combined fleet of the Holy League of 1571 over the Ottoman navy at the Battle of Lepanto.', 'Sony Music Entertainment Inc. (sometimes known as Sony Music or by the initials, SME) is an American music corporation managed and operated by Sony Corporation of America (SCA), a subsidiary of Japanese conglomerate Sony Corporation.']}",May 4,"{'answer_em': 0.0, 'answer_f1': 0.0, 'answer_precision': 0.0, 'answer_recall': 0.0, 'support_f1': 0.0, 'support_precision': 0.0, 'support_recall': 0.0, 'accuracy': 0.0}"
3hop2__60649_90098_10557,What was the language from which the last name Sylvester originated during the era of the Frankish king who formed the Holy Roman Empire later known as?,"{'answer': 'Latin', 'supporting_facts': [""Sylvester is a name derived from the Latin adjective silvestris meaning ``wooded ''or`` wild'', which derives from the noun silva meaning ``woodland ''. "", 'Charlemagne (/ ˈʃɑːrləmeɪn /) or Charles the Great (2 April 742 -- 28 January 814), numbered Charles I, was King of the Franks from 768, King of the Lombards from 774 and Holy Roman Emperor from 800.']}",Medieval Latin,"{'answer_em': 0.0, 'answer_f1': 0.6666666666666666, 'answer_precision': 1.0, 'answer_recall': 0.5, 'support_f1': 0.0, 'support_precision': 0.0, 'support_recall': 0.0, 'accuracy': 0.6666666666666666}"
3hop2__304722_747004_63959,When was the last time George Hollis's team beat the 1894-95 FA Cup winner?,"{'answer': 'Unknown', 'supporting_facts': [""Born in Kenilworth, Warwickshire, Hollis deputised as Small Heath's goalkeeper for England international Chris Charsley, an amateur whose career in the Birmingham City Police entailed his frequent absence from footballing duties."", ""He made 49 appearances in all senior competitions, including 17 in Small Heath's last season in the Football Alliance and 31 in their first two seasons in the Football League."", 'The Trophy was stolen from a display in the shop window of W. Shillcock (a football fitter) in Newton Row, Birmingham, after the Final and never recovered despite a £10 reward.', 'According to the Police, it was taken sometime between 21:30 on Wednesday 11 September and 7:30 the following morning, along with cash from a drawer.']}",1 December 2010,"{'answer_em': 0.0, 'answer_f1': 0.0, 'answer_precision': 0.0, 'answer_recall': 0.0, 'support_f1': 0.0, 'support_precision': 0.0, 'support_recall': 0.0, 'accuracy': 0.0}"
2hop__725233_150107,Who published Communications of the publisher of the Mobile Computing and Communications Review?,"{'answer': 'ACM', 'supporting_facts': ['Mobile Computing and Communications Review (MC2R) is a peer-reviewed quarterly scientific journal and newsletter published by the ACM SIGMOBILE covering mobile computing and networking.', 'Communications of the ACM is the monthly journal of the Association for Computing Machinery (ACM).']}",Association for Computing Machinery,"{'answer_em': 0.0, 'answer_f1': 0.0, 'answer_precision': 0.0, 'answer_recall': 0.0, 'support_f1': 0.0, 'support_precision': 0.0, 'support_recall': 0.0, 'accuracy': 0.0}"
3hop1__222497_737465_93723,"Who played Spyder, from the ""Once Upon a Time"" film set in the place of death of the composer of Al gran sole carico d'amore?","{'answer': 'Jason Momoa', 'supporting_facts': ['Jason Momoa as Spyder, a drug lord who forces Steve to do some jobs for the safety of his dog.', ""Al gran sole carico d'amore is an opera (designated as an 'azione scenica') with music by Luigi Nono, based mainly on plays by Bertolt Brecht, but also incorporating texts of Fidel Castro, Che Guevara, Karl Marx, and Vladimir Lenin."", ""Louis van Waefelghem (13 January 1840 in Bruges – 19 June 1908 in Paris) was a Belgian violinist, violist and one of the greatest viola d'amore players of the 19th century."", 'Once Upon a Time in Venice']}",Jason Momoa,"{'answer_em': 1.0, 'answer_f1': 1.0, 'answer_precision': 1.0, 'answer_recall': 1.0, 'support_f1': 0.0, 'support_precision': 0.0, 'support_recall': 0.0, 'accuracy': 1.0}"
4hop1__88342_49853_128008_87812,When is the opening day of the league of the team with the most titles from the event after which they give out the MLB MVP award?,"{'answer': 'Thursday, March 29, 2018', 'supporting_facts': ['For the 2018 season, all 30 teams were scheduled to open the season on Thursday, March 29 (the earliest domestic start for a regular season in MLB history, and the first time since 1968 that all major league teams were scheduled to start the season on the same day, although two games were subsequently rained out and postponed to Friday, March 30)', 'In the American League, the New York Yankees have played in 40 World Series and won 27, the Philadelphia / Kansas City / Oakland Athletics have played in 14 and won 9, and the Boston Red Sox have played in 12 and won 8, including the first World Series.', 'MVP voting takes place before the postseason, but the results are not announced until after the World Series.']}","Thursday, March 29","{'answer_em': 0.0, 'answer_f1': 0.8571428571428571, 'answer_precision': 0.75, 'answer_recall': 1.0, 'support_f1': 0.0, 'support_precision': 0.0, 'support_recall': 0.0, 'accuracy': 0.8571428571428571}"
4hop2__161602_426860_88460_63559,When was Burma's name changed to that of the country on the natural boundary between the country that hosted the tournament and the country where That Dam is from?,"{'answer': '1989', 'supporting_facts': ['Myanmar (also known as Burma) is the northwestern-most country of mainland Southeast Asia, bordering China, India, Bangladesh, Thailand and Laos.', 'That Dam (Lao ທາດຳ, meaning Black Stupa) is a large stupa located in Vientiane, Laos.', ""In 1989, SLORC changed the country's official English name from the 'Socialist Republic of the Union of Burma' to the 'Union of Myanmar'.""]}",1235,"{'answer_em': 0.0, 'answer_f1': 0.0, 'answer_precision': 0.0, 'answer_recall': 0.0, 'support_f1': 0.0, 'support_precision': 0.0, 'support_recall': 0.0, 'accuracy': 0.0}"
2hop__35137_22940,What is the Book of Healing by the writer of The Canon of Medicine referred to in Arabic?,"{'answer': 'Kitab al-shifa', 'supporting_facts': [""Avicenna's legacy in classical psychology is primarily embodied in the Kitab al-nafs parts of his Kitab al-shifa (The Book of Healing) and Kitab al-najat (The Book of Deliverance)."", 'His medical textbook The Canon of Medicine was used as the standard text in European universities for centuries. He also wrote The Book of Healing, an influential scientific and philosophical encyclopedia.']}",Kitab al-shifa,"{'answer_em': 1.0, 'answer_f1': 1.0, 'answer_precision': 1.0, 'answer_recall': 1.0, 'support_f1': 0.0, 'support_precision': 0.0, 'support_recall': 0.0, 'accuracy': 1.0}"
2hop__681463_402641,Who is the sibling of Chiang Hsiao-wen?,"{'answer': 'Hsiao-chang, Hsiao-wu, Hsiao-yung, Winston Chang, and John Chiang', 'supporting_facts': ['Chiang Hsiao-wen (; also known as Alan Chiang; 14 December 1935 – 14 April 1989) was the eldest son of Chiang Ching-kuo, the President of the Republic of China in Taiwan from 1978 to 1988. His mother is Faina Ipatyevna Vakhreva, also known as Chiang Fang-liang. He had one younger sister, Hsiao-chang, and two younger brothers, Hsiao-wu and Hsiao-yung. He had two half-brothers, Winston Chang and John Chiang, with whom he shared the same father.']}",Chiang Hsiao-wu,"{'answer_em': 0.0, 'answer_f1': 0.4, 'answer_precision': 0.25, 'answer_recall': 1.0, 'support_f1': 0.0, 'support_precision': 0.0, 'support_recall': 0.0, 'accuracy': 0.4}"
3hop2__6989_37759_74563,"When did the religious order that founded Harvard College, arrive in the region of the U.S. served by the Rainbow Times?","{'answer': '1630', 'supporting_facts': ['In 1630, the first ships of the Great Puritan Migration sailed to the New World, led by John Winthrop.', 'Founded in 2006, The Rainbow Times is now based out of Boston, but serves all of New England.', 'The Puritans who established Massachusetts Bay Colony in 1628 founded Harvard College only eight years later.']}",1630,"{'answer_em': 1.0, 'answer_f1': 1.0, 'answer_precision': 1.0, 'answer_recall': 1.0, 'support_f1': 0.0, 'support_precision': 0.0, 'support_recall': 0.0, 'accuracy': 1.0}"
2hop__71755_463572,What is the record label for the singer who originally sang You Belong To Me.,"{'answer': 'Sharp Records', 'supporting_facts': ['The first 1952 recording of the song was by Joni James.', 'She recorded the song in February, 1952, in Chicago and it was released in March on the local Sharp Records label.']}",MGM Records,"{'answer_em': 0.0, 'answer_f1': 0.5, 'answer_precision': 0.5, 'answer_recall': 0.5, 'support_f1': 0.0, 'support_precision': 0.0, 'support_recall': 0.0, 'accuracy': 0.5}"
2hop__170823_120171,What year did the publisher of Labyrinth end?,"{'answer': '1986', 'supporting_facts': ['Acornsoft ceased to operate as a separate company upon the departure of David Johnson-Davies in January 1986.', 'Labyrinth is a video game published in 1984 by Acornsoft for the BBC Micro.']}",1986,"{'answer_em': 1.0, 'answer_f1': 1.0, 'answer_precision': 1.0, 'answer_recall': 1.0, 'support_f1': 0.0, 'support_precision': 0.0, 'support_recall': 0.0, 'accuracy': 1.0}"
4hop1__814776_765799_282674_759393,What is the seat of the county sharing a border with the county where Western Islands is headquartered?,"{'answer': 'Green Bay', 'supporting_facts': ['Western Islands is the publishing arm of the John Birch Society; it is located in Appleton, Wisconsin, USA, where the society has its headquarters.', 'John C. Petersen (November 2, 1842 – July 10, 1887) was an American butcher and farmer from Appleton, Wisconsin who served as a member of the Wisconsin State Assembly from Outagamie County.', 'Pulaski High School is a public high school in Pulaski, Wisconsin, in Brown County, Wisconsin (school district also serves parts of Shawano, Outagamie and Oconto counties), that serves students in grades 9 through 12.', 'Born in Green Bay, Wisconsin, Quinn was a realtor and served on the Green Bay Common Council, the Brown County, Wisconsin Board of Supervisors, the local Board of Education, and the Wisconsin State Assembly from 1955 until 1973.']}",Green Bay,"{'answer_em': 1.0, 'answer_f1': 1.0, 'answer_precision': 1.0, 'answer_recall': 1.0, 'support_f1': 0.0, 'support_precision': 0.0, 'support_recall': 0.0, 'accuracy': 1.0}"
4hop1__152028_141441_458768_33633,When did the explorer reach the headquarters location of the group Con-Test's record label is part of?,"{'answer': 'August 3, 1769', 'supporting_facts': ['The first non-indigenous group to set foot in the area was the party of explorer Gaspar de Portolà, who camped near the present day intersection of Barrington and Ohio Avenues on August 3, 1769.', ""MCA Records picked up the reissue rights for 'Con-Test', as well as Nash's 'American Band-ages' in 1986, but the abrupt change in record labels led to a near-absence of promotion for both records."", 'MCA Records was an American record label owned by MCA Inc., which later gave way to the larger MCA Music Entertainment Group (now Universal Music Group), which the label was part of until its dissolution in 2003.', 'The Right Stuff Records is a reissue record label that was part of EMI, which is now owned by Universal Music Group and is based out of Santa Monica, California.']}","August 3, 1769","{'answer_em': 1.0, 'answer_f1': 1.0, 'answer_precision': 1.0, 'answer_recall': 1.0, 'support_f1': 0.0, 'support_precision': 0.0, 'support_recall': 0.0, 'accuracy': 1.0}"
3hop1__222497_309482_80702,What is the name of the famous bridge in the place where Al gran sole carico d'amore's composer worked?,"{'answer': 'Rialto Bridge', 'supporting_facts': ['He studied under Giacomo Favretto, Alessandro Milesi, and Luigi Nono at the Academy of Fine Arts in his native Venice.', 'The Rialto Bridge (Italian: Ponte di Rialto; Venetian: Ponte de Rialto) is the oldest of the four bridges spanning the Grand Canal in Venice, Italy.', ""Al gran sole carico d'amore is an opera with music by Luigi Nono, based mainly on plays by Bertolt Brecht, but also incorporating texts of Fidel Castro, Che Guevara, Karl Marx, and Vladimir Lenin.""]}",Rialto Bridge,"{'answer_em': 1.0, 'answer_f1': 1.0, 'answer_precision': 1.0, 'answer_recall': 1.0, 'support_f1': 0.0, 'support_precision': 0.0, 'support_recall': 0.0, 'accuracy': 1.0}"
3hop1__516535_834494_33939,"In 1900, what was the population of the city in the same county as Allen?","{'answer': '7,531', 'supporting_facts': ['Allen, also known as Allen City is a ghost town in Pima County in southern Arizona.', 'By 1900, 7,531 people lived in the city.']}","7,531","{'answer_em': 1.0, 'answer_f1': 1.0, 'answer_precision': 1.0, 'answer_recall': 1.0, 'support_f1': 0.0, 'support_precision': 0.0, 'support_recall': 0.0, 'accuracy': 1.0}"
2hop__562154_69048,Who is the Chief Judge in the place where DeltaWomen's headquarters in located?,"{'answer': ""The Chief Judge is not explicitly mentioned for the location of DeltaWomen's headquarters, but the last known Chief Justice of Delta State was Honorable Justice Abiodun Smith"", 'supporting_facts': ['Delta Women is a non-governmental organization founded primarily to enable the women of Delta State, Nigeria.', 'Rosaline Patricia Irorefe Bozimo (born 1 January 1946) is a Nigerian lawyer who was appointed Chief Justice of Delta State with effect from 23 March 2003.', 'She retired on 1 January 2011 and was succeeded by Honorable Justice Abiodun Smith.']}",Honorable Justice Abiodun Smith,"{'answer_em': 0.0, 'answer_f1': 0.2857142857142857, 'answer_precision': 0.16666666666666666, 'answer_recall': 1.0, 'support_f1': 0.0, 'support_precision': 0.0, 'support_recall': 0.0, 'accuracy': 0.2857142857142857}"
3hop1__103662_443779_52195,Who is the president of the newly declared independent country that is part of the Commission of Truth and Friendship with Radiansyah's birth country?,"{'answer': 'Francisco Guterres', 'supporting_facts': ['Rahel Radiansyah (born May 22, 1991) is an Indonesian footballer who currently plays for Martapura in the Liga 2. He also plays for Persisam Putra Samarinda U-21, with this reserve team he scored 11 goals in two season.', 'The Indonesia–Timor Leste Commission on Truth and Friendship was a truth commission established jointly by the governments of Indonesia and East Timor in August 2005.', 'President Francisco Guterres']}",Francisco Guterres,"{'answer_em': 1.0, 'answer_f1': 1.0, 'answer_precision': 1.0, 'answer_recall': 1.0, 'support_f1': 0.0, 'support_precision': 0.0, 'support_recall': 0.0, 'accuracy': 1.0}"
2hop__785711_63853,What is the source of the body of water where Augrabies Falls is located?,"{'answer': 'Thaba Putsoa in the Maloti Mountains (Drakensberg), Lesotho', 'supporting_facts': ['The R359 is a regional route in the Northern Cape province of South Africa that runs along the south bank of the Orange River from Augrabies Falls through Augrabies and Kakamas to Upington.', 'Source Thaba Putsoa - location Maloti Mountains (Drakensberg), Lesotho - elevation 3,350 m (10,991 ft)']}",Thaba Putsoa,"{'answer_em': 0.0, 'answer_f1': 0.4444444444444445, 'answer_precision': 0.2857142857142857, 'answer_recall': 1.0, 'support_f1': 0.0, 'support_precision': 0.0, 'support_recall': 0.0, 'accuracy': 0.4444444444444445}"
3hop1__106042_64399_62676,"When did the city that spread Christianity to Rome, Egypt, Judea, and the country where Vasilopita originates, become the capital city of the Hebrews?","{'answer': 'c. 1000 BCE', 'supporting_facts': [""According to the Bible, the Israelite history of the city began in c. 1000 BCE, with King David's sack of Jerusalem, following which Jerusalem became the City of David and capital of the United Kingdom of Israel."", 'The city, which at that point stood upon the Ophel, was, according to the biblical account, expanded to the south, and declared by David to be the capital city of the Kingdom of Israel.', 'Vasilopita (, ""Vasilópita"", lit. \'(St.) Basil-pie\' or \'king pie\') is a New Year\'s Day bread or cake in Greece and many other areas in eastern Europe and the Balkans', 'The Apostolic sees claim to have been founded by one or more of the apostles of Jesus, who are said to have dispersed from Jerusalem sometime after the crucifixion of Jesus, c. 26 -- 36, perhaps following the Great Commission.']}",c. 1000 BCE,"{'answer_em': 1.0, 'answer_f1': 1.0, 'answer_precision': 1.0, 'answer_recall': 1.0, 'support_f1': 0.0, 'support_precision': 0.0, 'support_recall': 0.0, 'accuracy': 1.0}"
2hop__846844_47134,What is the mascot of the school that owns Goss Stadium at Coleman Field?,"{'answer': 'Benny Beaver', 'supporting_facts': ['Goss Stadium at Coleman Field is a college baseball stadium in Corvallis, Oregon, on the campus of Oregon State University.', 'Benny Beaver is the official mascot of Oregon State University and winner of the 2011 Capital One Mascot of the Year write - in campaign.']}",Benny Beaver,"{'answer_em': 1.0, 'answer_f1': 1.0, 'answer_precision': 1.0, 'answer_recall': 1.0, 'support_f1': 0.0, 'support_precision': 0.0, 'support_recall': 0.0, 'accuracy': 1.0}"
3hop2__132957_433432_40768,"When did the maker of Acura Legend, the manufacturer of Lexus RX and Nissan open US assembly plants?","{'answer': 'A decade after the 1973 oil crisis', 'supporting_facts': ['A decade after the 1973 oil crisis, Honda, Toyota and Nissan, affected by the 1981 voluntary export restraints, opened US assembly plants and established their luxury divisions (Acura, Lexus and Infiniti, respectively) to distinguish themselves from their mass-market brands.']}",1981,"{'answer_em': 0.0, 'answer_f1': 0.0, 'answer_precision': 0.0, 'answer_recall': 0.0, 'support_f1': 0.0, 'support_precision': 0.0, 'support_recall': 0.0, 'accuracy': 0.0}"
3hop2__30152_107291_20999,"How were the people that the Somali Muslim Ajuran Empire made coins to proclaim independence from, expelled from the country where Mohinga is eaten?","{'answer': 'The Portuguese were expelled during the Christian Reconquista of the peninsula.', 'supporting_facts': ['The Somali Muslim Ajuran Empire, allied with the Ottomans, defied the Portuguese economic monopoly in the Indian Ocean by employing a new coinage which followed the Ottoman pattern, thus proclaiming an attitude of economic independence in regard to the Portuguese.', 'These Muslim peoples were eventually expelled during the Christian Reconquista of the peninsula.', 'Mohinga (, ) is a rice noodle and fish soup from Myanmar and is an essential part of Burmese cuisine.']}",The dynasty regrouped and defeated the Portuguese,"{'answer_em': 0.0, 'answer_f1': 0.15384615384615385, 'answer_precision': 0.125, 'answer_recall': 0.2, 'support_f1': 0.0, 'support_precision': 0.0, 'support_recall': 0.0, 'accuracy': 0.15384615384615385}"
2hop__345_59409,Who was the person who purchased Tidal's parent company in 2015 talking about in the song 'Cry?',"{'answer': 'His different experiences in past relationships', 'supporting_facts': ['In an interview with Bill Maher, Jay - Z stated that this song was actually inspired by three different relationships he had in the past, and he wrote about his different experiences all together in different verses.', ""On March 30, 2015, it was announced that Beyoncé is a co-owner, with various other music artists, in the music streaming service Tidal. The service specialises in lossless audio and high definition music videos. Beyoncé's husband Jay Z acquired the parent company of Tidal, Aspiro, in the first quarter of 2015."", 'Jay Z acquired the parent company of Tidal, Aspiro, in the first quarter of 2015. Including Beyoncé and Jay-Z, sixteen artist stakeholders (such as Rihanna, Beyoncé, Madonna, Chris Martin, Nicki Minaj and more) co-own Tidal, with the majority owning a 3% equity stake.']}",three different relationships he had in the past,"{'answer_em': 0.0, 'answer_f1': 0.6153846153846153, 'answer_precision': 0.6666666666666666, 'answer_recall': 0.5714285714285714, 'support_f1': 0.0, 'support_precision': 0.0, 'support_recall': 0.0, 'accuracy': 0.6153846153846153}"
3hop1__135794_87694_64412,When did the city where the Basilica that is named after the same saint as the one in San Pietro in Montorio located in become a country?,"{'answer': '1929', 'supporting_facts': ['The name Vatican city was first used in the Lateran Treaty, signed on 11 February 1929, which established the modern city - state.', ""The Church of San Pietro in Montorio was built on the site of an earlier 9th-century church dedicated to Saint Peter on Rome's Janiculum hill.""]}",11 February 1929,"{'answer_em': 0.0, 'answer_f1': 0.5, 'answer_precision': 1.0, 'answer_recall': 0.3333333333333333, 'support_f1': 0.0, 'support_precision': 0.0, 'support_recall': 0.0, 'accuracy': 0.5}"
4hop1__373866_5186_10659_23296,"The People's Socialist Republic of Albania was a member of an organization which was dissolved in Country A. Who invaded the country where many expelled French Jews relocated, other than Country A?","{'answer': 'Germany and Spain', 'supporting_facts': ['The Jews were expelled from Spain in 1492, and dispersed to Turkey, France, Italy, and Holland.', 'Although some were allowed back into France, most were not, and many Jews emigrated eastwards, settling in Poland and Hungary.', 'After the Reconquista and expulsion of non-Christians and Moriscos from Spain, many Spanish Muslims and Jews also arrived.', 'The Warsaw Pact invasion of Czechoslovakia in August 1968', 'On 25 February 1991, the Pact was declared at an end at a meeting of defense and foreign ministers from the remaining member states meeting in Hungary.']}",Soviet,"{'answer_em': 0.0, 'answer_f1': 0.0, 'answer_precision': 0.0, 'answer_recall': 0.0, 'support_f1': 0.0, 'support_precision': 0.0, 'support_recall': 0.0, 'accuracy': 0.0}"
2hop__204146_850295,Who is the sibling of the author of Kapalkundala?,"{'answer': 'No specific sibling is mentioned', 'supporting_facts': ['Kapalkundala (), also known as Mrinmoyee, is a Bengali romance novel by Indian writer Bankim Chandra Chattopadhyay.', ""Following the success of Chattopadhyay’s first novel 'Durgeshnandini', he decided to write about a girl who is brought up in a remote forest by a Kapalika (Tantrik sage) and never saw anyone but her foster-father.""]}",Sanjib Chandra,"{'answer_em': 0.0, 'answer_f1': 0.0, 'answer_precision': 0.0, 'answer_recall': 0.0, 'support_f1': 0.0, 'support_precision': 0.0, 'support_recall': 0.0, 'accuracy': 0.0}"
4hop3__238811_88460_30152_20999,New coins by the Somali Muslim Ajuran Empire were a proclamation of independence from a nation. How were the people of that nation expelled from country that borders Thailand and Ban Nampo village's country?,"{'answer': 'The Portuguese were expelled from Myanmar through naval wars and a dynasty regrouped and defeated them in 1613.', 'supporting_facts': ['The Somali Muslim Ajuran Empire, allied with the Ottomans, defied the Portuguese economic monopoly in the Indian Ocean by employing a new coinage which followed the Ottoman pattern, thus proclaiming an attitude of economic independence in regard to the Portuguese.', 'The dynasty regrouped and defeated the Portuguese in 1613 and Siam in 1614.', 'Myanmar (also known as Burma) is the northwestern-most country of mainland Southeast Asia, bordering China, India, Bangladesh, Thailand and Laos.', 'Ban Nampo is a village in Vientiane Province, Laos.']}",The dynasty regrouped and defeated the Portuguese,"{'answer_em': 0.0, 'answer_f1': 0.47619047619047616, 'answer_precision': 0.3125, 'answer_recall': 1.0, 'support_f1': 0.0, 'support_precision': 0.0, 'support_recall': 0.0, 'accuracy': 0.47619047619047616}"
3hop1__273571_834494_34109,What's the PBS station located in the city contained within the county where Summit is also located?,"{'answer': 'KUAT-TV 6', 'supporting_facts': ['Summit is a census-designated place (CDP) in Pima County, Arizona, United States.', 'The Tucson metro area is served by many local television stations and is the 68th largest designated market area (DMA) in the U.S. with 433,310 homes (0.39% of the total U.S.). It is limited to the three counties of southeastern Arizona (Pima, Santa Cruz, and Cochise) The major television networks serving Tucson are: KVOA 4 (NBC), KGUN 9 (ABC), KMSB-TV 11 (Fox), KOLD-TV 13 (CBS), KTTU 18 (My Network TV) and KWBA 58 (The CW).', 'KUAT-TV 6 is a PBS affiliate run by the University of Arizona (as is sister station KUAS 27).']}",KUAT-TV 6,"{'answer_em': 1.0, 'answer_f1': 1.0, 'answer_precision': 1.0, 'answer_recall': 1.0, 'support_f1': 0.0, 'support_precision': 0.0, 'support_recall': 0.0, 'accuracy': 1.0}"
3hop1__66872_709625_84283,Who owns the record label of the Till I Can Gain Control Again songwriter?,"{'answer': ""Rodney Crowell is the songwriter, but the owner of the record label of the song 'Til I Gain Control Again is not explicitly stated, however, the song was originally recorded by Emmylou Harris in 1975 and later covered by various artists including Willie Nelson on his album 'Greatest Hits (& Some That Will Be)' released by Warner Bros. Records' parent company Warner Music Group is not the owner of the song, but the record label that released one of the versions of the song"", 'supporting_facts': [""'Til I Gain Control Again is a country song written by Rodney Crowell and originally recorded by Emmylou Harris in 1975."", ""The song was covered by Willie Nelson on his Greatest Hits (& Some That Will Be)', a compilation album by country artist Willie Nelson released in 1981 as a double - LP."", 'Warner Bros. Records Parent company Warner Music Group']}",Warner Music Group,"{'answer_em': 0.0, 'answer_f1': 0.07894736842105263, 'answer_precision': 0.0410958904109589, 'answer_recall': 1.0, 'support_f1': 0.0, 'support_precision': 0.0, 'support_recall': 0.0, 'accuracy': 0.07894736842105263}"
3hop1__564628_42197_18397,Where did the person who argued that the country where Autograph formed had become an imperialist power declare he would intervene in the Korean conflict?,"{'answer': 'China', 'supporting_facts': ['Mao Zedong once argued that the Soviet Union had itself become an imperialist power while maintaining a socialist façade.', ""On 4 August 1950, with the PRC invasion of Taiwan aborted, Mao Zedong reported to the Politburo that he would intervene in Korea when the People's Liberation Army's (PLA) Taiwan invasion force was reorganized into the PLA North East Frontier Force.""]}",the Politburo,"{'answer_em': 0.0, 'answer_f1': 0.0, 'answer_precision': 0.0, 'answer_recall': 0.0, 'support_f1': 0.0, 'support_precision': 0.0, 'support_recall': 0.0, 'accuracy': 0.0}"
4hop3__507819_88460_30152_20999,How were the same people who the Somali Muslim Ajuran Empire declared independence from expelled from the natural boundary between Thailand and the country where Route 3 is found?,"{'answer': 'The Portuguese', 'supporting_facts': ['The Somali Muslim Ajuran Empire, allied with the Ottomans, defied the Portuguese economic monopoly in the Indian Ocean by employing a new coinage which followed the Ottoman pattern, thus proclaiming an attitude of economic independence in regard to the Portuguese.', 'The dynasty regrouped and defeated the Portuguese in 1613 and Siam in 1614.', 'Route 3 is an important link in the north of Laos between China and Thailand.', 'Thailand is bordered to the north by Myanmar and Laos, to the east by Laos and Cambodia, to the south by the Gulf of Thailand and Malaysia, and to the west by the Andaman Sea and the southern extremity of Myanmar.', 'These Muslim peoples were eventually expelled during the Christian Reconquista of the peninsula.']}",The dynasty regrouped and defeated the Portuguese,"{'answer_em': 0.0, 'answer_f1': 0.33333333333333337, 'answer_precision': 1.0, 'answer_recall': 0.2, 'support_f1': 0.0, 'support_precision': 0.0, 'support_recall': 0.0, 'accuracy': 0.33333333333333337}"
4hop1__707078_378185_282674_759393,What is the capital of the county that shares a border with the county that contains the birthplace of Erik Jensen?,"{'answer': 'Green Bay', 'supporting_facts': ['Erik Jensen (born October 11, 1980 in Appleton, Wisconsin) is a former American football tight end of the National Football League.', 'John C. Petersen (November 2, 1842 – July 10, 1887) was an American butcher and farmer from Appleton, Wisconsin who served as a member of the Wisconsin State Assembly from Outagamie County.', 'Pulaski High School is a public high school in Pulaski, Wisconsin, in Brown County, Wisconsin (school district also serves parts of Shawano, Outagamie and Oconto counties), that serves students in grades 9 through 12.', 'Born in Green Bay, Wisconsin, Quinn was a realtor and served on the Green Bay Common Council, the Brown County, Wisconsin Board of Supervisors, the local Board of Education, and the Wisconsin State Assembly from 1955 until 1973.']}",Green Bay,"{'answer_em': 1.0, 'answer_f1': 1.0, 'answer_precision': 1.0, 'answer_recall': 1.0, 'support_f1': 0.0, 'support_precision': 0.0, 'support_recall': 0.0, 'accuracy': 1.0}"
4hop1__163763_49925_13759_736921,Where is the district that the person who wanted to reform and address Jesus Varela's religion preached a sermon on Marian devotion before his death located?,"{'answer': 'Wittenberg', 'supporting_facts': ['His final thoughts on Marian devotion and veneration are preserved in a sermon preached at Wittenberg only a month before his death:', 'Wittenberg is a district () in the east of Saxony-Anhalt, Germany.']}",Saxony-Anhalt,"{'answer_em': 0.0, 'answer_f1': 0.0, 'answer_precision': 0.0, 'answer_recall': 0.0, 'support_f1': 0.0, 'support_precision': 0.0, 'support_recall': 0.0, 'accuracy': 0.0}"
4hop1__152562_5274_458768_33637,How many ethnic minorities were looked at differently in the city where the headquarters of the only group larger than Vilaiyaadu Mankatha's record label is located?,"{'answer': '2', 'supporting_facts': ['The two ethnic minorities were often viewed differently by White Americans who were often well-disposed towards the Japanese but condescending towards the Chinese.', 'A Japanese fishing village was located near the Long Wharf while small numbers of Chinese lived or worked in both Santa Monica and Venice.', 'Four songs were included as bonus tracks to the single release of ""Vilaiyaadu Mankatha"", all of which were part of earlier soundtracks by Yuvan Shankar Raja and were marketed by Sony Music Entertainment.', 'Miami is also a major music recording center, with the Sony Music Latin and Universal Music Latin Entertainment headquarters in the city, along with many other smaller record labels.', ""It is the world's second largest recorded music company, after Universal Music Group.""]}",two,"{'answer_em': 0.0, 'answer_f1': 0.0, 'answer_precision': 0.0, 'answer_recall': 0.0, 'support_f1': 0.0, 'support_precision': 0.0, 'support_recall': 0.0, 'accuracy': 0.0}"
4hop2__161602_474028_88460_21062,Can foreign tourists cruise to the country between the nation that hosted 2020 AFC U-23 Championship qualification and the one that contains A Don.?,"{'answer': 'No', 'supporting_facts': ['It is not possible for foreigners to go to/from Myanmar by sea or river.', 'The final tournament hosts Thailand decided to participate in qualification despite having automatically qualified for the final tournament.', 'A Don is a village in south-eastern Laos near the border with Vietnam.', 'Myanmar (also known as Burma) is the northwestern-most country of mainland Southeast Asia, bordering China, India, Bangladesh, Thailand and Laos.']}",It is not possible for foreigners to go to/from Myanmar by sea or river.,"{'answer_em': 0.0, 'answer_f1': 0.0, 'answer_precision': 0.0, 'answer_recall': 0.0, 'support_f1': 0.0, 'support_precision': 0.0, 'support_recall': 0.0, 'accuracy': 0.0}"
2hop__32541_85460,What is the median household income for people today of the same country as the witness to the Blitz?,"{'answer': '$59,039', 'supporting_facts': ['An American witness wrote ""By every test and measure I am able to apply, these people are staunch to the bone and won\'t quit ... the British are stronger and in a better position than they were at its beginning"".', 'According to the Census, this measure was $59,039 in 2016, a record high. This was the largest two year percentage increase on record.', 'One key measure is the real median level, meaning half of households have income above that level and half below, adjusted for inflation.']}","$59,039","{'answer_em': 1.0, 'answer_f1': 1.0, 'answer_precision': 1.0, 'answer_recall': 1.0, 'support_f1': 0.0, 'support_precision': 0.0, 'support_recall': 0.0, 'accuracy': 1.0}"
2hop__25788_990,In which generation did iPod start providing compatibility with the object designed to standardize connection of computer peripherals?,"{'answer': 'Third generation', 'supporting_facts': ['The third generation began including a 30-pin dock connector, allowing for FireWire or USB connectivity.', 'USB was designed to standardize the connection of computer peripherals (including keyboards, pointing devices, digital cameras, printers, portable media players, disk drives and network adapters) to personal computers, both to communicate and to supply electric power.']}",third generation,"{'answer_em': 1.0, 'answer_f1': 1.0, 'answer_precision': 1.0, 'answer_recall': 1.0, 'support_f1': 0.0, 'support_precision': 0.0, 'support_recall': 0.0, 'accuracy': 1.0}"
4hop1__152562_5274_458768_33633,When did the explorer reach the city where the headquarters of the only group larger than Vilaiyaadu Mankatha's record label is located?,"{'answer': 'August 3, 1769', 'supporting_facts': [""Sony Music Entertainment Inc. (sometimes known as Sony Music or by the initials, SME) is an American music corporation managed and operated by Sony Corporation of America (SCA), a subsidiary of Japanese conglomerate Sony Corporation. It is the world's second largest recorded music company, after Universal Music Group."", ""Four songs were included as bonus tracks to the single release of 'Vilaiyaadu Mankatha', all of which were part of earlier soundtracks by Yuvan Shankar Raja and were marketed by Sony Music Entertainment."", 'The first non-indigenous group to set foot in the area was the party of explorer Gaspar de Portolà, who camped near the present day intersection of Barrington and Ohio Avenues on August 3, 1769.', 'The Right Stuff Records is a reissue record label that was part of EMI, which is now owned by Universal Music Group and is based out of Santa Monica, California.']}","August 3, 1769","{'answer_em': 1.0, 'answer_f1': 1.0, 'answer_precision': 1.0, 'answer_recall': 1.0, 'support_f1': 0.0, 'support_precision': 0.0, 'support_recall': 0.0, 'accuracy': 1.0}"
2hop__695364_513121,Who is the child of the male star of the 1921 film Money?,"{'answer': 'Richard Ainley', 'supporting_facts': ['Money is a 1921 British silent comedy film directed by Duncan McRae and starring Henry Ainley, Faith Bevan and Margot Drake.', 'Richard Ainley (22 December 1910 – 18 May 1967) was a stage and film actor, son of Henry Ainley and half-brother of Anthony Ainley.']}",Anthony Ainley,"{'answer_em': 0.0, 'answer_f1': 0.5, 'answer_precision': 0.5, 'answer_recall': 0.5, 'support_f1': 0.0, 'support_precision': 0.0, 'support_recall': 0.0, 'accuracy': 0.5}"
3hop2__304722_667199_63959,When was the last time the team that Malcolm Briggs was a member of beat the 1894-95 FA cup winner?,"{'answer': ""The context does not provide a specific date for the last time Birmingham City beat Aston Villa after Aston Villa's 1895 FA Cup win."", 'supporting_facts': ['Malcolm Briggs played for Birmingham City.', 'The 1894-95 FA Cup winner is not explicitly stated in the context, but based on external knowledge, it was Aston Villa.', ""The context provides several match results between Birmingham City and Aston Villa, including a 3-1 win for Birmingham City on 23 May 1963, a 2-1 win for Birmingham City on 1 December 2010, and a 0-1 loss for Birmingham City on 22 September 2015, but does not specify the last time Birmingham City beat Aston Villa after Aston Villa's 1895 FA Cup win.""]}",1 December 2010,"{'answer_em': 0.0, 'answer_f1': 0.0, 'answer_precision': 0.0, 'answer_recall': 0.0, 'support_f1': 0.0, 'support_precision': 0.0, 'support_recall': 0.0, 'accuracy': 0.0}"
2hop__159146_120065,What year did the region where Leuna was located come to an end?,"{'answer': '2009', 'supporting_facts': ['Since 31 December 2009, it is part of the town Leuna.']}",1738,"{'answer_em': 0.0, 'answer_f1': 0.0, 'answer_precision': 0.0, 'answer_recall': 0.0, 'support_f1': 0.0, 'support_precision': 0.0, 'support_recall': 0.0, 'accuracy': 0.0}"
2hop__238499_431914,What administrative territorial entity includes the arrondissement that contains the Digne Cathedral?,"{'answer': ""Provence-Alpes-Côte d'Azur region"", 'supporting_facts': [""The arrondissement of Digne-les-Bains is an arrondissement of France in the Alpes-de-Haute-Provence department in the Provence-Alpes-Côte d'Azur region."", 'Digne Cathedral () is a Roman Catholic church located in the town of Digne-les-Bains, France.']}",Alpes-de-Haute-Provence,"{'answer_em': 0.0, 'answer_f1': 0.0, 'answer_precision': 0.0, 'answer_recall': 0.0, 'support_f1': 0.0, 'support_precision': 0.0, 'support_recall': 0.0, 'accuracy': 0.0}"
3hop2__326964_789654_7713,How long had Mao Yushi's birthplace been the capitol city of Yaxing Coach's headquarters location?,"{'answer': 'About 400 years', 'supporting_facts': ['Mao Yushi (; born 14 January 1929 in Nanjing, Jiangsu) is a Chinese economist.', 'Yaxing Coach (Yangzhou Yaxing Motor Coach Co., Ltd) is a bus manufacturer based in Yangzhou, Jiangsu, China.', 'Nanjing was later the capital city of Danyang Prefecture, and had been the capital city of Yangzhou for about 400 years from late Han to early Tang.']}",about 400 years,"{'answer_em': 1.0, 'answer_f1': 1.0, 'answer_precision': 1.0, 'answer_recall': 1.0, 'support_f1': 0.0, 'support_precision': 0.0, 'support_recall': 0.0, 'accuracy': 1.0}"
2hop__73615_42173,When was the company that abolished the dual system of government in Bengal established?,"{'answer': '1599', 'supporting_facts': ['In 1599 the British East India Company was established and was chartered by Queen Elizabeth in the following year.', 'By 1773, British East India company asserted much authority and formed the Bengal Presidency over areas ruled by the Nawabs i.e. the Bengal subah, along with some other regions and abolished the system of Dual Government.']}",1599,"{'answer_em': 1.0, 'answer_f1': 1.0, 'answer_precision': 1.0, 'answer_recall': 1.0, 'support_f1': 0.0, 'support_precision': 0.0, 'support_recall': 0.0, 'accuracy': 1.0}"
4hop3__312119_132409_371500_35031,"Among the top five largest urban areas in the state where Getting Away with Murder's performer was formed, where does Veoh's headquarters city rank?","{'answer': 'third', 'supporting_facts': ['Papa Roach is an American rock band from Vacaville, California, formed in 1993.', 'Veoh is an Internet television company based in San Diego, California.', 'The urban area of San Diego extends beyond the administrative city limits and had a total population of 2,956,746, making it the third-largest urban area in the state, after that of the Los Angeles metropolitan area and San Francisco metropolitan area.']}",third-largest,"{'answer_em': 0.0, 'answer_f1': 0.0, 'answer_precision': 0.0, 'answer_recall': 0.0, 'support_f1': 0.0, 'support_precision': 0.0, 'support_recall': 0.0, 'accuracy': 0.0}"
3hop1__637555_339990_15538,When did the state where Copake Lake is located reinstate the death penalty?,"{'answer': 'The context does not mention New York reinstating the death penalty.', 'supporting_facts': ['Copake Lake is a community (and census-designated place) in southern Columbia County, New York, United States.', 'Oregon abolished the death penalty through an overwhelming majority in a 1964 public referendum but reinstated it in a 1984 joint death penalty/life imprisonment referendum by an even higher margin after a similar 1978 referendum succeeded but was not implemented due to judicial rulings.', 'Other states with long histories of no death penalty include Wisconsin, Rhode Island, Maine, North Dakota, Minnesota, West Virginia, Iowa, and Vermont.']}",1984,"{'answer_em': 0.0, 'answer_f1': 0.0, 'answer_precision': 0.0, 'answer_recall': 0.0, 'support_f1': 0.0, 'support_precision': 0.0, 'support_recall': 0.0, 'accuracy': 0.0}"
4hop3__160230_470287_862998_72134,When did the city where Hillcrest High School is located become capitol of the state in which a statue of a Latin mother goddess is located?,"{'answer': '1839', 'supporting_facts': ['Hillcrest High School is a high school located at 3319 N. Grant Avenue in Springfield, Missouri.', 'Springfield became the third and current capital of Illinois in 1839.', 'The Alma Mater is a bronze statue by sculptor Lorado Taft, a beloved symbol of the University of Illinois at Urbana-Champaign.', 'Before its current usage, alma mater was an honorific title for various Latin mother goddesses, especially Ceres or Cybele, and later in Catholicism for the Virgin Mary.']}",1839,"{'answer_em': 1.0, 'answer_f1': 1.0, 'answer_precision': 1.0, 'answer_recall': 1.0, 'support_f1': 0.0, 'support_precision': 0.0, 'support_recall': 0.0, 'accuracy': 1.0}"
2hop__486314_544665,Who followed the father of Menucha Rochel Slonim?,"{'answer': 'Chaya Mushka Schneersohn', 'supporting_facts': ['Menucha Rochel Slonim (1798–1888) was a daughter of Rabbi Dovber Schneuri, the second Rebbe of the Chabad Hasidic dynasty.', 'Chaya Mushka Schneersohn was the daughter of Rabbi Dovber Schneuri, the second Rebbe of the Chabad Hasidic movement, and the wife of Rabbi Menachem Mendel Schneersohn the third Rebbe.']}",Menachem Mendel Schneersohn,"{'answer_em': 0.0, 'answer_f1': 0.3333333333333333, 'answer_precision': 0.3333333333333333, 'answer_recall': 0.3333333333333333, 'support_f1': 0.0, 'support_precision': 0.0, 'support_recall': 0.0, 'accuracy': 0.3333333333333333}"
2hop__567588_67465,When did the performer of Goosebumpz release best day ever?,"{'answer': 'March 11, 2011', 'supporting_facts': ['""Goosebumpz"" is a song by American hip hop recording artist Mac Miller.', 'Best Day Ever is the fifth mixtape by American rapper Mac Miller.', 'This mixtape was released online March 11, 2011.']}","March 11, 2011","{'answer_em': 1.0, 'answer_f1': 1.0, 'answer_precision': 1.0, 'answer_recall': 1.0, 'support_f1': 0.0, 'support_precision': 0.0, 'support_recall': 0.0, 'accuracy': 1.0}"
2hop__525581_161450,Where is the province of Aqqala County located?,"{'answer': 'Golestan Province, Iran', 'supporting_facts': ['Aqqala County () (Persian Sepid Dez), is a county in Golestan Province in Iran.']}",in the north-east of the country south of the Caspian Sea,"{'answer_em': 0.0, 'answer_f1': 0.0, 'answer_precision': 0.0, 'answer_recall': 0.0, 'support_f1': 0.0, 'support_precision': 0.0, 'support_recall': 0.0, 'accuracy': 0.0}"
3hop1__92251_34179_23375,"What year saw the publication of the version of the Molotov–Ribbentrop Pact, engineered by the politician who succeeded the leader of the Bolsheviks in the November Revolution?","{'answer': '1948', 'supporting_facts': [""In response to the publication of the secret protocols and other secret German–Soviet relations documents in the State Department edition Nazi–Soviet Relations (1948), Stalin published Falsifiers of History, which included the claim that, during the Pact's operation, Stalin rejected Hitler's claim to share in a division of the world, without mentioning the Soviet offer to join the Axis.""]}",1948,"{'answer_em': 1.0, 'answer_f1': 1.0, 'answer_precision': 1.0, 'answer_recall': 1.0, 'support_f1': 0.0, 'support_precision': 0.0, 'support_recall': 0.0, 'accuracy': 1.0}"
3hop2__304722_466316_63959,When was the last time the team that Arthur James was a member of beat the 1894-95 FA cup winner?,"{'answer': 'Unknown', 'supporting_facts': ['Arthur James (January 1855 – June 1911) was an English footballer who played as an outside right for Small Heath Alliance, later to become Birmingham City, from the foundation of the club in 1875 until his career was ended by injury in 1887.', 'The Trophy was stolen from a display in the shop window of W. Shillcock (a football fitter) in Newton Row, Birmingham, after the Final and never recovered despite a £10 reward.', 'Notts County was the winner of the 1894 FA Cup, but there is no information about the team Arthur James was a member of beating them in the provided context.']}",1 December 2010,"{'answer_em': 0.0, 'answer_f1': 0.0, 'answer_precision': 0.0, 'answer_recall': 0.0, 'support_f1': 0.0, 'support_precision': 0.0, 'support_recall': 0.0, 'accuracy': 0.0}"
2hop__463353_66723,Who was the first black student admitted to the school that owns Swayze Field?,"{'answer': 'James Meredith', 'supporting_facts': ['Oxford-University Stadium at Swayze Field is the home of the University of Mississippi Rebels college baseball team and is located in Oxford, Mississippi.', 'In 1962, he became the first African - American student admitted to the segregated University of Mississippi, after the intervention of the federal government, an event that was a flashpoint in the Civil Rights Movement.']}",James Howard Meredith,"{'answer_em': 0.0, 'answer_f1': 0.8, 'answer_precision': 1.0, 'answer_recall': 0.6666666666666666, 'support_f1': 0.0, 'support_precision': 0.0, 'support_recall': 0.0, 'accuracy': 0.8}"
2hop__136067_160249,Between which years did war with the person for whom Pyrrhic victory is named occur?,"{'answer': '280-272 BC', 'supporting_facts': ['He wrote a history of the Diadochi and their descendants, encompassing the period from the death of Alexander to the war with Pyrrhus (323–272 BC), which is one of the chief authorities used by Diodorus Siculus (xviii.–xx.) and also by Plutarch in his life of Pyrrhus.', 'Pyrrhic victory is named after King Pyrrhus of Epirus, whose army suffered irreplaceable casualties in defeating the Romans at the Battle of Heraclea in 280 BC and the Battle of Asculum in 279 BC, during the Pyrrhic War.']}",323–272 BC,"{'answer_em': 0.0, 'answer_f1': 0.5, 'answer_precision': 0.5, 'answer_recall': 0.5, 'support_f1': 0.0, 'support_precision': 0.0, 'support_recall': 0.0, 'accuracy': 0.5}"
2hop__34495_85544,How many games does the team play that had the most champion league wins between 1992 and 2013?,"{'answer': '38', 'supporting_facts': ['The competition format follows the usual double round - robin format. During the course of a season, which lasts from August to May, each club plays every other club twice, once at home and once away, for 38 matchdays.', 'Spanish clubs have the highest number of victories (18 wins), followed by England (13 wins) and Italy (12 wins).', ""Real Madrid is the most successful club in the tournament's history, having won it 13 times, including its first five seasons.""]}",38,"{'answer_em': 1.0, 'answer_f1': 1.0, 'answer_precision': 1.0, 'answer_recall': 1.0, 'support_f1': 0.0, 'support_precision': 0.0, 'support_recall': 0.0, 'accuracy': 1.0}"
4hop2__5206_39078_8987_8974,Where is the embassy in the only communist country whose military branch helping the Old West's inadequate local police was unprepared for invasion of the country conquered by the Pact?,"{'answer': 'Paraguay', 'supporting_facts': [""Yugoslavia was the only communist country allowed to have an embassy in Alfredo Stroessner's Paraguay."", 'The ROK Army defenders were relatively unprepared and ill-equipped.', 'In the American Old West, policing was often of very poor quality.[citation needed] The Army often provided some policing alongside poorly resourced sheriffs and temporarily organized posses.[citation needed]', 'The Warsaw Pact invasion of Czechoslovakia in August 1968']}",Alfredo Stroessner's Paraguay,"{'answer_em': 0.0, 'answer_f1': 0.5, 'answer_precision': 1.0, 'answer_recall': 0.3333333333333333, 'support_f1': 0.0, 'support_precision': 0.0, 'support_recall': 0.0, 'accuracy': 0.5}"
2hop__78766_461854,Who is the spouse of the actor who played Scarlet in Gone with the wind?,"{'answer': 'Laurence Olivier', 'supporting_facts': ['Vivien Leigh (born Vivian Mary Hartley, and also known as Lady Olivier after 1947; 5 November 1913 -- 8 July 1967) was an English stage and film actress.', ""She won two Academy Awards for Best Actress for her iconic performances as Scarlett O'Hara in Gone with the Wind (1939) and Blanche DuBois in the film version of A Streetcar Named Desire (1951), a role she had also played on stage in London's West End in 1949.""]}",Laurence Olivier,"{'answer_em': 1.0, 'answer_f1': 1.0, 'answer_precision': 1.0, 'answer_recall': 1.0, 'support_f1': 0.0, 'support_precision': 0.0, 'support_recall': 0.0, 'accuracy': 1.0}"
4hop1__625463_229349_66759_54221,Storm of the Century filmed in state A based on the book by the author who wrote a story featuring the author of The Hope. When do alcohol sales start in state A?,"{'answer': '5am', 'supporting_facts': [""A very powerful blizzard hits the fictional small town of Little Tall Island (also the setting of King's novel Dolores Claiborne) off the coast of Maine."", 'Herman Wouk Is Still Alive is a short story by American author Stephen King.', 'Alcohol may be sold between the hours of 5am and 1am each day of the week.']}",5am,"{'answer_em': 1.0, 'answer_f1': 1.0, 'answer_precision': 1.0, 'answer_recall': 1.0, 'support_f1': 0.0, 'support_precision': 0.0, 'support_recall': 0.0, 'accuracy': 1.0}"
2hop__107238_64918,Who was president when congress declared war on the country where Glumpers was filmed?,"{'answer': 'President McKinley', 'supporting_facts': ['Glumpers is a CG animated television series by Motion Pictures, S.A.(Spain) co-produced with Televisió de Catalunya.', 'President McKinley signed a joint Congressional resolution demanding Spanish withdrawal and authorizing the President to use military force to help Cuba gain independence on April 20, 1898.', 'On April 25, the U.S. Congress declared that a state of war between the U.S. and Spain had de facto existed since April 21, the day the blockade of Cuba had begun.']}",President McKinley,"{'answer_em': 1.0, 'answer_f1': 1.0, 'answer_precision': 1.0, 'answer_recall': 1.0, 'support_f1': 0.0, 'support_precision': 0.0, 'support_recall': 0.0, 'accuracy': 1.0}"
3hop1__36497_78276_68042,When did the majority party of the branch of government that the President calls to support appointments to the USAF gain control in the House?,"{'answer': '2010', 'supporting_facts': ['Republicans regained control of the chamber they had lost in the 2006 midterm elections, picking up a net total of 63 seats and erasing the gains Democrats made in 2006 and 2008.', 'The senior officials in the Office of the Secretary are the Under Secretary of the Air Force, four Assistant Secretaries of the Air Force and the General Counsel, all of whom are appointed by the President with the advice and consent of the Senate.']}",the 2010 election,"{'answer_em': 0.0, 'answer_f1': 0.6666666666666666, 'answer_precision': 1.0, 'answer_recall': 0.5, 'support_f1': 0.0, 'support_precision': 0.0, 'support_recall': 0.0, 'accuracy': 0.6666666666666666}"
2hop__269766_43945,Common Sense which was written by the author of The Age of Reason was an important work because?,"{'answer': 'it crystallized the rebellious demand for independence from Great Britain', 'supporting_facts': ['Common Sense is a pamphlet written by Thomas Paine in 1775 -- 76 advocating independence from Great Britain to people in the Thirteen Colonies.', 'Virtually every rebel read (or listened to a reading of) his powerful pamphlet Common Sense (1776), proportionally the all - time best - selling American title, which crystallized the rebellious demand for independence from Great Britain.', 'The Age of Reason; Being an Investigation of True and Fabulous Theology is a work by English and American political activist Thomas Paine, arguing for the philosophical position of Deism.']}",crystallized the rebellious demand for independence from Great Britain,"{'answer_em': 0.0, 'answer_f1': 0.9411764705882353, 'answer_precision': 0.8888888888888888, 'answer_recall': 1.0, 'support_f1': 0.0, 'support_precision': 0.0, 'support_recall': 0.0, 'accuracy': 0.9411764705882353}"
3hop1__536452_15840_36002,What were the Genesis's advantages over the platform of Pinball Quest?,"{'answer': 'Improved graphics and sound due to its 16-bit architecture', 'supporting_facts': ['Both systems were built on 16-bit architectures and offered improved graphics and sound over the 8-bit NES.', 'The Sega Genesis, known as the Mega Drive in regions outside of North America, is a 16 - bit home video game console developed and sold by Sega.', 'The Nintendo Entertainment System (also abbreviated as NES) is an 8-bit home video game console that was developed and manufactured by Nintendo.', 'Pinball Quest is the name of a Nintendo Entertainment System video game developed by TOSE and published by Jaleco in 1990.']}",built on 16-bit architectures and offered improved graphics and sound,"{'answer_em': 0.0, 'answer_f1': 0.5263157894736842, 'answer_precision': 0.5555555555555556, 'answer_recall': 0.5, 'support_f1': 0.0, 'support_precision': 0.0, 'support_recall': 0.0, 'accuracy': 0.5263157894736842}"
2hop__311931_417706,What record label does the performer of Emotional Rain belong to?,"{'answer': 'A&M Records (Canada) and Koch Entertainment (Europe)', 'supporting_facts': ['Emotional Rain is the seventh studio album by singer Lee Aaron, released on August 3, 1994 through A&M Records (Canada) and in 1995 through Koch Entertainment (Europe); it was later reissued in 2004 through Solid Gold Records.']}",Attic Records,"{'answer_em': 0.0, 'answer_f1': 0.22222222222222224, 'answer_precision': 0.14285714285714285, 'answer_recall': 0.5, 'support_f1': 0.0, 'support_precision': 0.0, 'support_recall': 0.0, 'accuracy': 0.22222222222222224}"
4hop1__88342_75218_128008_48717,Who was second pick in the 1999 draft of the league that has a competition where they give out the MLB MVP award after it?,"{'answer': 'Josh Beckett', 'supporting_facts': [""The BBWAA does not offer a clear - cut definition of what ``most valuable ''means, instead leaving the judgment to the individual voters."", 'Josh Beckett Florida Marlins Spring HS (Spring, Texas)']}",Josh Beckett,"{'answer_em': 1.0, 'answer_f1': 1.0, 'answer_precision': 1.0, 'answer_recall': 1.0, 'support_f1': 0.0, 'support_precision': 0.0, 'support_recall': 0.0, 'accuracy': 1.0}"
4hop2__71753_685934_70784_79935,When was the region that lies to the north of the region Israel is located and where The World is located created?,{'answer': 'Error: Failed to parse final JSON.'},1930,"{'answer_em': 0.0, 'answer_f1': 0.0, 'answer_precision': 0.0, 'answer_recall': 0.0, 'support_f1': 0.0, 'support_precision': 0.0, 'support_recall': 0.0, 'error': 1}"
2hop__131818_161450,Where is the Voshmgir District located?,"{'answer': 'Aqqala County, Golestan Province, Iran', 'supporting_facts': ['Voshmgir District () is a district (bakhsh) in Aqqala County, Golestan Province, Iran.']}",in the north-east of the country south of the Caspian Sea,"{'answer_em': 0.0, 'answer_f1': 0.0, 'answer_precision': 0.0, 'answer_recall': 0.0, 'support_f1': 0.0, 'support_precision': 0.0, 'support_recall': 0.0, 'accuracy': 0.0}"
2hop__60686_229757,Who is the spouse of the actress that plays leslie knope on parks and recreation?,"{'answer': 'No information available', 'supporting_facts': []}",Will Arnett,"{'answer_em': 0.0, 'answer_f1': 0.0, 'answer_precision': 0.0, 'answer_recall': 0.0, 'support_f1': 0.0, 'support_precision': 0.0, 'support_recall': 0.0, 'accuracy': 0.0}"
4hop1__567737_141375_458768_33637,How many ethnic minorities were looked at differently in the city where the headquarters of the company that Study in Brown's record label is a part of?,"{'answer': '2', 'supporting_facts': ['The Right Stuff Records is a reissue record label that was part of EMI, which is now owned by Universal Music Group and is based out of Santa Monica, California.', 'Study in Brown (EmArcy Records, 1955) is a Clifford Brown and Max Roach album.', 'EmArcy Records is a jazz record label founded in 1954 by Mercury Records, and today a European jazz label owned by Universal Music Group.', 'Around the start of the 20th century, a growing population of Asian Americans lived in or near Santa Monica and Venice. A Japanese fishing village was located near the Long Wharf while small numbers of Chinese lived or worked in both Santa Monica and Venice.', 'The two ethnic minorities were often viewed differently by White Americans who were often well-disposed towards the Japanese but condescending towards the Chinese.']}",two,"{'answer_em': 0.0, 'answer_f1': 0.0, 'answer_precision': 0.0, 'answer_recall': 0.0, 'support_f1': 0.0, 'support_precision': 0.0, 'support_recall': 0.0, 'accuracy': 0.0}"
3hop1__139862_2053_5289,What UK label was bought by the major broadcaster based in New York that is not ABC and did not broadcast Highway to Heaven?,"{'answer': 'Oriole Records', 'supporting_facts': ['In 1964, CBS established its own UK distribution with the acquisition of Oriole Records.', 'The three major American broadcast networks are all headquartered in New York: ABC, CBS, and NBC.', 'Highway to Heaven is an American television drama series that ran on NBC from 1984 to 1989.']}",Oriole Records.,"{'answer_em': 1.0, 'answer_f1': 1.0, 'answer_precision': 1.0, 'answer_recall': 1.0, 'support_f1': 0.0, 'support_precision': 0.0, 'support_recall': 0.0, 'accuracy': 1.0}"
2hop__778212_22458,"What does the abbreviated name of the organization that includes the Scottish Football Association as a member, stand for?","{'answer': 'FIFA stands for the International Federation of Association Football', 'supporting_facts': ['David Will ... was Chairman of Brechin City for two decades, before becoming President of the Scottish Football Association (the governing body of Scottish football) and Vice-President of FIFA (the governing body of world football).', ""Swiss are fans of football and the national team is nicknamed the 'Nati'. The headquarters of the sport's governing body, the International Federation of Association Football (FIFA), is located in Zürich.""]}",International Federation of Association Football,"{'answer_em': 0.0, 'answer_f1': 0.7692307692307693, 'answer_precision': 0.625, 'answer_recall': 1.0, 'support_f1': 0.0, 'support_precision': 0.0, 'support_recall': 0.0, 'accuracy': 0.7692307692307693}"
2hop__728969_131890,Which is the body of water near George Mills' place of birth?,"{'answer': 'River Thames', 'supporting_facts': ['George Robert Mills (born 29 December 1908 in Deptford, died 15 July 1970) was an English footballer, principally for Chelsea.', 'Deptford borders the areas of Brockley and Lewisham to the south, New Cross to the west and Rotherhithe to the north west; Deptford Creek divides it from Greenwich to the east, and the River Thames separates the area from the Isle of Dogs to the north east;']}",River Thames,"{'answer_em': 1.0, 'answer_f1': 1.0, 'answer_precision': 1.0, 'answer_recall': 1.0, 'support_f1': 0.0, 'support_precision': 0.0, 'support_recall': 0.0, 'accuracy': 1.0}"
2hop__179322_83289,"Who stars in the video ""One Last Time"" by the performer of Baby I?","{'answer': 'Matt Bennett', 'supporting_facts': [""The music video was filmed in early January 2015 and it also stars Matt Bennett, who was also Grande's co-star from the Nickelodeon sitcom Victorious."", 'Baby I is a song recorded by American singer Ariana Grande for her debut studio album Yours Truly (2013).']}",Matt Bennett,"{'answer_em': 1.0, 'answer_f1': 1.0, 'answer_precision': 1.0, 'answer_recall': 1.0, 'support_f1': 0.0, 'support_precision': 0.0, 'support_recall': 0.0, 'accuracy': 1.0}"
2hop__574419_270105,What is the seat of the county where Van Hook Township is located?,"{'answer': 'Stanley', 'supporting_facts': ['The Mountrail County Courthouse in Stanley, North Dakota was built in 1914 and served Mountrail County as its courthouse continuously since then.', 'Van Hook Township is a township in Mountrail County in the U.S. state of North Dakota.']}",Stanley,"{'answer_em': 1.0, 'answer_f1': 1.0, 'answer_precision': 1.0, 'answer_recall': 1.0, 'support_f1': 0.0, 'support_precision': 0.0, 'support_recall': 0.0, 'accuracy': 1.0}"
3hop1__9285_5188_6375,"Who was the first person to control a spacecraft, from the country the top-ranking Warsaw Pact operatives came from, despite it being headquartered in the country called the nobilities commonwealth?","{'answer': 'Alan Shepard', 'supporting_facts': [""Though he did not achieve orbit like Gagarin, he was the first person to exercise manual control over his spacecraft's attitude and retro-rocket firing."", 'The Supreme Commander of the Unified Armed Forces of the Warsaw Treaty Organization which commands and controls all the military forces of the member countries was also a First Deputy Minister of Defense of the USSR', ""Despite having a king, Poland was called the nobility's Commonwealth because the king was elected by all interested members of hereditary nobility and Poland was considered to be the property of this class, not of the king or the ruling dynasty.""]}",Gherman Titov,"{'answer_em': 0.0, 'answer_f1': 0.0, 'answer_precision': 0.0, 'answer_recall': 0.0, 'support_f1': 0.0, 'support_precision': 0.0, 'support_recall': 0.0, 'accuracy': 0.0}"
2hop__59274_461854,Who was the spouse of the actor who played Scarlett in Gone With the Wind?,"{'answer': 'Laurence Olivier', 'supporting_facts': ['Vivien Leigh (born Vivian Mary Hartley, and also known as Lady Olivier after 1947; 5 November 1913 -- 8 July 1967) was an English stage and film actress.']}",Laurence Olivier,"{'answer_em': 1.0, 'answer_f1': 1.0, 'answer_precision': 1.0, 'answer_recall': 1.0, 'support_f1': 0.0, 'support_precision': 0.0, 'support_recall': 0.0, 'accuracy': 1.0}"
3hop2__326964_851134_7713,How long had Pfrang Association's headquarters location been the capitol city of Yaxing Coach's headquarters location?,"{'answer': 'About 400 years', 'supporting_facts': ['Pfrang Association (also known as Pfrang) is a charitable organization based in Nanjing, China which raises money to assist with the education of children in the poor and rural regions of Jiangsu Province.', 'Yaxing Coach (Yangzhou Yaxing Motor Coach Co., Ltd) is a bus manufacturer based in Yangzhou, Jiangsu, China.', 'Nanjing was later the capital city of Danyang Prefecture, and had been the capital city of Yangzhou for about 400 years from late Han to early Tang.']}",about 400 years,"{'answer_em': 1.0, 'answer_f1': 1.0, 'answer_precision': 1.0, 'answer_recall': 1.0, 'support_f1': 0.0, 'support_precision': 0.0, 'support_recall': 0.0, 'accuracy': 1.0}"
2hop__574496_123283,Where did the founder of the Acting Company study?,"{'answer': 'Clifton College', 'supporting_facts': ['He was educated in England at Clifton College, became a British subject, and worked in the grain trade in London before emigrating to the United States in 1925, where he took the stage name of John Houseman.']}",Clifton College,"{'answer_em': 1.0, 'answer_f1': 1.0, 'answer_precision': 1.0, 'answer_recall': 1.0, 'support_f1': 0.0, 'support_precision': 0.0, 'support_recall': 0.0, 'accuracy': 1.0}"
3hop1__389955_132457_47686,Where do Greyhound buses leave from in the city where the band that recorded the album I'm Alive and on Fire formed?,"{'answer': 'Toronto Coach Terminal', 'supporting_facts': ['Danko Jones is a Canadian rock trio from Toronto, Ontario.', ""I'm Alive and on Fire is a 2001 album by Canadian rock band Danko Jones."", 'The Toronto Coach Terminal is the central bus station for inter-city services in Toronto, Ontario, Canada.', 'The TTC managed the station directly until July 8, 2012, when it was leased out in its entirety to bus lines Coach Canada and Greyhound Canada for $1.2 million annually.']}",Toronto Coach Terminal,"{'answer_em': 1.0, 'answer_f1': 1.0, 'answer_precision': 1.0, 'answer_recall': 1.0, 'support_f1': 0.0, 'support_precision': 0.0, 'support_recall': 0.0, 'accuracy': 1.0}"
3hop1__742464_15840_36002,What were the Genesis's advantages over the platform in which Robodemons is played?,"{'answer': 'The Genesis had a larger library of games and a lower price point.', 'supporting_facts': [""Despite the Genesis's head start, much larger library of games, and lower price point, the Genesis only represented an estimated 60% of the American 16-bit console market in June 1992, and neither console could maintain a definitive lead for several years."", 'Robodemons is an action video game with shooting elements that was released for the Nintendo Entertainment System by Color Dreams on December 20, 1989.']}",built on 16-bit architectures and offered improved graphics and sound,"{'answer_em': 0.0, 'answer_f1': 0.10000000000000002, 'answer_precision': 0.1, 'answer_recall': 0.1, 'support_f1': 0.0, 'support_precision': 0.0, 'support_recall': 0.0, 'accuracy': 0.10000000000000002}"
3hop1__617062_127905_80286,Who has the most hits in the history of the organization that includes the team Jim Wilson was released by?,"{'answer': 'Pete Rose', 'supporting_facts': ['He was released by the Indians following the 1986 season.', 'Pete Rose holds the Major League record for most career hits, with 4,256.']}",Pete Rose,"{'answer_em': 1.0, 'answer_f1': 1.0, 'answer_precision': 1.0, 'answer_recall': 1.0, 'support_f1': 0.0, 'support_precision': 0.0, 'support_recall': 0.0, 'accuracy': 1.0}"
2hop__435184_84856,When does the new season of the show starring the cast member of Pizza Man start?,"{'answer': 'April 17, 2017', 'supporting_facts': [""The sixth season of ``Basketball Wives LA ''was confirmed by VH1 with a premiere date of April 17, 2017."", 'Bill Maher starred in the film Pizza Man.']}","January 20, 2017","{'answer_em': 0.0, 'answer_f1': 0.3333333333333333, 'answer_precision': 0.3333333333333333, 'answer_recall': 0.3333333333333333, 'support_f1': 0.0, 'support_precision': 0.0, 'support_recall': 0.0, 'accuracy': 0.3333333333333333}"
3hop1__106239_650651_7262,Who was a prominent figure at the radio division of the broadcast company that created the version of The Biggest Loser set in the country where Kelupis originated?,"{'answer': 'Walter Sabo', 'supporting_facts': [""Kelupis (which literally translates to 'glutinous rice rolls' in English) is a traditional kuih for the Bruneian Malay people in the country of Brunei and in the states of Sabah and Sarawak in Malaysia."", 'The Biggest Loser Brunei (season 3): Lose It All is the third season of The Biggest Loser Brunei, which is the Bruneian version of the NBC reality television series The Biggest Loser.', 'Walter Sabo and his team at NBC brought in major personalities from the AM Band to the FM Band taking the format from a background to a foreground listening experience.']}",Walter Sabo,"{'answer_em': 1.0, 'answer_f1': 1.0, 'answer_precision': 1.0, 'answer_recall': 1.0, 'support_f1': 0.0, 'support_precision': 0.0, 'support_recall': 0.0, 'accuracy': 1.0}"
2hop__10114_599630,Where in Zhejiang is the city where Protestants are especially notable?,"{'answer': 'Wenzhou', 'supporting_facts': ['Zhejiang is one of the provinces of China with the largest concentrations of Protestants, especially notable in the city of Wenzhou.']}",Yongjia County,"{'answer_em': 0.0, 'answer_f1': 0.0, 'answer_precision': 0.0, 'answer_recall': 0.0, 'support_f1': 0.0, 'support_precision': 0.0, 'support_recall': 0.0, 'accuracy': 0.0}"
3hop2__132957_76377_40768,"When did Nissan, the Acura Legend maker and the top selling car brand open US assembly plants?","{'answer': 'A decade after the 1973 oil crisis', 'supporting_facts': ['A decade after the 1973 oil crisis, Honda, Toyota and Nissan, affected by the 1981 voluntary export restraints, opened US assembly plants and established their luxury divisions (Acura, Lexus and Infiniti, respectively) to distinguish themselves from their mass-market brands.', ""The Nissan Rogue is a compact crossover SUV produced by the Japanese automaker Nissan. It made its debut in October 2007 for the 2008 model year. The current model, the second generation launched in 2013, is the North American version of the Nissan X-Trail. It is currently Nissan's best - selling vehicle in the United States."", 'The Acura Legend is a mid-size luxury/executive car manufactured by Honda.']}",1981,"{'answer_em': 0.0, 'answer_f1': 0.0, 'answer_precision': 0.0, 'answer_recall': 0.0, 'support_f1': 0.0, 'support_precision': 0.0, 'support_recall': 0.0, 'accuracy': 0.0}"
3hop1__829944_474097_84283,Who is the owner of the record label that the performer of Better Than Me is signed with?,"{'answer': 'Warner Music Group', 'supporting_facts': ['Terry Dexter is the eponymous debut studio album by American contemporary R&B singer Terry Dexter, released July 13, 1999 via Warner Bros. Records.', 'Warner Bros. Records Parent company Warner Music Group Founded March 19, 1958; 60 years ago (1958 - 03 - 19) Founder James Conkling']}",Warner Music Group,"{'answer_em': 1.0, 'answer_f1': 1.0, 'answer_precision': 1.0, 'answer_recall': 1.0, 'support_f1': 0.0, 'support_precision': 0.0, 'support_recall': 0.0, 'accuracy': 1.0}"
3hop1__418091_15840_36002,What were Genesis's advantages over the platform that plays Bigfoot?,"{'answer': 'Improved graphics and sound over the 8-bit NES', 'supporting_facts': ['Bigfoot is a racing video game released in July 1990 for the Nintendo Entertainment System.', 'The Nintendo Entertainment System (also abbreviated as NES) is an 8-bit home video game console that was developed and manufactured by Nintendo.', 'Both systems were built on 16-bit architectures and offered improved graphics and sound over the 8-bit NES.', 'The two platforms were later launched in North America in 1989 as the TurboGrafx-16 and the Genesis respectively.']}",built on 16-bit architectures and offered improved graphics and sound,"{'answer_em': 0.0, 'answer_f1': 0.47058823529411764, 'answer_precision': 0.5714285714285714, 'answer_recall': 0.4, 'support_f1': 0.0, 'support_precision': 0.0, 'support_recall': 0.0, 'accuracy': 0.47058823529411764}"
2hop__68590_27619,Where is the mission for the agency that controls the monetary policy of the EU found?,"{'answer': 'Frankfurt, Germany', 'supporting_facts': ['The European Central Bank (ECB; German: Europäische Zentralbank (EZB), French: Banque centrale européenne (BCE)) is the central bank for the euro and administers monetary policy of the eurozone, which consists of 19 EU member states and is one of the largest currency areas in the world.', 'The Treaty of Amsterdam established the bank in 1998, and it is headquartered in Frankfurt, Germany.']}",Article 2 of the Statute of the ECB,"{'answer_em': 0.0, 'answer_f1': 0.0, 'answer_precision': 0.0, 'answer_recall': 0.0, 'support_f1': 0.0, 'support_precision': 0.0, 'support_recall': 0.0, 'accuracy': 0.0}"
2hop__67660_158861,What actor had the role of the narrator of How I Met Your Mother?,"{'answer': 'Bob Saget', 'supporting_facts': [""Ted also serves as the show's narrator from the future, voiced by Bob Saget, as he tells his children the ``long version ''of how he met their mother."", 'The show, narrated by Future Ted (Bob Saget), tells the story of how Ted Mosby (Josh Radnor) met The Mother.', 'The series follows the main character, Ted Mosby, and his group of friends in Manhattan. As a framing device, Ted, in the year 2030, recounts to his son and daughter the events that led him to meet their mother.']}",Josh Radnor,"{'answer_em': 0.0, 'answer_f1': 0.0, 'answer_precision': 0.0, 'answer_recall': 0.0, 'support_f1': 0.0, 'support_precision': 0.0, 'support_recall': 0.0, 'accuracy': 0.0}"
2hop__235471_565925,What record label did the performer of The Place and the Time belong to?,"{'answer': ""Moby Grape belonged to multiple labels, but the compilation 'The Place and the Time' was released by Sundazed Records"", 'supporting_facts': ['The Place and the Time is a compilation album of demos, outtakes, alternative versions and live versions of songs by Moby Grape, released by Sundazed Records in 2009 in CD and double LP format.', ""Great Grape is a compilation album released by Columbia Records in 1972 that compiles songs from three of Moby Grape's Columbia albums - 'Moby Grape', 'Wow', and 'Moby Grape '69'.""]}",Columbia Records,"{'answer_em': 0.0, 'answer_f1': 0.1111111111111111, 'answer_precision': 0.0625, 'answer_recall': 0.5, 'support_f1': 0.0, 'support_precision': 0.0, 'support_recall': 0.0, 'accuracy': 0.1111111111111111}"
2hop__75207_46837,When does the winter season begin in the place where fuser and alberto meet the indigenous couple who were traveling for work?,"{'answer': 'June, July or August', 'supporting_facts': ['In Chile, for instance, they encounter a penniless and persecuted couple forced onto the road because of their communist beliefs.', 'Winter is often defined by meteorologists to be the three calendar months with the lowest average temperatures. This corresponds to the months of December, January and February in the Northern Hemisphere, and June, July and August in the Southern Hemisphere.']}",June,"{'answer_em': 0.0, 'answer_f1': 0.4, 'answer_precision': 0.25, 'answer_recall': 1.0, 'support_f1': 0.0, 'support_precision': 0.0, 'support_recall': 0.0, 'accuracy': 0.4}"
3hop1__159803_89752_75165,What's the population of the largest state in the region of the U.S. where trading practices were once threatened by the Navigation Acts?,"{'answer': '1,335,907', 'supporting_facts': ['The Navigation Acts which threatened the existence of certain trading practices of New England.', 'Maine alone constitutes nearly one - half of the total area of New England, yet is only the 39th -largest state, slightly smaller than Indiana.', 'Population Ranked 42nd Total 1,335,907 (2017 est.)']}","1,335,907","{'answer_em': 1.0, 'answer_f1': 1.0, 'answer_precision': 1.0, 'answer_recall': 1.0, 'support_f1': 0.0, 'support_precision': 0.0, 'support_recall': 0.0, 'accuracy': 1.0}"
2hop__2299_38663,What percentage did the Dow Jones fall in the historical era where the book takes place?,"{'answer': '22.61%', 'supporting_facts': ['The Dow Jones Industrial Average (DJIA) fell exactly 508 points to 1,738.74 (22.61%).', 'In finance, Black Monday refers to Monday, October 19, 1987, when stock markets around the world crashed, shedding a huge value in a very short time.']}",54.7%,"{'answer_em': 0.0, 'answer_f1': 0.0, 'answer_precision': 0.0, 'answer_recall': 0.0, 'support_f1': 0.0, 'support_precision': 0.0, 'support_recall': 0.0, 'accuracy': 0.0}"
2hop__388467_110882,What is the birth date of the By Your Side performer?,"{'answer': '1 January 1986', 'supporting_facts': ['James Cottriall (born 1 January 1986, Stratford upon Avon) is an English musician, currently living in Los Angeles, California.', 'By Your Side is a song by the English musician James Cottriall, from his second studio album Love Is Louder.']}",1 January 1986,"{'answer_em': 1.0, 'answer_f1': 1.0, 'answer_precision': 1.0, 'answer_recall': 1.0, 'support_f1': 0.0, 'support_precision': 0.0, 'support_recall': 0.0, 'accuracy': 1.0}"
2hop__486392_35739,When was the version of Windows 8 from the company that Iceweasel was based on made accessible?,"{'answer': 'August 15, 2012', 'supporting_facts': ['On August 15, 2012, Windows 8 was made available to download for MSDN and TechNet subscribers.', 'GNU IceCat, formerly known as GNU IceWeasel, is a free software rebranding of the Mozilla Firefox web browser distributed by the GNU Project.']}",September 2013,"{'answer_em': 0.0, 'answer_f1': 0.0, 'answer_precision': 0.0, 'answer_recall': 0.0, 'support_f1': 0.0, 'support_precision': 0.0, 'support_recall': 0.0, 'accuracy': 0.0}"
3hop1__68802_89752_49923,How many counties are there in the largest state in the region where the film The Family Stone was set?,"{'answer': '16', 'supporting_facts': ['The plot follows the Christmas holiday misadventures of the Stone family in a small New England town when the eldest son, played by Mulroney, brings his uptight girlfriend (played by Parker) home with the intention of proposing to her with a cherished heirloom ring.', 'Maine alone constitutes nearly one - half of the total area of New England, yet is only the 39th - largest state, slightly smaller than Indiana.', 'This is a list of the sixteen counties in the U.S. state of Maine.']}",sixteen,"{'answer_em': 0.0, 'answer_f1': 0.0, 'answer_precision': 0.0, 'answer_recall': 0.0, 'support_f1': 0.0, 'support_precision': 0.0, 'support_recall': 0.0, 'accuracy': 0.0}"
2hop__56270_68396,What percentage of the nation's population lives in the state that includes the 951 area code?,"{'answer': 'more than 12%', 'supporting_facts': ['As of 2006, California had an estimated population of 37,172,015, more than 12 percent of the U.S. population.', 'Area code 951 is a California telephone area code that was split from area code 909 on July 17, 2004.']}",more than 12 percent,"{'answer_em': 0.0, 'answer_f1': 0.8571428571428571, 'answer_precision': 1.0, 'answer_recall': 0.75, 'support_f1': 0.0, 'support_precision': 0.0, 'support_recall': 0.0, 'accuracy': 0.8571428571428571}"
2hop__21103_16254,"By 1931, what percentage of the world's Jews were the group of Jews that represented the bulk of modern Jewry?","{'answer': '92%', 'supporting_facts': [""It is estimated that in the 11th century Ashkenazi Jews composed only three percent of the world's Jewish population, while at their peak in 1931 they accounted for 92 percent of the world's Jews."", 'Ashkenazi Jews represent the bulk of modern Jewry, with at least 70% of Jews worldwide (and up to 90% prior to World War II and the Holocaust).']}",92 percent,"{'answer_em': 0.0, 'answer_f1': 0.6666666666666666, 'answer_precision': 1.0, 'answer_recall': 0.5, 'support_f1': 0.0, 'support_precision': 0.0, 'support_recall': 0.0, 'accuracy': 0.6666666666666666}"
2hop__853227_68633,Arthur Marryatt is a member of a sports association that has who as president?,"{'answer': 'Thomas Bach', 'supporting_facts': ['Arthur Albert Marryatt (1873 – 23 November 1949) was a New Zealand sports administrator, who represented New Zealand on the International Olympic Committee from 1919 to 1923, when he was replaced by Joseph Firth.', 'President of the International Olympic Committee Président du Comité international olympique Olympic rings Incumbent Thomas Bach since 10 September 2013']}",Thomas Bach,"{'answer_em': 1.0, 'answer_f1': 1.0, 'answer_precision': 1.0, 'answer_recall': 1.0, 'support_f1': 0.0, 'support_precision': 0.0, 'support_recall': 0.0, 'accuracy': 1.0}"
2hop__30384_30351,Who did Hay work for after being hired by his other notable influence regarding resource distribution other than Max Weber?,"{'answer': 'Ludwig von Mises', 'supporting_facts': ['Upon the completion of his examinations, Hayek was hired by Ludwig von Mises on the recommendation of Wieser as a specialist for the Austrian government working on the legal and economic details of the Treaty of Saint Germain.', 'Building on the earlier work of Ludwig von Mises and others, Hayek also argued that while in centrally planned economies an individual or a select group of individuals must determine the distribution of resources, these planners will never have enough information to carry out this allocation reliably.']}",the Austrian government,"{'answer_em': 0.0, 'answer_f1': 0.0, 'answer_precision': 0.0, 'answer_recall': 0.0, 'support_f1': 0.0, 'support_precision': 0.0, 'support_recall': 0.0, 'accuracy': 0.0}"
3hop1__830700_538202_84283,Who owns the record label of the Shake What God Gave Ya performer?,"{'answer': 'Warner Music Group', 'supporting_facts': ['Warner Bros. Records Parent company Warner Music Group Founded March 19, 1958; 60 years ago (1958 - 03 - 19)', 'Shake What God Gave Ya is the third studio album from American country artist James Otto. It was released in the United States on September 14, 2010 through Warner Bros. Nashville.']}",Warner Music Group,"{'answer_em': 1.0, 'answer_f1': 1.0, 'answer_precision': 1.0, 'answer_recall': 1.0, 'support_f1': 0.0, 'support_precision': 0.0, 'support_recall': 0.0, 'accuracy': 1.0}"
4hop3__673447_132409_371500_35031,"Among the top five largest urban areas in the state where Infest's performer was formed, where does Veoh's headquarters city rank?","{'answer': 'third', 'supporting_facts': ['Papa Roach is an American rock band from Vacaville, California.', 'The urban area of San Diego extends beyond the administrative city limits and had a total population of 2,956,746, making it the third-largest urban area in the state, after that of the Los Angeles metropolitan area and San Francisco metropolitan area.', 'Veoh is an Internet television company based in San Diego, California.']}",third-largest,"{'answer_em': 0.0, 'answer_f1': 0.0, 'answer_precision': 0.0, 'answer_recall': 0.0, 'support_f1': 0.0, 'support_precision': 0.0, 'support_recall': 0.0, 'accuracy': 0.0}"
2hop__818692_113442,What date did the creator of Autumn Leaves die?,"{'answer': '13 August 1896', 'supporting_facts': ['Sir John Everett Millais, 1st Baronet ( , ; 8 June 1829 – 13 August 1896) was an English painter and illustrator who was one of the founders of the Pre-Raphaelite Brotherhood.']}",13 August 1896,"{'answer_em': 1.0, 'answer_f1': 1.0, 'answer_precision': 1.0, 'answer_recall': 1.0, 'support_f1': 0.0, 'support_precision': 0.0, 'support_recall': 0.0, 'accuracy': 1.0}"
2hop__401710_456439,Who is the spouse of the producer of Dolores Claiborne?,"{'answer': 'Unknown', 'supporting_facts': ['Dolores Claiborne is a 1995 American psychological thriller drama film directed by Taylor Hackford and starring Kathy Bates, Jennifer Jason Leigh, and David Strathairn.', 'The context does not provide information about the producer of Dolores Claiborne or their spouse.']}",Helen Mirren,"{'answer_em': 0.0, 'answer_f1': 0.0, 'answer_precision': 0.0, 'answer_recall': 0.0, 'support_f1': 0.0, 'support_precision': 0.0, 'support_recall': 0.0, 'accuracy': 0.0}"
2hop__394720_120259,When was the kingdom that Heptarchy was part of abolished?,"{'answer': 'Not explicitly stated', 'supporting_facts': ['The Mercian Supremacy was the period of Anglo-Saxon history between 600 and 900, when the kingdom of Mercia dominated the Anglo-Saxon Heptarchy.', 'This high common field contains five round barrows from the period of the Heptarchy in Anglo Saxon England.', ""When Æthelflæd died in 918, Ælfwynn, her daughter by Æthelred, succeeded as 'Second Lady of the Mercians', but within six months Edward had deprived her of all authority in Mercia and taken her into Wessex.""]}",918,"{'answer_em': 0.0, 'answer_f1': 0.0, 'answer_precision': 0.0, 'answer_recall': 0.0, 'support_f1': 0.0, 'support_precision': 0.0, 'support_recall': 0.0, 'accuracy': 0.0}"
2hop__511296_577502,Who married the actor from Terminator?,"{'answer': 'Maria Shriver', 'supporting_facts': ['Maria Shriver (wife of California governor Arnold Schwarzenegger)']}",Maria Shriver,"{'answer_em': 1.0, 'answer_f1': 1.0, 'answer_precision': 1.0, 'answer_recall': 1.0, 'support_f1': 0.0, 'support_precision': 0.0, 'support_recall': 0.0, 'accuracy': 1.0}"
4hop1__17192_17130_70784_61381,When was the region immediately north of the region where the country that secured southern Lebanon is located and the Persian Gulf established?,{'answer': 'Error: Failed to parse final JSON.'},1932,"{'answer_em': 0.0, 'answer_f1': 0.0, 'answer_precision': 0.0, 'answer_recall': 0.0, 'support_f1': 0.0, 'support_precision': 0.0, 'support_recall': 0.0, 'error': 1}"
4hop3__547073_88460_30152_20999,How were people from whom the new coins were a proclamation of independence by the Somali Muslim Ajuran Empire expelled from the country between Thailand and Si Phan Don's country?,"{'answer': 'The Portuguese', 'supporting_facts': ['The Somali Muslim Ajuran Empire, allied with the Ottomans, defied the Portuguese economic monopoly in the Indian Ocean by employing a new coinage which followed the Ottoman pattern, thus proclaiming an attitude of economic independence in regard to the Portuguese.', 'Thailand is bordered to the north by Myanmar and Laos, to the east by Laos and Cambodia, to the south by the Gulf of Thailand and Malaysia, and to the west by the Andaman Sea and the southern extremity of Myanmar.', 'Khong Island or Don Khong is the largest island and the seat of administration in the Si Phan Don riverine archipelago located in the Mekong River, Khong District, Champasak Province, southern Laos.', ""Portugal expanded Western influence and established the first global empire, becoming one of the world's major economic, political and military powers.""]}",The dynasty regrouped and defeated the Portuguese,"{'answer_em': 0.0, 'answer_f1': 0.33333333333333337, 'answer_precision': 1.0, 'answer_recall': 0.2, 'support_f1': 0.0, 'support_precision': 0.0, 'support_recall': 0.0, 'accuracy': 0.33333333333333337}"
3hop1__850160_15840_36014,What was Nintendo's limit on games per developer per year on the system which had a three letter abbreviation and was also the platform for Pictionary?,"{'answer': 'five', 'supporting_facts': ['Nintendo required that they be the sole manufacturer of all cartridges, and that the publisher had to pay in full before the cartridges for that game be produced. Cartridges could not be returned to Nintendo, so publishers assumed all the risk. As a result, some publishers lost more money due to distress sales of remaining inventory at the end of the NES era than they ever earned in profits from sales of the games. Because Nintendo controlled the production of all cartridges, it was able to enforce strict rules on its third-party developers, which were required to sign a contract by Nintendo that would obligate these parties to develop exclusively for the system, order at least 10,000 cartridges, and only make five games per year.', 'Pictionary, taglined The Game of Video Quick Draw, is a video board game developed by Software Creations and published by LJN for the Nintendo Entertainment System.', 'The Nintendo Entertainment System (also abbreviated as NES) is an 8-bit home video game console that was developed and manufactured by Nintendo.']}",five,"{'answer_em': 1.0, 'answer_f1': 1.0, 'answer_precision': 1.0, 'answer_recall': 1.0, 'support_f1': 0.0, 'support_precision': 0.0, 'support_recall': 0.0, 'accuracy': 1.0}"
2hop__82378_158266,The top ballet company in the top bauxite producing country is what?,"{'answer': 'The Australian Ballet', 'supporting_facts': ['Rank Country / Region Bauxite (thousand tonnes) World 300,000 Australia 83,000', 'Ballet and dance are represented by The Australian Ballet and various state companies.']}",The Australian Ballet,"{'answer_em': 1.0, 'answer_f1': 1.0, 'answer_precision': 1.0, 'answer_recall': 1.0, 'support_f1': 0.0, 'support_precision': 0.0, 'support_recall': 0.0, 'accuracy': 1.0}"
3hop1__820301_720914_27537,Why did Roncalli leave the place where Crucifixion's creator died?,"{'answer': 'Because the death of a pontiff meant that he would have to stay at his post until the election of a new pontiff.', 'supporting_facts': ['On 10 February 1939, Pope Pius XI died. Roncalli was unable to see his mother for the end as the death of a pontiff meant that he would have to stay at his post until the election of a new pontiff.']}",for the conclave in Rome,"{'answer_em': 0.0, 'answer_f1': 0.0, 'answer_precision': 0.0, 'answer_recall': 0.0, 'support_f1': 0.0, 'support_precision': 0.0, 'support_recall': 0.0, 'accuracy': 0.0}"
4hop1__94201_642284_131926_13165,What treaty ceded territory to the US extending west to the body of water by the city where the designer of Southeast Library died?,"{'answer': 'Treaty of Paris', 'supporting_facts': ['In the Treaty of Paris after the Revolution, the British had ceded the lands between the Appalachian Mountains and the Mississippi River to the United States, without consulting the Shawnee, Cherokee, Choctaw and other smaller tribes who lived there.', ""Minneapolis lies on both banks of the Mississippi River, just north of the river's confluence with the Minnesota River, and adjoins Saint Paul, the state's capital."", ""Southeast Library's building was designed by master architect Ralph Rapson""]}",Treaty of Paris,"{'answer_em': 1.0, 'answer_f1': 1.0, 'answer_precision': 1.0, 'answer_recall': 1.0, 'support_f1': 0.0, 'support_precision': 0.0, 'support_recall': 0.0, 'accuracy': 1.0}"
3hop1__109113_720914_27537,Why did Roncalli leave the city where the painter of Venus with a Mirror died?,"{'answer': 'To attend the conclave in Rome', 'supporting_facts': ['Roncalli left Venice for the conclave in Rome well aware that he was papabile,[b] and after eleven ballots, was elected to succeed the late Pius XII, so it came as no surprise to him, though he had arrived at the Vatican with a return train ticket to Venice.[citation needed]', ""Venus with a Mirror (about 1555) is a painting by Titian, now in the National Gallery of Art in Washington, DC, and it is considered to be one of the collection's highlights."", 'The Martyrdom of Saint Lawrence is a 1558 painting by Titian, now in the church of I Gesuiti in Venice.']}",for the conclave in Rome,"{'answer_em': 0.0, 'answer_f1': 0.6666666666666665, 'answer_precision': 0.6, 'answer_recall': 0.75, 'support_f1': 0.0, 'support_precision': 0.0, 'support_recall': 0.0, 'accuracy': 0.6666666666666665}"
3hop1__106847_160713_77246,What is the meaning in the arabic dictionary of the majority religion in the area of British India that become India when the country for A Music Fairy was created?,"{'answer': 'Al-Hind', 'supporting_facts': ['The Arabic equivalent Al-Hind likewise referred to the country of India.', ""On 29 March 2012 'A Music Fairy' has been screened at University of Ankara under celebration of Pakistan Culutral Week 'Jeevay Jeevay Pakistan' arranged by Embassy of Pakistan in Turkey."", 'According to the 2011 census, 79.8% of the population of India practice Hinduism.']}",the country of India,"{'answer_em': 0.0, 'answer_f1': 0.0, 'answer_precision': 0.0, 'answer_recall': 0.0, 'support_f1': 0.0, 'support_precision': 0.0, 'support_recall': 0.0, 'accuracy': 0.0}"
2hop__59612_50883,The London broil cut comes from a country with an emergency response guidebook with response guides in which section?,"{'answer': 'The fourth section', 'supporting_facts': ['The fourth section, with orange page borders, includes the actual response guides.', 'London broil is a beef dish made by broiling marinated beef, then cutting it across the grain into thin strips. Despite its name, the dish and the terminology are North American, not British.', 'The Emergency Response Guidebook is mentioned in the context without any country specification, implying it is related to the United States, where the National Maximum Speed Law and other US-specific topics are discussed.']}","The fourth section, with orange page borders","{'answer_em': 0.0, 'answer_f1': 0.5, 'answer_precision': 1.0, 'answer_recall': 0.3333333333333333, 'support_f1': 0.0, 'support_precision': 0.0, 'support_recall': 0.0, 'accuracy': 0.5}"
3hop1__857_846_7770,Where does the Yangtze River flow in the city where the Yongle emperor greeted the person to whom the edict was addressed?,"{'answer': 'past the west side and then north side of Nanjing City', 'supporting_facts': ['The Yangtze River flows past the west side and then north side of Nanjing City, while the Ningzheng Ridge surrounds the north, east and south side of the city.', 'The Yongle Emperor came out of the palace in Nanjing to greet the Karmapa and did not require him to kowtow like a tributary vassal.', ""The Information Office of the State Council of the PRC preserves an edict of the Zhengtong Emperor (r. 1435–1449) addressed to the Karmapa in 1445, written after the latter's agent had brought holy relics to the Ming court.""]}",past the west side and then north side,"{'answer_em': 0.0, 'answer_f1': 0.8235294117647058, 'answer_precision': 0.7, 'answer_recall': 1.0, 'support_f1': 0.0, 'support_precision': 0.0, 'support_recall': 0.0, 'accuracy': 0.8235294117647058}"
4hop1__567737_141375_458768_33677,When was the most recent Bicycle Friendly Community Award given to the city where the company Study in Brown's record label is part of is headquartered?,"{'answer': '2013', 'supporting_facts': ['Study in Brown (EmArcy Records, 1955) is a Clifford Brown and Max Roach album.', 'EmArcy Records is a European jazz label owned by Universal Music Group.', 'The Right Stuff Records is a reissue record label that was part of EMI, which is now owned by Universal Music Group and is based out of Santa Monica, California.', 'Santa Monica has received the Bicycle Friendly Community Award (Bronze in 2009, Silver in 2013) by the League of American Bicyclists.']}",2013,"{'answer_em': 1.0, 'answer_f1': 1.0, 'answer_precision': 1.0, 'answer_recall': 1.0, 'support_f1': 0.0, 'support_precision': 0.0, 'support_recall': 0.0, 'accuracy': 1.0}"
2hop__42027_42004,"Since 2004, what is the location of the body to which, if a matter is not specifically reserved, it is devolved?","{'answer': 'The Scottish Parliament', 'supporting_facts': ['The Scottish Parliament has the power to legislate in all areas that are not explicitly reserved to Westminster.', 'All matters that are not specifically reserved are automatically devolved to the Scottish Parliament.']}",Scottish Parliament Building,"{'answer_em': 0.0, 'answer_f1': 0.8, 'answer_precision': 1.0, 'answer_recall': 0.6666666666666666, 'support_f1': 0.0, 'support_precision': 0.0, 'support_recall': 0.0, 'accuracy': 0.8}"
2hop__644898_64046,Who plays the prison warden in the second movie in the series with the same name as the place where James Trainer died?,"{'answer': 'Brendan Gleeson', 'supporting_facts': ['James Trainer (7 January 1863 in Wrexham – 5 August 1915 in Paddington, Central London, England) was a Welsh association football player of the Victorian era.', 'Paddington 2 Ben Whishaw as Paddington Brown, ... Brendan Gleeson as Knuckles McGinty, a safe cracker and prison cook']}",Simon Farnaby,"{'answer_em': 0.0, 'answer_f1': 0.0, 'answer_precision': 0.0, 'answer_recall': 0.0, 'support_f1': 0.0, 'support_precision': 0.0, 'support_recall': 0.0, 'accuracy': 0.0}"
2hop__124412_402641,Who is the child of Chiang Hsiao-wen's father?,"{'answer': 'Chiang Hsiao-wen, Hsiao-chang, Hsiao-wu, Hsiao-yung, Winston Chang, and John Chiang', 'supporting_facts': ['Chiang Hsiao-wen (; also known as Alan Chiang; 14 December 1935 – 14 April 1989) was the eldest son of Chiang Ching-kuo, the President of the Republic of China in Taiwan from 1978 to 1988.', 'He had one younger sister, Hsiao-chang, and two younger brothers, Hsiao-wu and Hsiao-yung.', 'He had two half-brothers, Winston Chang and John Chiang, with whom he shared the same father.', 'Chiang Hsiao-wu (; also known as Alex Chiang; April 25, 1945 - July 1, 1991) was the second son of Chiang Ching-kuo, the President of the Republic of China in Taiwan from 1978 to 1988.']}",Chiang Hsiao-wu,"{'answer_em': 0.0, 'answer_f1': 0.33333333333333337, 'answer_precision': 0.2, 'answer_recall': 1.0, 'support_f1': 0.0, 'support_precision': 0.0, 'support_recall': 0.0, 'accuracy': 0.33333333333333337}"
3hop1__140345_2053_5289,"What label was bought by the company which, along with ABC and the network which aired Law of the Plainsman, is the other major broadcaster based in NY?","{'answer': 'Epic', 'supporting_facts': ['The three major American broadcast networks are all headquartered in New York: ABC, CBS, and NBC.', 'Law of the Plainsman is a Western television series starring Michael Ansara that aired on the NBC television network from October 1, 1959, until May 5, 1960.', 'In 1964, CBS established its own UK distribution with the acquisition of Oriole Records. EMI continued to distribute Epic and Okeh label material on the Columbia label in the UK until the distribution deal with EMI expired in 1968 when CBS took over distribution.']}",Oriole Records.,"{'answer_em': 0.0, 'answer_f1': 0.0, 'answer_precision': 0.0, 'answer_recall': 0.0, 'support_f1': 0.0, 'support_precision': 0.0, 'support_recall': 0.0, 'accuracy': 0.0}"
3hop1__132967_40769_64047,When did the rx 350 model of the luxury division of the company that built Daihatsu boon change body style?,"{'answer': 'The RX 350 model is not a model of the company that built Daihatsu Boon, but it had a facelift unveiled at the March 2012 Geneva Motor Show.', 'supporting_facts': ['The is a subcompact car produced by Japanese automaker Daihatsu since 2004, and also sold as the .', 'A facelift was designed through late 2010 and patented on 7 January 2011 under design registration number 001845801 - 0004.', 'The facelift was unveiled at the March 2012 Geneva Motor Show with new wheels, interior colors, new head and tail lamps and new grilles.', 'Sales began worldwide in April 2012 for the RX 350 and RX 450h, with sales for the F - Sport variants starting in July of the same year.']}",Sales began worldwide in April 2012,"{'answer_em': 0.0, 'answer_f1': 0.06896551724137931, 'answer_precision': 0.043478260869565216, 'answer_recall': 0.16666666666666666, 'support_f1': 0.0, 'support_precision': 0.0, 'support_recall': 0.0, 'accuracy': 0.06896551724137931}"
2hop__50432_56873,When did the team that won the 1959 fa cup final beating luton town 2-1 win the fa cup?,"{'answer': '1959', 'supporting_facts': ['1959 FA Cup Final Event 1958 -- 59 FA Cup Nottingham Forest Luton Town Date 2 May 1959 Venue Wembley Stadium, London Referee Jack Clough (Bolton) Attendance 100,000 ← 1958 1960 →', 'Forest won the FA Cup in 1898 and 1959.']}",1898 and 1959,"{'answer_em': 0.0, 'answer_f1': 0.5, 'answer_precision': 1.0, 'answer_recall': 0.3333333333333333, 'support_f1': 0.0, 'support_precision': 0.0, 'support_recall': 0.0, 'accuracy': 0.5}"
2hop__30905_213732,"Who is the child of the person who sponsored the resolution to reopen trade with Vietnam, along with Kerry?","{'answer': 'Meghan McCain', 'supporting_facts': ['In 1994 the Senate passed a resolution, sponsored by Kerry and fellow Vietnam veteran John McCain, that called for an end to the existing trade embargo against Vietnam;', 'Dirty Sexy Politics is a 2010 political memoir written by Meghan McCain, the daughter of Republican Senator John McCain, about the 2008 United States presidential election.']}",Meghan McCain,"{'answer_em': 1.0, 'answer_f1': 1.0, 'answer_precision': 1.0, 'answer_recall': 1.0, 'support_f1': 0.0, 'support_precision': 0.0, 'support_recall': 0.0, 'accuracy': 1.0}"
2hop__54651_169233,What award did the singer of Never Had a Friend Like Me in Aladdin receive?,"{'answer': 'Academy Award for Best Supporting Actor', 'supporting_facts': [""Robin Williams (1951–2014) was an American actor and comedian who throughout the course of his career won numerous awards, including an Academy Award for Best Supporting Actor for his role in 'Good Will Hunting' (1997)."", ""'Friend Like Me 'is a song from the 1992 Disney film Aladdin. It was performed by Robin Williams in his role as the Genie.""]}",Academy Award for Best Supporting Actor,"{'answer_em': 1.0, 'answer_f1': 1.0, 'answer_precision': 1.0, 'answer_recall': 1.0, 'support_f1': 0.0, 'support_precision': 0.0, 'support_recall': 0.0, 'accuracy': 1.0}"
2hop__46376_158105,Which two features were played up by the highest paid person in the world?,"{'answer': 'Ease of use and enhanced support for Plug and Play (PnP)', 'supporting_facts': [""Microsoft CEO Bill Gates was highlighting the operating system's ease of use and enhanced support for Plug and Play (PnP).""]}",ease of use and enhanced support for Plug and Play,"{'answer_em': 0.0, 'answer_f1': 0.9523809523809523, 'answer_precision': 0.9090909090909091, 'answer_recall': 1.0, 'support_f1': 0.0, 'support_precision': 0.0, 'support_recall': 0.0, 'accuracy': 0.9523809523809523}"
4hop1__58323_375563_161848_67585,"How many stars are on the flag of the nation that first participated in the 1952 Olympics, located near the citizen country of the author of the 2005 novel Thief?","{'answer': 'four', 'supporting_facts': ['New Zealand and Portugal took part in the Winter Olympic Games for the first time.', 'The Book Thief is a 2013 World War II war drama film directed by Brian Percival and starring Geoffrey Rush, Emily Watson, and Sophie Nélisse. The film is based on the 2005 novel The Book Thief by Markus Zusak', 'The flag of New Zealand Use National flag and state ensign Proportion 1: 2 Adopted 24 March 1902 In use since 1869 Design A Blue Ensign with the Southern Cross of four white - edged red five - pointed stars centered on the outer half of the flag.']}",four,"{'answer_em': 1.0, 'answer_f1': 1.0, 'answer_precision': 1.0, 'answer_recall': 1.0, 'support_f1': 0.0, 'support_precision': 0.0, 'support_recall': 0.0, 'accuracy': 1.0}"
2hop__66167_615257,What team does the player with the most points in a NBA season play for?,"{'answer': 'No team is specified for the player with the most points in an NBA season', 'supporting_facts': ['Wilt Chamberlain holds the all - time records for total points scored (4,029) and points per game (50.4) in a season; both records were achieved in the 1961 -- 62 season.']}",Oklahoma City Thunder,"{'answer_em': 0.0, 'answer_f1': 0.0, 'answer_precision': 0.0, 'answer_recall': 0.0, 'support_f1': 0.0, 'support_precision': 0.0, 'support_recall': 0.0, 'accuracy': 0.0}"
3hop1__36497_73181_68042,When did the party with a majority in the body the President calls on for support of his appointments to the USAF gain control of the House?,"{'answer': '2010', 'supporting_facts': ['Republicans regained control of the chamber they had lost in the 2006 midterm elections, picking up a net total of 63 seats and erasing the gains Democrats made in 2006 and 2008.', 'The senior officials in the Office of the Secretary are the Under Secretary of the Air Force, four Assistant Secretaries of the Air Force and the General Counsel, all of whom are appointed by the President with the advice and consent of the Senate.']}",the 2010 election,"{'answer_em': 0.0, 'answer_f1': 0.6666666666666666, 'answer_precision': 1.0, 'answer_recall': 0.5, 'support_f1': 0.0, 'support_precision': 0.0, 'support_recall': 0.0, 'accuracy': 0.6666666666666666}"
3hop1__489567_443779_52195,Who is the president of the newly declared independent country that is part of the commission of Truth and Friendship with the country where Inierie is located?,"{'answer': 'Francisco Guterres', 'supporting_facts': ['The Indonesia–Timor Leste Commission on Truth and Friendship was a truth commission established jointly by the governments of Indonesia and East Timor in August 2005.', 'Inierie is a stratovolcano located in the south-central part of the island of Flores, Indonesia, overlooking the Savu Sea.', 'President Francisco Guterres Prime Minister Mari Alkatiri Legislature National Parliament Formation Portuguese Timor 16th century Independence declared 28 November 1975 Annexation by Indonesia 17 July 1976 Administered by UNTAET 25 October 1999 Independence restored 20 May 2002']}",Francisco Guterres,"{'answer_em': 1.0, 'answer_f1': 1.0, 'answer_precision': 1.0, 'answer_recall': 1.0, 'support_f1': 0.0, 'support_precision': 0.0, 'support_recall': 0.0, 'accuracy': 1.0}"
2hop__151705_141308,What company is I Dig Love's record label a part of?,"{'answer': 'Apple Records', 'supporting_facts': ['Leng also compares ""I Dig Love"" with ""Love the One You\'re With"", a ""hymn to hedonism"" by Stephen Stills, with whom Harrison worked on Doris Troy\'s eponymous album for Apple Records, in 1969–70.', 'Apple Records is a record label founded by the Beatles in 1968 as a division of Apple Corps Ltd.']}",Apple Corps,"{'answer_em': 0.0, 'answer_f1': 0.5, 'answer_precision': 0.5, 'answer_recall': 0.5, 'support_f1': 0.0, 'support_precision': 0.0, 'support_recall': 0.0, 'accuracy': 0.5}"
2hop__257831_123283,Where did the producer of Julius Caesar study or work?,"{'answer': 'England and the United States', 'supporting_facts': ['He was educated in England at Clifton College, became a British subject, and worked in the grain trade in London before emigrating to the United States in 1925, where he took the stage name of John Houseman.']}",Clifton College,"{'answer_em': 0.0, 'answer_f1': 0.0, 'answer_precision': 0.0, 'answer_recall': 0.0, 'support_f1': 0.0, 'support_precision': 0.0, 'support_recall': 0.0, 'accuracy': 0.0}"
4hop2__161602_474028_88460_21057,"During British rule, what wood was mostly produced in the nation that's the boundary between the host of the 2020 AFC U-23 Championship qualification, and the nation containing A Don?","{'answer': 'Teak', 'supporting_facts': ['A Don is a village in south-eastern Laos near the border with Vietnam.', 'Myanmar (also known as Burma) is the northwestern-most country of mainland Southeast Asia, bordering China, India, Bangladesh, Thailand and Laos.', ""Myanmar produced 75% of the world's teak and had a highly literate population."", 'The final tournament hosts Thailand decided to participate in qualification despite having automatically qualified for the final tournament.']}",75% of the world's teak,"{'answer_em': 0.0, 'answer_f1': 0.4, 'answer_precision': 1.0, 'answer_recall': 0.25, 'support_f1': 0.0, 'support_precision': 0.0, 'support_recall': 0.0, 'accuracy': 0.4}"
2hop__61714_89309,What was the date that Pam got married in The Office?,"{'answer': 'October 8, 2009', 'supporting_facts': ['The Office episode Episode no. Season 6 Episode 4 / 5 ... Original air date October 8, 2009', 'Jim and Pam marry early in the season, at Niagara Falls, during the highly anticipated, hour long episode, ""Niagara ""']}","October 8, 2009","{'answer_em': 1.0, 'answer_f1': 1.0, 'answer_precision': 1.0, 'answer_recall': 1.0, 'support_f1': 0.0, 'support_precision': 0.0, 'support_recall': 0.0, 'accuracy': 1.0}"
4hop3__650050_88460_30152_20999,How were people from whom the new coins were a proclamation of independence by the Somali Muslim Ajuran Empire expelled from the natural boundary between Thailand and A Doi's country?,"{'answer': ""There is no information about people being expelled from the natural boundary between Thailand and A Doi's country in relation to the Somali Muslim Ajuran Empire's new coins."", 'supporting_facts': ['The Somali Muslim Ajuran Empire, allied with the Ottomans, defied the Portuguese economic monopoly in the Indian Ocean by employing a new coinage which followed the Ottoman pattern, thus proclaiming an attitude of economic independence in regard to the Portuguese.', 'A Doi is a village in south-eastern Laos near the border with Vietnam.', 'Thailand (/ ˈtaɪlænd / TY - land), officially the Kingdom of Thailand and formerly known as Siam (until 1939 and again from 1946 to 1948), is a country at the centre of the Indochinese peninsula in Southeast Asia. It is bordered to the north by Myanmar and Laos, to the east by Laos and Cambodia, to the south by the Gulf of Thailand and Malaysia, and to the west by the Andaman Sea and the southern extremity of Myanmar.', 'These Muslim peoples were eventually expelled during the Christian Reconquista of the peninsula.']}",The dynasty regrouped and defeated the Portuguese,"{'answer_em': 0.0, 'answer_f1': 0.06666666666666667, 'answer_precision': 0.04, 'answer_recall': 0.2, 'support_f1': 0.0, 'support_precision': 0.0, 'support_recall': 0.0, 'accuracy': 0.06666666666666667}"
2hop__412633_15781,"Who, along with the author of An Essay on the History of Civil Society, criticized the idea of social contract theorists?","{'answer': 'David Hume', 'supporting_facts': ['Though much of Enlightenment political thought was dominated by social contract theorists, both David Hume and Adam Ferguson criticized this camp.', 'An Essay on the History of Civil Society is a book by the Scottish Enlightenment philosopher Adam Ferguson, first published in 1767.']}",David Hume,"{'answer_em': 1.0, 'answer_f1': 1.0, 'answer_precision': 1.0, 'answer_recall': 1.0, 'support_f1': 0.0, 'support_precision': 0.0, 'support_recall': 0.0, 'accuracy': 1.0}"
3hop1__145924_131905_41948,"Besides the Irish Channel and the body of water by the city Caspar Voght died in, what else lowered in the last cold phase?","{'answer': 'sea level', 'supporting_facts': ['The last phase slightly predates the global last ice age maximum (Last Glacial Maximum). During this time, the lower Rhine flowed roughly west through the Netherlands and extended to the southwest, through the English Channel and finally, to the Atlantic Ocean. The English Channel, the Irish Channel and most of the North Sea were dry land, mainly because sea level was approximately 120 m (390 ft) lower than today.']}",English Channel,"{'answer_em': 0.0, 'answer_f1': 0.0, 'answer_precision': 0.0, 'answer_recall': 0.0, 'support_f1': 0.0, 'support_precision': 0.0, 'support_recall': 0.0, 'accuracy': 0.0}"
3hop1__715607_792411_51423,What is the name of the castle in the city where the performer of A Collection 1984–1989 was born?,"{'answer': 'None of the above', 'supporting_facts': ['A Collection 1984–1989 is a 1995 greatest hits compilation of her by Jane Siberry.', 'Gavin Bradley is an award-winning Canadian singer-songwriter and producer based in Toronto who has worked with artists like Nelly Furtado, Tori Amos and Jane Siberry.', ""There is no information about Jane Siberry's birthplace in the provided context.""]}",Casa Loma,"{'answer_em': 0.0, 'answer_f1': 0.0, 'answer_precision': 0.0, 'answer_recall': 0.0, 'support_f1': 0.0, 'support_precision': 0.0, 'support_recall': 0.0, 'accuracy': 0.0}"
3hop1__595371_40769_64047,When did the RX 350 from the Scion xB manufacturer's luxury division change body style?,"{'answer': '2012', 'supporting_facts': ['The Scion xB is a compact car (subcompact car in its first generation) made by Toyota for the United States market and sold under their youth-oriented Scion brand.', 'It is a box-shaped, 5-door hatchback.', 'A facelift was unveiled at the March 2012 Geneva Motor Show with new wheels, interior colors, new head and tail lamps and new grilles.', 'Sales began worldwide in April 2012 for the RX 350 and RX 450h']}",Sales began worldwide in April 2012,"{'answer_em': 0.0, 'answer_f1': 0.2857142857142857, 'answer_precision': 1.0, 'answer_recall': 0.16666666666666666, 'support_f1': 0.0, 'support_precision': 0.0, 'support_recall': 0.0, 'accuracy': 0.2857142857142857}"
3hop1__128554_39743_24526,"What is the average winter daytime temperature in the region where Richmond is found, in the state where WIRR operates?","{'answer': 'upper 40s–lower 50s °F (8–12 °C)', 'supporting_facts': ['WIRR (90.9 FM) is a radio station licensed to Virginia, Minnesota, serving the Iron Range area.', 'Richmond is located in the Piedmont region of Virginia, at the highest navigable point of the James River.', 'In winter, the Piedmont is colder than the coast, with temperatures usually averaging in the upper 40s–lower 50s °F (8–12 °C) during the day and often dropping below the freezing point at night.']}",upper 40s–lower 50s °F,"{'answer_em': 0.0, 'answer_f1': 0.8, 'answer_precision': 0.6666666666666666, 'answer_recall': 1.0, 'support_f1': 0.0, 'support_precision': 0.0, 'support_recall': 0.0, 'accuracy': 0.8}"
4hop1__567737_141375_458768_33633,When did the explorer reach the headquarters location of the group Study in Brown's record label is part of?,"{'answer': 'August 3, 1769', 'supporting_facts': ['The first non-indigenous group to set foot in the area was the party of explorer Gaspar de Portolà, who camped near the present day intersection of Barrington and Ohio Avenues on August 3, 1769.', 'Study in Brown (EmArcy Records, 1955) is a Clifford Brown and Max Roach album.', 'EmArcy Records is a jazz record label founded in 1954 by Mercury Records, and today a European jazz label owned by Universal Music Group.', 'The Right Stuff Records is a reissue record label that was part of EMI, which is now owned by Universal Music Group and is based out of Santa Monica, California.']}","August 3, 1769","{'answer_em': 1.0, 'answer_f1': 1.0, 'answer_precision': 1.0, 'answer_recall': 1.0, 'support_f1': 0.0, 'support_precision': 0.0, 'support_recall': 0.0, 'accuracy': 1.0}"
3hop1__103197_214799_259594,What country gas the border troops of the country of the literature of the country of Andreas Zülow's citizenship?,"{'answer': 'East Germany', 'supporting_facts': ['Andreas Zülow (born 23 October 1965 in Ludwigslust) is a retired amateur boxer from East Germany who won a Lightweight gold medal at the 1988 Summer Olympic Games.', 'East German literature is the literature produced in East Germany from the time of the Soviet occupation in 1945 until the end of the communist government in 1990.', 'Heinz-Josef Große was a 34-year-old East German (GDR) construction worker who was shot and killed on 29 March 1982 by GDR border guards on the Inner German border at Schifflersgrund, near Bad Sooden-Allendorf.']}",GDR,"{'answer_em': 0.0, 'answer_f1': 0.0, 'answer_precision': 0.0, 'answer_recall': 0.0, 'support_f1': 0.0, 'support_precision': 0.0, 'support_recall': 0.0, 'accuracy': 0.0}"
2hop__803903_78606,Who plays the wife of Big Stan's director in Grown Ups?,"{'answer': 'Salma Hayek', 'supporting_facts': ['Big Stan is a 2007 American prison comedy directed and produced by Rob Schneider, who also starred in the film.', 'In Grown Ups, Lenny (Adam Sandler) has become an ambitious Hollywood talent agent with his wife, fashion designer Roxanne (Salma Hayek), and his three children']}",Joyce Van Patten,"{'answer_em': 0.0, 'answer_f1': 0.0, 'answer_precision': 0.0, 'answer_recall': 0.0, 'support_f1': 0.0, 'support_precision': 0.0, 'support_recall': 0.0, 'accuracy': 0.0}"
2hop__27650_27628,Who is the Vice-President of the body that began to increase their coverage of weaker debts?,"{'answer': 'Vitor Constâncio', 'supporting_facts': ['The European Central Bank had stepped up the buying of member nations debt.', 'It is composed of the President of the Bank (currently Mario Draghi), the Vice-President (currently Vitor Constâncio) and four other members.']}",Vitor Constâncio,"{'answer_em': 1.0, 'answer_f1': 1.0, 'answer_precision': 1.0, 'answer_recall': 1.0, 'support_f1': 0.0, 'support_precision': 0.0, 'support_recall': 0.0, 'accuracy': 1.0}"
2hop__10900_21567,Who introduced a system of musical notation in the 14th century used in the area where the Ottoman slave trade flourished?,"{'answer': 'John Kukuzelis', 'supporting_facts': ['Prominent reformer of Orthodox Church music from the first half of 14th century was John Kukuzelis; he also introduced a system of notation widely used in the Balkans in the following centuries.', 'Due to the Ottoman slave trade that had flourished in the Balkans, the coastal town of Ulcinj in Montenegro had its own black community.']}",John Kukuzelis,"{'answer_em': 1.0, 'answer_f1': 1.0, 'answer_precision': 1.0, 'answer_recall': 1.0, 'support_f1': 0.0, 'support_precision': 0.0, 'support_recall': 0.0, 'accuracy': 1.0}"
2hop__677160_110882,When was the performer of So Nice born?,"{'answer': 'January 1, 1986', 'supporting_facts': ['James Cottriall (born 1 January 1986, Stratford upon Avon) is an English musician, currently living in Los Angeles, California.', 'So Nice is a song by English musician James Cottriall, from his first studio album Sincerely Me.']}",1 January 1986,"{'answer_em': 0.0, 'answer_f1': 1.0, 'answer_precision': 1.0, 'answer_recall': 1.0, 'support_f1': 0.0, 'support_precision': 0.0, 'support_recall': 0.0, 'accuracy': 1.0}"
2hop__603365_120259,When was a participant in the Battle of Maserfield abolished?,"{'answer': 'Not specified', 'supporting_facts': ['The Battle of Maserfield (or Maserfeld, ""marsh (border) field""; Welsh: ""Maes Cogwy""), was fought on 5 August 641 or 642, between the Anglo-Saxon kings Oswald of Northumbria and Penda of Mercia, ending in Oswald\'s defeat, death, and dismemberment.']}",918,"{'answer_em': 0.0, 'answer_f1': 0.0, 'answer_precision': 0.0, 'answer_recall': 0.0, 'support_f1': 0.0, 'support_precision': 0.0, 'support_recall': 0.0, 'accuracy': 0.0}"
2hop__56806_7298,What pop artist started his career on adult contemporary radio along with the subject of the song The One That Got Away?,"{'answer': 'Josh Groban', 'supporting_facts': ['While most artists became established in other formats before moving to adult contemporary, Michael Bublé and Josh Groban started out as AC artists.', 'In 2017, the singer revealed that ""The One That Got Away ""was about Josh Groban.']}",Michael Bublé,"{'answer_em': 0.0, 'answer_f1': 0.0, 'answer_precision': 0.0, 'answer_recall': 0.0, 'support_f1': 0.0, 'support_precision': 0.0, 'support_recall': 0.0, 'accuracy': 0.0}"
2hop__40270_11402,"According to the agency that considers if Los Angeles County is to be a separate metropolitan area, what is the total area in square miles?","{'answer': '81.4 square miles', 'supporting_facts': ['According to the United States Census Bureau, the city has a total area of 81.4 square miles (210.8 km), of which 81.1 square miles (210 km) is land and 0.3 square miles (0.78 km) (0.37%) is water.']}",17.037 square miles,"{'answer_em': 0.0, 'answer_f1': 0.6666666666666666, 'answer_precision': 0.6666666666666666, 'answer_recall': 0.6666666666666666, 'support_f1': 0.0, 'support_precision': 0.0, 'support_recall': 0.0, 'accuracy': 0.6666666666666666}"
2hop__655505_110949,What is the Till dom ensamma performer's birth date?,"{'answer': '11 September 1962', 'supporting_facts': ['Mauro Scocco (born 11 September 1962) is a Swedish pop artist of Italian descent.', 'Till dom ensamma is a song written by Mauro Scocco, and recorded by himself on the 1991 album Dr. Space dagbok, and released as a single the same year.']}",11 September 1962,"{'answer_em': 1.0, 'answer_f1': 1.0, 'answer_precision': 1.0, 'answer_recall': 1.0, 'support_f1': 0.0, 'support_precision': 0.0, 'support_recall': 0.0, 'accuracy': 1.0}"
4hop1__47210_53706_795904_580996,What location borders the city founded by a former newspaper publisher selling supplies in the state where the valley girl accent originated?,"{'answer': 'suburbs', 'supporting_facts': ['Valley girl is a socio - economic stereotype depicting a class of women characterized by the colloquial California English dialect Valleyspeak and materialism.', 'The history of Sacramento, California, began with its founding by Samuel Brannan and John Augustus Sutter, Jr. in 1848 around an embarcadero that his father, John Sutter, Sr. constructed at the confluence of the American and Sacramento Rivers a few years prior.', 'Rumors of the discovery of gold were confirmed in March 1848 by San Francisco newspaper publisher and merchant Samuel Brannan.', 'Oak Lawn is not the correct suburb, instead, the correct answer can be inferred from the fact that Sacramento is the city and it is surrounded by suburbs in general, although the specific suburb is not mentioned, the general concept of suburbs is supported by the following sentence: Oak Lawn is a suburb of Chicago, located southwest of the city. It shares borders with the city in two areas, but is surrounded mostly by other suburbs.']}",Rio Linda,"{'answer_em': 0.0, 'answer_f1': 0.0, 'answer_precision': 0.0, 'answer_recall': 0.0, 'support_f1': 0.0, 'support_precision': 0.0, 'support_recall': 0.0, 'accuracy': 0.0}"
2hop__434218_29898,Which affiliate left the employer of Don Newman due to an agreement with CHBC?,"{'answer': 'CFJC-TV', 'supporting_facts': ['However, due to an agreement between CHBC and CFJC-TV in Kamloops, CFJC also disaffiliated from the CBC on February 27, 2006, but no retransmitters were installed in the licence area.']}",CFJC-TV in Kamloops,"{'answer_em': 0.0, 'answer_f1': 0.5, 'answer_precision': 1.0, 'answer_recall': 0.3333333333333333, 'support_f1': 0.0, 'support_precision': 0.0, 'support_recall': 0.0, 'accuracy': 0.5}"
2hop__50936_90973,Who did the original voice of the character that Mila Kunis plays in Family Guy?,"{'answer': 'Lacey Chabert', 'supporting_facts': [""Meg made her first appearance on television when Family Guy debuted on Fox on January 31, 1999, with the episode ``Death Has a Shadow ''. Originally voiced by Lacey Chabert during the first season, she has been voiced by Mila Kunis since season 2, although Chabert returned to voice Meg in Yug Ylimaf and Back to the Pilot.""]}",Lacey Chabert,"{'answer_em': 1.0, 'answer_f1': 1.0, 'answer_precision': 1.0, 'answer_recall': 1.0, 'support_f1': 0.0, 'support_precision': 0.0, 'support_recall': 0.0, 'accuracy': 1.0}"
2hop__555792_30351,Who did Hayek work for upon being hired by the author of Omnipotent Government?,"{'answer': 'The Austrian government', 'supporting_facts': ['Upon the completion of his examinations, Hayek was hired by Ludwig von Mises on the recommendation of Wieser as a specialist for the Austrian government working on the legal and economic details of the Treaty of Saint Germain.']}",the Austrian government,"{'answer_em': 1.0, 'answer_f1': 1.0, 'answer_precision': 1.0, 'answer_recall': 1.0, 'support_f1': 0.0, 'support_precision': 0.0, 'support_recall': 0.0, 'accuracy': 1.0}"
4hop2__161602_474028_88460_21034,What year did the country that is the natural boundary between where the tournament was hosted and where A Don is located host the ASEAN Conference?,"{'answer': '2014', 'supporting_facts': ['A Don is a village in south-eastern Laos near the border with Vietnam.', 'Myanmar (also known as Burma) is the northwestern-most country of mainland Southeast Asia, bordering China, India, Bangladesh, Thailand and Laos.', 'Though it gave up its turn to hold the ASEAN chair and host the ASEAN Summit in 2006, it chaired the forum and hosted the summit in 2014.']}",hosted the summit in 2014,"{'answer_em': 0.0, 'answer_f1': 0.4, 'answer_precision': 1.0, 'answer_recall': 0.25, 'support_f1': 0.0, 'support_precision': 0.0, 'support_recall': 0.0, 'accuracy': 0.4}"
2hop__557743_92763,What is the enrollment at Henry Latimer's alma mater?,"{'answer': '16,801 students', 'supporting_facts': [""He received his bachelor's degree from Florida A&M University and a master's degree from Florida Atlantic University. After a brief stint as an investigator for the United States Department of Labor he went to law school, becoming one of the first African-Americans to graduate from the University of Miami Law School."", 'University of Miami ... Students 16,801 Undergraduates 10,849 Postgraduates 5,952']}","16,801","{'answer_em': 0.0, 'answer_f1': 0.6666666666666666, 'answer_precision': 0.5, 'answer_recall': 1.0, 'support_f1': 0.0, 'support_precision': 0.0, 'support_recall': 0.0, 'accuracy': 0.6666666666666666}"
3hop1__816887_127905_80286,Who has the most hits in the league of the team that Dick Aylward plays for?,"{'answer': 'Pete Rose', 'supporting_facts': ['Pete Rose holds the Major League record for most career hits, with 4,256.', ""Aylward, who batted and threw right-handed, was listed as tall and . After his first pro season in 1943, he joined the United States Army and served in the European Theater of Operations during World War II. He resumed his baseball career in 1946 in the Chicago Cubs' farm system, and was eventually acquired by the Indians' organization in 1951."", 'The Cleveland Indians are an American professional baseball team based in Cleveland, Ohio. The Indians compete in Major League Baseball (MLB) as a member club of the American League (AL) Central division.']}",Pete Rose,"{'answer_em': 1.0, 'answer_f1': 1.0, 'answer_precision': 1.0, 'answer_recall': 1.0, 'support_f1': 0.0, 'support_precision': 0.0, 'support_recall': 0.0, 'accuracy': 1.0}"
2hop__43776_162341,What other recognition did the Oscar winner for Best Actor in 2006 receive?,"{'answer': 'Golden Globe Award for Best Actor – Motion Picture Musical or Comedy for his role in The Martian, and dozens of nominations and awards for his work as an actor, screenwriter, and producer', 'supporting_facts': ['Since then he has received dozens of nominations and awards for his work as an actor, screenwriter, and producer including the Golden Globe Award for Best Actor – Motion Picture Musical or Comedy for his role in ""The Martian""']}",nominated for an Academy Award for Best Supporting Actor,"{'answer_em': 0.0, 'answer_f1': 0.2564102564102564, 'answer_precision': 0.16129032258064516, 'answer_recall': 0.625, 'support_f1': 0.0, 'support_precision': 0.0, 'support_recall': 0.0, 'accuracy': 0.2564102564102564}"
2hop__608902_653666,Who is the mother of Katharine Smith Salisbury's brother?,"{'answer': 'Lucy Mack Smith', 'supporting_facts': ['Katharine Smith Salisbury (July 8, 1813 – February 1, 1900) was a sister to Joseph Smith and an early convert in the Latter Day Saint movement.', 'History of Joseph Smith by His Mother is a biography of Joseph Smith, founder of the Latter Day Saint movement, according to his mother, Lucy Mack Smith.']}",Lucy Mack Smith,"{'answer_em': 1.0, 'answer_f1': 1.0, 'answer_precision': 1.0, 'answer_recall': 1.0, 'support_f1': 0.0, 'support_precision': 0.0, 'support_recall': 0.0, 'accuracy': 1.0}"
2hop__609313_20273,What year did the author of History of the Reformation in Scotland die?,"{'answer': '1572', 'supporting_facts': ['The History of the Reformation in Scotland is a five-volume book written by the Scottish reformer, John Knox, between 1559 and 1566.', 'John Knox (1505–1572), a Scot who had spent time studying under Calvin in Geneva, returned to Scotland and urged his countrymen to reform the Church in line with Calvinist doctrines.']}",1572,"{'answer_em': 1.0, 'answer_f1': 1.0, 'answer_precision': 1.0, 'answer_recall': 1.0, 'support_f1': 0.0, 'support_precision': 0.0, 'support_recall': 0.0, 'accuracy': 1.0}"
2hop__6827_55848,When was the first branch of the company that bought FleetBoston Financial established?,"{'answer': '1928 or earlier', 'supporting_facts': ['In 1928 Giannini merged his bank with Bank of America, Los Angeles, headed by Orra E. Monnette and consolidated it with other bank holdings to create what would become the largest banking institution in the country.', 'In 2004, Bank of America announced it would purchase Boston - based bank FleetBoston Financial for $47 billion in cash and stock.']}","November 3, 1930","{'answer_em': 0.0, 'answer_f1': 0.0, 'answer_precision': 0.0, 'answer_recall': 0.0, 'support_f1': 0.0, 'support_precision': 0.0, 'support_recall': 0.0, 'accuracy': 0.0}"
2hop__576118_25719,At the end of which year did tribes from the area where Linear Pottery culture was found invade the Roman Empire?,"{'answer': '406', 'supporting_facts': ['In the early 5th century, the deep crisis suffered by the Roman Empire allowed different tribes of Central Europe (Suebi, Vandals and Alani) to cross the Rhine and penetrate into the rule on 31 December 406.']}",406,"{'answer_em': 1.0, 'answer_f1': 1.0, 'answer_precision': 1.0, 'answer_recall': 1.0, 'support_f1': 0.0, 'support_precision': 0.0, 'support_recall': 0.0, 'accuracy': 1.0}"
3hop1__358853_339990_54675,"What mountain can you see from Portland, in the state that Raven Creek is located in?","{'answer': 'Mt. Hood', 'supporting_facts': ['Raven Creek is a tributary of Fishing Creek in Columbia County, Pennsylvania, in the United States.', 'On clear days, Mt. Hood and Mt. St. Helens dominate the horizon, while Mt. Adams and Mt. Rainier can also be seen in the distance.', ""Though much of downtown Portland is relatively flat, the foothills of the Tualatin Mountains, more commonly referred to locally as the ``West Hills '', pierce through the northwest and southwest reaches of the city.""]}",Tualatin Mountains,"{'answer_em': 0.0, 'answer_f1': 0.0, 'answer_precision': 0.0, 'answer_recall': 0.0, 'support_f1': 0.0, 'support_precision': 0.0, 'support_recall': 0.0, 'accuracy': 0.0}"
3hop1__186307_503371_21711,When was the Palau de la Generalitat constructed in the city where Martin from where Jaulin is located died?,"{'answer': '15th century', 'supporting_facts': ['The Palau de la Generalitat in Barcelona, built in the 15th century for the kings of Aragon,', 'Martin the Humane (29 July 1356 – 31 May 1410), also called the Elder and the Ecclesiastic, was King of Aragon, Valencia, Sardinia and Corsica and Count of Barcelona from 1396 and King of Sicily from 1409 (as Martin II).', 'Jaulín is a municipality located in the province of Zaragoza, Aragon, Spain.']}",built in the 15th century,"{'answer_em': 0.0, 'answer_f1': 0.6666666666666666, 'answer_precision': 1.0, 'answer_recall': 0.5, 'support_f1': 0.0, 'support_precision': 0.0, 'support_recall': 0.0, 'accuracy': 0.6666666666666666}"
3hop2__326964_846_7713,How long had the city where the Yongle Emperor greeted the Karmapa been the capitol city of Yaxing Coach's headquarters location?,"{'answer': 'about 400 years', 'supporting_facts': ['Nanjing was later the capital city of Danyang Prefecture, and had been the capital city of Yangzhou for about 400 years from late Han to early Tang.', 'Yaxing Coach (Yangzhou Yaxing Motor Coach Co., Ltd) is a bus manufacturer based in Yangzhou, Jiangsu, China.', 'During his travels beginning in 1403, Deshin Shekpa was induced by further exhortations by the Ming court to visit Nanjing by April 10, 1407. The Yongle Emperor came out of the palace in Nanjing to greet the Karmapa and did not require him to kowtow like a tributary vassal.']}",about 400 years,"{'answer_em': 1.0, 'answer_f1': 1.0, 'answer_precision': 1.0, 'answer_recall': 1.0, 'support_f1': 0.0, 'support_precision': 0.0, 'support_recall': 0.0, 'accuracy': 1.0}"
4hop3__577443_88460_30152_20999,How were people from whom new coins were a proclamation of independence by the Somali Muslim Ajuran Empire expelled from the natural boundary between Thailand and Tham Pha's country?,"{'answer': ""There is no information about people being expelled from the natural boundary between Thailand and Tham Pha's country in relation to the Somali Muslim Ajuran Empire's new coins."", 'supporting_facts': ['The Somali Muslim Ajuran Empire, allied with the Ottomans, defied the Portuguese economic monopoly in the Indian Ocean by employing a new coinage which followed the Ottoman pattern, thus proclaiming an attitude of economic independence in regard to the Portuguese.', 'Tham Pha, also known as Buddha Cave, is a cave in Khammouane Province, Laos.', 'Thailand is bordered to the north by Myanmar and Laos, to the east by Laos and Cambodia, to the south by the Gulf of Thailand and Malaysia, and to the west by the Andaman Sea and the southern extremity of Myanmar.']}",The dynasty regrouped and defeated the Portuguese,"{'answer_em': 0.0, 'answer_f1': 0.06451612903225806, 'answer_precision': 0.038461538461538464, 'answer_recall': 0.2, 'support_f1': 0.0, 'support_precision': 0.0, 'support_recall': 0.0, 'accuracy': 0.06451612903225806}"
3hop1__545624_2053_5289,"What UK label was bought by the company which, along with ABC and the network which broadcasted Here and Now, is the other major broadcaster based in NY?","{'answer': 'Oriole Records', 'supporting_facts': ['CBS established its own UK distribution with the acquisition of Oriole Records.', 'The three major American broadcast networks are all headquartered in New York: ABC, CBS, and NBC.', 'Here and Now is an American television sitcom that aired on NBC from September 19, 1992 to January 2, 1993.']}",Oriole Records.,"{'answer_em': 1.0, 'answer_f1': 1.0, 'answer_precision': 1.0, 'answer_recall': 1.0, 'support_f1': 0.0, 'support_precision': 0.0, 'support_recall': 0.0, 'accuracy': 1.0}"
2hop__252311_366220,Who founded the company that distributed the film UHF?,"{'answer': 'Morris Mike Medavoy', 'supporting_facts': ['Morris Mike Medavoy (born January 21, 1941) is an American film producer and executive, co-founder of Orion Pictures (1978), former chairman of TriStar Pictures, former head of production for United Artists (1974–1978) and current chairman and CEO of Phoenix Pictures.', ""They struggled with finding a film production company for financing the film, but were eventually able to get Orion Pictures' support after stating they could keep the film costs under $5 million.""]}",Mike Medavoy,"{'answer_em': 0.0, 'answer_f1': 0.8, 'answer_precision': 0.6666666666666666, 'answer_recall': 1.0, 'support_f1': 0.0, 'support_precision': 0.0, 'support_recall': 0.0, 'accuracy': 0.8}"
3hop1__222497_309482_27537,Why did Roncalli leave the place where the composer of Al gran sole carico d'amore worked?,"{'answer': 'Because the death of a pontiff meant that he would have to stay at his post until the election of a new pontiff', 'supporting_facts': ['Nono himself and Yuri Lyubimov wrote the libretto.', 'Roncalli was unable to see his mother for the end as the death of a pontiff meant that he would have to stay at his post until the election of a new pontiff']}",for the conclave in Rome,"{'answer_em': 0.0, 'answer_f1': 0.0, 'answer_precision': 0.0, 'answer_recall': 0.0, 'support_f1': 0.0, 'support_precision': 0.0, 'support_recall': 0.0, 'accuracy': 0.0}"
4hop1__93661_59747_211319_557671,Which county shares a border with the county where the most populous city in the state where season 8 of The Walking Dead was filmed is located?,"{'answer': 'Unknown', 'supporting_facts': ['The Walking Dead is mostly filmed in Georgia.', 'The largest municipality by population in Georgia is Atlanta with 420,003 residents.']}",Presque Isle County,"{'answer_em': 0.0, 'answer_f1': 0.0, 'answer_precision': 0.0, 'answer_recall': 0.0, 'support_f1': 0.0, 'support_precision': 0.0, 'support_recall': 0.0, 'accuracy': 0.0}"
2hop__25344_88628,"In True Grit, who did the star play?","{'answer': 'John Wayne played U.S. Marshal Rooster Cogburn', 'supporting_facts': ['The film was directed by Henry Hathaway and starred Kim Darby as Mattie Ross and John Wayne as U.S. Marshal Rooster Cogburn.', ""Ross's young daughter, Mattie (Kim Darby), travels to Fort Smith, Arkansas, where she hires aging U.S. Marshal Reuben ``Rooster ''J. Cogburn (John Wayne) to bring Chaney in, raising his fee by shrewdly horse trading with Colonel Stonehill (Strother Martin).""]}",U.S. Marshal Rooster Cogburn,"{'answer_em': 0.0, 'answer_f1': 0.7272727272727273, 'answer_precision': 0.5714285714285714, 'answer_recall': 1.0, 'support_f1': 0.0, 'support_precision': 0.0, 'support_recall': 0.0, 'accuracy': 0.7272727272727273}"
3hop2__222979_132477_40768,"When did the maker of the Acura RLX, the owner of Scion, and Nissan open US assembly plants?","{'answer': 'A decade after the 1973 oil crisis', 'supporting_facts': ['A decade after the 1973 oil crisis, Honda, Toyota and Nissan, affected by the 1981 voluntary export restraints, opened US assembly plants and established their luxury divisions (Acura, Lexus and Infiniti, respectively) to distinguish themselves from their mass-market brands.']}",1981,"{'answer_em': 0.0, 'answer_f1': 0.0, 'answer_precision': 0.0, 'answer_recall': 0.0, 'support_f1': 0.0, 'support_precision': 0.0, 'support_recall': 0.0, 'accuracy': 0.0}"
3hop1__572324_568433_51423,What is the name of the castle in the city where the headquarters of the production company of Care Bear: Journey to Joke-a-lot is located?,"{'answer': 'No definitive answer', 'supporting_facts': [""Care Bears: Journey to Joke-a-lot is a 2004 children's animated feature film, produced by Nelvana Limited and released by Lions Gate Home Entertainment."", 'The location of Nelvana Limited is not provided in the given context.']}",Casa Loma,"{'answer_em': 0.0, 'answer_f1': 0.0, 'answer_precision': 0.0, 'answer_recall': 0.0, 'support_f1': 0.0, 'support_precision': 0.0, 'support_recall': 0.0, 'accuracy': 0.0}"
3hop1__208108_547811_80702,What is the name of the famous bridge in the city where the composer of La Silvia was born?,"{'answer': 'Rialto Bridge', 'supporting_facts': ['La Silvia (RV 734) is an ""dramma pastorale per musica"" in three acts by Antonio Vivaldi to an Italian libretto by Enrico Bissari.', 'The Rialto Bridge (Italian: Ponte di Rialto; Venetian: Ponte de Rialto) is the oldest of the four bridges spanning the Grand Canal in Venice, Italy.']}",Rialto Bridge,"{'answer_em': 1.0, 'answer_f1': 1.0, 'answer_precision': 1.0, 'answer_recall': 1.0, 'support_f1': 0.0, 'support_precision': 0.0, 'support_recall': 0.0, 'accuracy': 1.0}"
3hop1__324448_831637_91775,What does SEAL stand for in the military branch that operates USS Prevail?,"{'answer': 'Sea, Air, and Land', 'supporting_facts': [""The United States Navy's ``Sea, Air, and Land ''Teams, commonly abbreviated as the Navy SEALs, are the U.S. Navy's primary special operations force and a component of the Naval Special Warfare Command."", ""Among the SEALs' main functions are conducting small - unit maritime military operations that originate from, and return to, a river, ocean, swamp, delta, or coastline.""]}","Sea, Air, and Land","{'answer_em': 1.0, 'answer_f1': 1.0, 'answer_precision': 1.0, 'answer_recall': 1.0, 'support_f1': 0.0, 'support_precision': 0.0, 'support_recall': 0.0, 'accuracy': 1.0}"
4hop2__5206_14670_8987_8529,"When was ""Slavs"" used in the national anthem of the country whose military having the Air Defense Artillery was unprepared for the invasion of the country conquered by the Pact?","{'answer': '1943–1992', 'supporting_facts': [""The multi-national Communist armed forces' sole joint action was the Warsaw Pact invasion of Czechoslovakia in August 1968."", 'The army is also divided into major branches such as Air Defense Artillery, Infantry, Aviation, Signal Corps, Corps of Engineers, and Armor.', ""The word 'Slavs' was used in the national anthem of the Slovak Republic (1939–1945), Yugoslavia (1943–1992) and the Federal Republic of Yugoslavia (1992–2003), later Serbia and Montenegro (2003–2006).""]}",1943–1992,"{'answer_em': 1.0, 'answer_f1': 1.0, 'answer_precision': 1.0, 'answer_recall': 1.0, 'support_f1': 0.0, 'support_precision': 0.0, 'support_recall': 0.0, 'accuracy': 1.0}"
3hop2__103889_30152_20999,How were the people that the Ajuran Empire declared independence from by minting coins expelled from Zaw Win Thet's country?,"{'answer': 'The Portuguese were expelled from Myanmar during the Restored Toungoo Dynasty in 1613.', 'supporting_facts': ['The Somali Muslim Ajuran Empire, allied with the Ottomans, defied the Portuguese economic monopoly in the Indian Ocean by employing a new coinage which followed the Ottoman pattern, thus proclaiming an attitude of economic independence in regard to the Portuguese.', 'The dynasty regrouped and defeated the Portuguese in 1613 and Siam in 1614.']}",The dynasty regrouped and defeated the Portuguese,"{'answer_em': 0.0, 'answer_f1': 0.25000000000000006, 'answer_precision': 0.18181818181818182, 'answer_recall': 0.4, 'support_f1': 0.0, 'support_precision': 0.0, 'support_recall': 0.0, 'accuracy': 0.25000000000000006}"
2hop__706038_14251,What line by a cast member of Birds of Feather is believed to have started the archie nickname?,"{'answer': 'Archibald, certainly not!', 'supporting_facts': ['Nicknames for anti-aircraft guns include AA, AAA or triple-A, an abbreviation of anti-aircraft artillery; ""ack-ack"" (from the spelling alphabet used by the British for voice transmission of ""AA""); and archie (a World War I British term probably coined by Amyas Borton and believed to derive via the Royal Flying Corps from the music-hall comedian George Robey\'s line ""Archibald, certainly not!"")']}","""Archibald, certainly not!""","{'answer_em': 1.0, 'answer_f1': 1.0, 'answer_precision': 1.0, 'answer_recall': 1.0, 'support_f1': 0.0, 'support_precision': 0.0, 'support_recall': 0.0, 'accuracy': 1.0}"
