item_id,question,prediction,ground_truth,metrics
2hop__44815_494136,Who is the spouse of the actor of Ethan in A Dog's Purpose?,"{'answer': 'Not specified in the context', 'supporting_facts': ['Dennis Quaid as Ethan Montgomery (adult) KJ Apa as teenage Ethan Montgomery Bryce Gheisar as eight - year old Ethan Montgomery', 'KJ Apa (born 17 June 1997) is a New Zealand actor.', 'There is no information provided in the context about the spouses of Dennis Quaid, KJ Apa, or Bryce Gheisar.']}",Meg Ryan,"{'answer_em': 0.0, 'answer_f1': 0.0, 'answer_precision': 0.0, 'answer_recall': 0.0, 'support_f1': 0.0, 'support_precision': 0.0, 'support_recall': 0.0, 'accuracy': 0.0}"
2hop__640262_122868,What university did the author of 1967: The Last Good Year attend?,"{'answer': 'University of British Columbia', 'supporting_facts': ['Like his father, Pierre Berton worked in Klondike mining camps during his years as a history major at the University of British Columbia, where he also worked on the student paper ""The Ubyssey"".']}",University of British Columbia,"{'answer_em': 1.0, 'answer_f1': 1.0, 'answer_precision': 1.0, 'answer_recall': 1.0, 'support_f1': 0.0, 'support_precision': 0.0, 'support_recall': 0.0, 'accuracy': 1.0}"
2hop__370564_71701,What year did the japanese get to the current administrative territorial entity of the Century Lotus Stadium and the rest of the guangdong province?,"{'answer': 'By the end of November', 'supporting_facts': ['Century Lotus Stadium is a multi-purpose stadium in Foshan, China.', 'By November 5 had taken the city of Foshan.', 'By the end of November, the entire province was under Japanese control.']}",November 5,"{'answer_em': 0.0, 'answer_f1': 0.3333333333333333, 'answer_precision': 0.25, 'answer_recall': 0.5, 'support_f1': 0.0, 'support_precision': 0.0, 'support_recall': 0.0, 'accuracy': 0.3333333333333333}"
2hop__6827_79845,How many atms does the bank that bought FleetBoston Financial has are there?,"{'answer': '15,900', 'supporting_facts': ['In 2004, Bank of America announced it would purchase Boston - based bank FleetBoston Financial for $47 billion in cash and stock.', 'It has a retail banking footprint that serves approximately 46 million consumer and small business relationships at 4,600 banking centers and 15,900 automated teller machines (ATMs).']}","15,900","{'answer_em': 1.0, 'answer_f1': 1.0, 'answer_precision': 1.0, 'answer_recall': 1.0, 'support_f1': 0.0, 'support_precision': 0.0, 'support_recall': 0.0, 'accuracy': 1.0}"
3hop2__90098_156850_10557,"What was the form of the language that the last name Sylvester comes from, used in the era of Fastrada's spouse, later known as?",{'answer': 'Error: Failed to parse final JSON.'},Medieval Latin,"{'answer_em': 0.0, 'answer_f1': 0.0, 'answer_precision': 0.0, 'answer_recall': 0.0, 'support_f1': 0.0, 'support_precision': 0.0, 'support_recall': 0.0, 'error': 1}"
2hop__488811_30110,What happened to the Curonians who lived in the area where Erich Zakowski was born?,{'answer': 'Error: Failed to parse final JSON.'},expelled by the Soviet Union,"{'answer_em': 0.0, 'answer_f1': 0.0, 'answer_precision': 0.0, 'answer_recall': 0.0, 'support_f1': 0.0, 'support_precision': 0.0, 'support_recall': 0.0, 'error': 1}"
2hop__17827_54024,Which king sold part of the Crown Freehold and commissioned a bible translation?,{'answer': 'Error: Failed to parse final JSON.'},King James I of England,"{'answer_em': 0.0, 'answer_f1': 0.0, 'answer_precision': 0.0, 'answer_recall': 0.0, 'support_f1': 0.0, 'support_precision': 0.0, 'support_recall': 0.0, 'error': 1}"
2hop__752214_639679,Who is the spouse of the author of Queen of the Elephants?,"{'answer': 'No information available in the context', 'supporting_facts': ['Queen of the Elephants is a book written by the conservationist and travel writer Mark Shand and the corresponding BBC documentary ""Queen of the Elephants"", based on the life of the first female mahout in recent times—Parbati Barua of Kaziranga.']}",Clio Goldsmith,"{'answer_em': 0.0, 'answer_f1': 0.0, 'answer_precision': 0.0, 'answer_recall': 0.0, 'support_f1': 0.0, 'support_precision': 0.0, 'support_recall': 0.0, 'accuracy': 0.0}"
2hop__810884_22402,How many students attend the university that Edith Humphrey was educated?,"{'answer': 'nearly 25,000', 'supporting_facts': ['Edith Ellen Humphrey (11 September 1875 – 25 February 1978) was a British inorganic chemist who carried out pioneering work in co-ordination chemistry at the University of Zurich under Alfred Werner.', 'The biggest university in Switzerland is the University of Zurich with nearly 25,000 students.']}","nearly 25,000","{'answer_em': 1.0, 'answer_f1': 1.0, 'answer_precision': 1.0, 'answer_recall': 1.0, 'support_f1': 0.0, 'support_precision': 0.0, 'support_recall': 0.0, 'accuracy': 1.0}"
4hop1__341777_508773_85832_745702,"Who was the child of the Italian navigator who sailed for England, and explored the eastern coast of the continent where the birthplace of Eduardo Cuervo is found?",{'answer': 'Error: Failed to parse final JSON.'},Sebastian Cabot,"{'answer_em': 0.0, 'answer_f1': 0.0, 'answer_precision': 0.0, 'answer_recall': 0.0, 'support_f1': 0.0, 'support_precision': 0.0, 'support_recall': 0.0, 'error': 1}"
3hop2__132957_222979_40768,"When did Nissan, the Acura Legend maker and the Scion owner open US assembly plants?",{'answer': 'Error: Failed to parse final JSON.'},1981,"{'answer_em': 0.0, 'answer_f1': 0.0, 'answer_precision': 0.0, 'answer_recall': 0.0, 'support_f1': 0.0, 'support_precision': 0.0, 'support_recall': 0.0, 'error': 1}"
2hop__62311_62279,When did Germany launch an air attack on the country the U.S. fought during the American Revolution?,{'answer': 'Error: Failed to parse final JSON.'},10 July -- 31 October 1940,"{'answer_em': 0.0, 'answer_f1': 0.0, 'answer_precision': 0.0, 'answer_recall': 0.0, 'support_f1': 0.0, 'support_precision': 0.0, 'support_recall': 0.0, 'error': 1}"
3hop1__365934_87694_124169,What date did the Governor of the city where the basilica named after the same saint as the one that Mantua Cathedral is dedicated to end?,{'answer': 'Error: Failed to parse final JSON.'},1952,"{'answer_em': 0.0, 'answer_f1': 0.0, 'answer_precision': 0.0, 'answer_recall': 0.0, 'support_f1': 0.0, 'support_precision': 0.0, 'support_recall': 0.0, 'error': 1}"
2hop__409166_152023,"What record label is responsible for the performer of ""Sanctuary""?","{'answer': 'Real World label', 'supporting_facts': [""Sanctuary is the twenty third studio album by American singer and harpist Charlie Musselwhite. It was released in 2004 on Peter Gabriel's Real World label, Musselwhite's debut release on this label.""]}",Kicking Mule Records,"{'answer_em': 0.0, 'answer_f1': 0.0, 'answer_precision': 0.0, 'answer_recall': 0.0, 'support_f1': 0.0, 'support_precision': 0.0, 'support_recall': 0.0, 'accuracy': 0.0}"
3hop1__857_846_7821,How many miles of highways are in the city where the Yongle emperor greeted the person to whom the edict was addressed?,"{'answer': '140 mi', 'supporting_facts': ['Inside the city of Nanjing, there are 230 km (140 mi) of highways, with a highway coverage density of 3.38 kilometres per hundred square kilometrs (5.44 mi/100 sq mi).', 'The Yongle Emperor came out of the palace in Nanjing to greet the Karmapa and did not require him to kowtow like a tributary vassal.']}",140 mi,"{'answer_em': 1.0, 'answer_f1': 1.0, 'answer_precision': 1.0, 'answer_recall': 1.0, 'support_f1': 0.0, 'support_precision': 0.0, 'support_recall': 0.0, 'accuracy': 1.0}"
3hop1__19768_19788_10117,"Widely practiced in the region having the second largest rain-forest in the world, how long ago did this religion arrive in Zhejiang?","{'answer': '400 years ago for Catholicism, 150 years ago for Protestantism, and 1,400 years ago for Islam', 'supporting_facts': ['The rain forest is the second largest on earth (with the Amazon being the largest).', 'Catholicism arrived 400 years ago in the province and Protestantism 150 years ago.', 'Islam arrived 1,400 years ago in Zhejiang.']}","1,400 years","{'answer_em': 0.0, 'answer_f1': 0.2222222222222222, 'answer_precision': 0.125, 'answer_recall': 1.0, 'support_f1': 0.0, 'support_precision': 0.0, 'support_recall': 0.0, 'accuracy': 0.2222222222222222}"
2hop__703767_37168,Where does the employer of Hasan Hanafi rank according to QS World University Rankings?,"{'answer': '551-600', 'supporting_facts': ['Hassan Hanafi (حسن حنفی) (born 1935 in Cairo, Egypt) is a professor and chairs the philosophy department at Cairo University.', 'Cairo University is ranked as 401-500 according to the Academic Ranking of World Universities (Shanghai Ranking) and 551-600 according to QS World University Rankings.']}",551-600,"{'answer_em': 1.0, 'answer_f1': 1.0, 'answer_precision': 1.0, 'answer_recall': 1.0, 'support_f1': 0.0, 'support_precision': 0.0, 'support_recall': 0.0, 'accuracy': 1.0}"
2hop__56851_343058,Who is the spouse of the actress who played the fairy god mother in Shrek 2?,{'answer': 'Error: Failed to parse final JSON.'},Adrian Edmondson,"{'answer_em': 0.0, 'answer_f1': 0.0, 'answer_precision': 0.0, 'answer_recall': 0.0, 'support_f1': 0.0, 'support_precision': 0.0, 'support_recall': 0.0, 'error': 1}"
3hop2__30152_105395_20999,"How were the people that the Somali Muslim Ajuran Empire made coins to proclaim independence from, expelled from the country where Star Cola is produced?","{'answer': 'The Portuguese were expelled during a dynasty regrouping in 1613.', 'supporting_facts': ['The Somali Muslim Ajuran Empire, allied with the Ottomans, defied the Portuguese economic monopoly in the Indian Ocean by employing a new coinage which followed the Ottoman pattern, thus proclaiming an attitude of economic independence in regard to the Portuguese.', 'The dynasty regrouped and defeated the Portuguese in 1613 and Siam in 1614.', 'Star Cola is a cola drink produced in Myanmar.']}",The dynasty regrouped and defeated the Portuguese,"{'answer_em': 0.0, 'answer_f1': 0.3076923076923077, 'answer_precision': 0.25, 'answer_recall': 0.4, 'support_f1': 0.0, 'support_precision': 0.0, 'support_recall': 0.0, 'accuracy': 0.3076923076923077}"
2hop__42747_83837,Who sings Home Alone Tonight with the singer of Light It Up?,"{'answer': 'Karen Fairchild', 'supporting_facts': ['Light It Up is a song by American country music artist Luke Bryan.', 'Home Alone Tonight is a song recorded by American country music artist Luke Bryan as a duet with Karen Fairchild of American country music group Little Big Town for his fifth studio album, Kill the Lights (2015).']}",Karen Fairchild,"{'answer_em': 1.0, 'answer_f1': 1.0, 'answer_precision': 1.0, 'answer_recall': 1.0, 'support_f1': 0.0, 'support_precision': 0.0, 'support_recall': 0.0, 'accuracy': 1.0}"
2hop__511176_22458,What does the acronym of the organization Danish Football Union is part of stand for?,"{'answer': 'UEFA', 'supporting_facts': ['The Denmark national futsal team is controlled by the Danish Football Association, the governing body for futsal in Denmark and represents the country in international futsal competitions, such as the FIFA Futsal World Cup and UEFA Futsal Championship.']}",International Federation of Association Football,"{'answer_em': 0.0, 'answer_f1': 0.0, 'answer_precision': 0.0, 'answer_recall': 0.0, 'support_f1': 0.0, 'support_precision': 0.0, 'support_recall': 0.0, 'accuracy': 0.0}"
2hop__83800_747874,Who's the sibling of the player who won the men's wimbledon championship 2016?,"{'answer': 'Jamie Murray', 'supporting_facts': ['Andy Murray and Jamie Murray were the defending champions but decided to participate at Basel instead.', ""The Gentlemen's Singles title was won by Andy Murray.""]}",Jamie Murray,"{'answer_em': 1.0, 'answer_f1': 1.0, 'answer_precision': 1.0, 'answer_recall': 1.0, 'support_f1': 0.0, 'support_precision': 0.0, 'support_recall': 0.0, 'accuracy': 1.0}"
2hop__83257_19033,Where did the inventor of the Money in the Bank ladder match win in 2008?,"{'answer': 'Not specified in the context', 'supporting_facts': ['The first match was contested in 2005 at WrestleMania 21, after being invented (in kayfabe) by Chris Jericho.', 'At the PPV, Kane won the SmackDown Money in the Bank match.', 'There is no information in the context about Chris Jericho participating in or winning a Money in the Bank ladder match in 2008.']}",Great American Bash,"{'answer_em': 0.0, 'answer_f1': 0.0, 'answer_precision': 0.0, 'answer_recall': 0.0, 'support_f1': 0.0, 'support_precision': 0.0, 'support_recall': 0.0, 'accuracy': 0.0}"
2hop__55966_162341,What kind of recognition did the actor who played the game maker in hunger games receive?,"{'answer': 'Academy Award nomination for Best Supporting Actor', 'supporting_facts': ['Hoffman was nominated for an Academy Award for Best Supporting Actor.']}",nominated for an Academy Award for Best Supporting Actor,"{'answer_em': 0.0, 'answer_f1': 0.7999999999999999, 'answer_precision': 0.8571428571428571, 'answer_recall': 0.75, 'support_f1': 0.0, 'support_precision': 0.0, 'support_recall': 0.0, 'accuracy': 0.7999999999999999}"
2hop__754753_57816,What is the U.S. News ranking of the law school at Carlos Alvarez's employer?,"{'answer': '100', 'supporting_facts': ['Carlos Manuel Alvarez (born 1944) is an associate professor of educational leadership and policy studies at Florida International University who, along with his second wife Elsa, was charged in January 2006 with treason.', ""The 2017 U.S. News & World Report's ``Best Law School Rankings ''ranked the FIU College of Law at 100 in the United States.""]}",100,"{'answer_em': 1.0, 'answer_f1': 1.0, 'answer_precision': 1.0, 'answer_recall': 1.0, 'support_f1': 0.0, 'support_precision': 0.0, 'support_recall': 0.0, 'accuracy': 1.0}"
3hop1__127837_157828_239539,Where is the headquarters of the Radio Television of the country that has a co-official language in the language that Kuhinjica is in?,{'answer': 'Error: Failed to parse final JSON.'},Pristina,"{'answer_em': 0.0, 'answer_f1': 0.0, 'answer_precision': 0.0, 'answer_recall': 0.0, 'support_f1': 0.0, 'support_precision': 0.0, 'support_recall': 0.0, 'error': 1}"
3hop1__102461_24918_24991,What went down after the Soviet President visiting the the birth country of Andrey Dashkov while the protests were taking place departed from the Kremlin?,{'answer': 'Error: Failed to parse final JSON.'},Soviet flag,"{'answer_em': 0.0, 'answer_f1': 0.0, 'answer_precision': 0.0, 'answer_recall': 0.0, 'support_f1': 0.0, 'support_precision': 0.0, 'support_recall': 0.0, 'error': 1}"
2hop__612719_6455,What was the resulting browser of the group that owns Mozilla Messaging?,"{'answer': 'Mozilla Thunderbird', 'supporting_facts': ['Mozilla Messaging (abbreviated MoMo) was a wholly owned, for-profit subsidiary of the non-profit Mozilla Foundation.', 'Its main focus was developing Mozilla Thunderbird, the e-mail client developed by the Mozilla Foundation.']}",Firefox,"{'answer_em': 0.0, 'answer_f1': 0.0, 'answer_precision': 0.0, 'answer_recall': 0.0, 'support_f1': 0.0, 'support_precision': 0.0, 'support_recall': 0.0, 'accuracy': 0.0}"
2hop__30905_189318,Where did the person who sponsored the resolution to reopen trade with Vietnam along with Kerry go to college?,"{'answer': 'United States Naval Academy', 'supporting_facts': ['In 1994 the Senate passed a resolution, sponsored by Kerry and fellow Vietnam veteran John McCain, that called for an end to the existing trade embargo against Vietnam; it was intended to pave the way for normalization.', 'The Code of Conduct and the Vietnam War is a report from an individual research project conducted by John McCain, Commander, United States Navy, at the National War College.']}",National War College,"{'answer_em': 0.0, 'answer_f1': 0.0, 'answer_precision': 0.0, 'answer_recall': 0.0, 'support_f1': 0.0, 'support_precision': 0.0, 'support_recall': 0.0, 'accuracy': 0.0}"
2hop__776377_857193,What is the mouth of watercourse for the body of water where Bartram's Covered Bridge is located?,"{'answer': 'Delaware River', 'supporting_facts': [""Bartram's Covered Bridge, a historic covered bridge built in 1860, uses a Burr Truss design and carried Goshen Road over Crum Creek on the border between Delaware County and Chester County, Pennsylvania."", 'Crum Creek (from the Dutch, meaning ""crooked creek"") is a creek in Delaware County and Chester County, Pennsylvania, flowing approximately , generally in a southward direction and draining into the Delaware River in Eddystone, Pennsylvania.']}",Delaware River,"{'answer_em': 1.0, 'answer_f1': 1.0, 'answer_precision': 1.0, 'answer_recall': 1.0, 'support_f1': 0.0, 'support_precision': 0.0, 'support_recall': 0.0, 'accuracy': 1.0}"
2hop__411091_625230,In which county is Mark Dismore's birthplace located?,{'answer': 'Error: Failed to parse final JSON.'},Hancock County,"{'answer_em': 0.0, 'answer_f1': 0.0, 'answer_precision': 0.0, 'answer_recall': 0.0, 'support_f1': 0.0, 'support_precision': 0.0, 'support_recall': 0.0, 'error': 1}"
4hop2__160585_14670_8987_8529,"A country's military branch, which in the US contains the Air Defense Artillery, was unprepared for the invasion of Hana Mandlikova's birth country. When was the word ""Slavs"" used in the national anthem of the unprepared country?",{'answer': 'Error: Failed to parse final JSON.'},1943–1992,"{'answer_em': 0.0, 'answer_f1': 0.0, 'answer_precision': 0.0, 'answer_recall': 0.0, 'support_f1': 0.0, 'support_precision': 0.0, 'support_recall': 0.0, 'error': 1}"
3hop1__28404_160713_77246,What is the meaning of the word that is also a majority religion in what became India when the country that disavowed the Taliban was created in the Arabic dictionary?,"{'answer': 'a large body of water', 'supporting_facts': [""The word Hindu is derived from the Indo - Aryan and Sanskrit word Sindhu, which means ``a large body of water '', covering`` river, ocean''."", 'Pakistan was also engaged in the War in North-West Pakistan (Waziristan War). Supported by U.S. intelligence, Pakistan was attempting to remove the Taliban insurgency and al-Qaeda element from the northern tribal areas.', 'The Arabic equivalent Al - Hind likewise referred to the country of India.']}",the country of India,"{'answer_em': 0.0, 'answer_f1': 0.28571428571428575, 'answer_precision': 0.25, 'answer_recall': 0.3333333333333333, 'support_f1': 0.0, 'support_precision': 0.0, 'support_recall': 0.0, 'accuracy': 0.28571428571428575}"
2hop__8496_21567,Who introduced a system of musical notation used during the 14th century in the place where there is no evidence of a Slavic settlement before c. 600 AD?,"{'answer': 'John Kukuzelis', 'supporting_facts': ['The earliest mentions of Slavic raids across the lower River Danube may be dated to the first half of the 6th century, yet no archaeological evidence of a Slavic settlement in the Balkans could be securely dated before c. 600 AD.', 'Prominent reformer of Orthodox Church music from the first half of 14th century was John Kukuzelis; he also introduced a system of notation widely used in the Balkans in the following centuries.']}",John Kukuzelis,"{'answer_em': 1.0, 'answer_f1': 1.0, 'answer_precision': 1.0, 'answer_recall': 1.0, 'support_f1': 0.0, 'support_precision': 0.0, 'support_recall': 0.0, 'accuracy': 1.0}"
2hop__70338_36240,"What specific part of the book where the quote ""by the skin of your teeth"" comes from document reference for Mary?","{'answer': 'Job 19:20', 'supporting_facts': [""In Job 19: 20, the King James Version of the Bible says, ``My bone cleaveth to my skin and to my flesh, and I am escaped with the skin of my teeth. ''"", ""In the Geneva Bible, the phrase is rendered as`` I have escaped with the skinne of my tethe.''""]}",Genesis 3:15,"{'answer_em': 0.0, 'answer_f1': 0.0, 'answer_precision': 0.0, 'answer_recall': 0.0, 'support_f1': 0.0, 'support_precision': 0.0, 'support_recall': 0.0, 'accuracy': 0.0}"
2hop__275891_55984,Who wrote the song The Story that is sung by the performer of Rhapsody Originals?,"{'answer': 'Phil Hanseroth', 'supporting_facts': ['The Story is a song released as a single by American folk rock singer Brandi Carlile, written by Phil Hanseroth, from her 2007 album The Story.', 'Rhapsody Originals is an exclusive EP by Brandi Carlile recorded in 2007 for Rhapsody featuring live version of four songs from her previous full-length album The Story.']}",Phil Hanseroth,"{'answer_em': 1.0, 'answer_f1': 1.0, 'answer_precision': 1.0, 'answer_recall': 1.0, 'support_f1': 0.0, 'support_precision': 0.0, 'support_recall': 0.0, 'accuracy': 1.0}"
3hop1__136129_87694_124169,What year did the Governor of the city where the basilica named after the same saint as the one that Mantua Cathedral is dedicated to die?,"{'answer': '1952', 'supporting_facts': ['The post of Governor of Vatican City (Governatore dello Stato della Città del Vaticano in Italian) was held by Marchese Camillo Serafini from the foundation of the state in 1929 until his death in 1952.']}",1952,"{'answer_em': 1.0, 'answer_f1': 1.0, 'answer_precision': 1.0, 'answer_recall': 1.0, 'support_f1': 0.0, 'support_precision': 0.0, 'support_recall': 0.0, 'accuracy': 1.0}"
4hop3__373866_5189_38229_86687,A group of nations of which the People's Socialist Republic of Albania was a member was controlled by one country. When did that country agree to a unified Germany inside of the organization Eisenhower would not discuss during the campaign?,{'answer': 'Error: Failed to parse final JSON.'},May 1990,"{'answer_em': 0.0, 'answer_f1': 0.0, 'answer_precision': 0.0, 'answer_recall': 0.0, 'support_f1': 0.0, 'support_precision': 0.0, 'support_recall': 0.0, 'error': 1}"
2hop__455158_247871,What county is the NRHEG High School located in?,"{'answer': 'Waseca County', 'supporting_facts': ['NRHEG High School is located in New Richland, Minnesota.', 'New Richland is a city in Waseca County, Minnesota, United States.']}",Waseca County,"{'answer_em': 1.0, 'answer_f1': 1.0, 'answer_precision': 1.0, 'answer_recall': 1.0, 'support_f1': 0.0, 'support_precision': 0.0, 'support_recall': 0.0, 'accuracy': 1.0}"
3hop1__131783_131926_13165,What treaty ceded territory to the US extending west to the body of water by the location of the Minikahda Club?,"{'answer': 'Louisiana Purchase', 'supporting_facts': ['The Minikahda Club is a golf club and course located in southwest Minneapolis, Minnesota, just west of Lake Calhoun.', ""Minneapolis lies on both banks of the Mississippi River, just north of the river's confluence with the Minnesota River"", 'The Louisiana Purchase ... included land from fifteen present U.S. states and two Canadian provinces']}",Treaty of Paris,"{'answer_em': 0.0, 'answer_f1': 0.0, 'answer_precision': 0.0, 'answer_recall': 0.0, 'support_f1': 0.0, 'support_precision': 0.0, 'support_recall': 0.0, 'accuracy': 0.0}"
2hop__123214_22402,How many students attend Daniel Thürer's university?,"{'answer': 'nearly 25,000', 'supporting_facts': ['Daniel Thürer (born 6 June 1945 in St. Gallen) is a Swiss jurist and professor emeritus of international, comparative constitutional and European law at the University of Zurich.', 'The biggest university in Switzerland is the University of Zurich with nearly 25,000 students.']}","nearly 25,000","{'answer_em': 1.0, 'answer_f1': 1.0, 'answer_precision': 1.0, 'answer_recall': 1.0, 'support_f1': 0.0, 'support_precision': 0.0, 'support_recall': 0.0, 'accuracy': 1.0}"
3hop1__358853_339990_15538,"When did the state, that contains the county where Raven Creek is located, reinstate the death penalty?","{'answer': 'The information is not available in the context for Pennsylvania, but Oregon reinstated the death penalty in 1984', 'supporting_facts': ['Raven Creek is a tributary of Fishing Creek in Columbia County, Pennsylvania, in the United States.', 'Oregon abolished the death penalty through an overwhelming majority in a 1964 public referendum but reinstated it in a 1984 joint death penalty/life imprisonment referendum by an even higher margin after a similar 1978 referendum succeeded but was not implemented due to judicial rulings.']}",1984,"{'answer_em': 0.0, 'answer_f1': 0.125, 'answer_precision': 0.06666666666666667, 'answer_recall': 1.0, 'support_f1': 0.0, 'support_precision': 0.0, 'support_recall': 0.0, 'accuracy': 0.125}"
2hop__552546_70131,Who constituted the free corps in the country that the Free State of Mecklenburg-Schwerin is located in?,{'answer': 'Error: Failed to parse final JSON.'},consisting largely of World War I veterans,"{'answer_em': 0.0, 'answer_f1': 0.0, 'answer_precision': 0.0, 'answer_recall': 0.0, 'support_f1': 0.0, 'support_precision': 0.0, 'support_recall': 0.0, 'error': 1}"
2hop__67956_463572,What record label does the artist who sang you belong to me belong to?,"{'answer': 'Epic Records', 'supporting_facts': ['“I Belong to Me” is a song by American recording artist Jessica Simpson from her fifth studio album, ""A Public Affair"".', 'It was released on September 26, 2006 by Epic Records, as the second single from the album.']}",MGM Records,"{'answer_em': 0.0, 'answer_f1': 0.5, 'answer_precision': 0.5, 'answer_recall': 0.5, 'support_f1': 0.0, 'support_precision': 0.0, 'support_recall': 0.0, 'accuracy': 0.5}"
2hop__418360_67370,When does real time with the author of The New New Rules start again in 2018,"{'answer': 'January 19, 2018', 'supporting_facts': ['The New New Rules: A Funny Look At How Everybody But Me Has Their Head Up Their Ass is a book by Bill Maher.', '16 TBA January 19, 2018 (2018 - 01 - 19) TBA']}","January 19, 2018","{'answer_em': 1.0, 'answer_f1': 1.0, 'answer_precision': 1.0, 'answer_recall': 1.0, 'support_f1': 0.0, 'support_precision': 0.0, 'support_recall': 0.0, 'accuracy': 1.0}"
2hop__73921_807969,The BBC Footballer of the Year is a member of which team?,"{'answer': 'No specific team mentioned', 'supporting_facts': ['BBC African Footballer of the Year Presented by BBC World Service First awarded 1992 Currently held by Mohamed Salah Television / radio coverage Network BBC']}",Egypt national football team,"{'answer_em': 0.0, 'answer_f1': 0.25, 'answer_precision': 0.25, 'answer_recall': 0.25, 'support_f1': 0.0, 'support_precision': 0.0, 'support_recall': 0.0, 'accuracy': 0.25}"
3hop1__139787_88110_77129,What was the first OS to support Hyper-V from the company the letters MS stands for in the network that broadcasts Buchanan & Press?,{'answer': 'Error: Failed to parse final JSON.'},Windows 8,"{'answer_em': 0.0, 'answer_f1': 0.0, 'answer_precision': 0.0, 'answer_recall': 0.0, 'support_f1': 0.0, 'support_precision': 0.0, 'support_recall': 0.0, 'error': 1}"
2hop__141456_6455,What was the resulting browser for the company Mozilla Messaging is a part of?,"{'answer': 'Thunderbird', 'supporting_facts': ['Mozilla Messaging (abbreviated MoMo) was a wholly owned, for-profit subsidiary of the non-profit Mozilla Foundation.', 'Its main focus was developing Mozilla Thunderbird, the e-mail client developed by the Mozilla Foundation.']}",Firefox,"{'answer_em': 0.0, 'answer_f1': 0.0, 'answer_precision': 0.0, 'answer_recall': 0.0, 'support_f1': 0.0, 'support_precision': 0.0, 'support_recall': 0.0, 'accuracy': 0.0}"
3hop2__326964_7855_7713,How long had the city considered to be a place that is popular with tourists been the capital city of the location of the Yaxing Coach headquarters?,"{'answer': 'About 400 years from late Han to early Tang', 'supporting_facts': ['Yaxing Coach (Yangzhou Yaxing Motor Coach Co., Ltd) is a bus manufacturer based in Yangzhou, Jiangsu, China.', 'Nanjing was later the capital city of Danyang Prefecture, and had been the capital city of Yangzhou for about 400 years from late Han to early Tang.']}",about 400 years,"{'answer_em': 0.0, 'answer_f1': 0.5, 'answer_precision': 0.3333333333333333, 'answer_recall': 1.0, 'support_f1': 0.0, 'support_precision': 0.0, 'support_recall': 0.0, 'accuracy': 0.5}"
4hop1__436202_765799_282674_759393,What is the seat of the county sharing a border with the county in which J. P. Hayes was born?,{'answer': 'Error: Failed to parse final JSON.'},Green Bay,"{'answer_em': 0.0, 'answer_f1': 0.0, 'answer_precision': 0.0, 'answer_recall': 0.0, 'support_f1': 0.0, 'support_precision': 0.0, 'support_recall': 0.0, 'error': 1}"
3hop1__389069_132457_47686,"Where do greyhound buses depart from, in the city where the performer of Sleep Is the Enemy was formed?","{'answer': 'Toronto Coach Terminal', 'supporting_facts': ['Danko Jones is a Canadian rock trio from Toronto, Ontario.', 'Sleep Is The Enemy is the third studio album by Canadian rock band Danko Jones.', 'The Toronto Coach Terminal is the central bus station for inter-city services in Toronto, Ontario, Canada.', 'The TTC managed the station directly until July 8, 2012, when it was leased out in its entirety to bus lines Coach Canada and Greyhound Canada for $1.2 million annually.']}",Toronto Coach Terminal,"{'answer_em': 1.0, 'answer_f1': 1.0, 'answer_precision': 1.0, 'answer_recall': 1.0, 'support_f1': 0.0, 'support_precision': 0.0, 'support_recall': 0.0, 'accuracy': 1.0}"
2hop__90773_715759,What was the inventor of the atomic bomb trigger a participant in?,{'answer': 'Error: Failed to parse final JSON.'},Manhattan Project,"{'answer_em': 0.0, 'answer_f1': 0.0, 'answer_precision': 0.0, 'answer_recall': 0.0, 'support_f1': 0.0, 'support_precision': 0.0, 'support_recall': 0.0, 'error': 1}"
2hop__135652_669373,Who is the employer of the physicist who Mach number is named after?,"{'answer': ""None mentioned in the context for Ernst Mach's employer, but Ernst Mach was an employer of Vinko Dvořák"", 'supporting_facts': ['He studied mathematics and physics at the Charles University in Prague, and after graduating he became an assistant to professor Ernst Mach.']}",Charles University,"{'answer_em': 0.0, 'answer_f1': 0.0, 'answer_precision': 0.0, 'answer_recall': 0.0, 'support_f1': 0.0, 'support_precision': 0.0, 'support_recall': 0.0, 'accuracy': 0.0}"
2hop__6736_6733,To what division does the place where the most speakers are found belong?,"{'answer': 'Central Catalan', 'supporting_facts': ['Central Catalan is considered the standard pronunciation of the language and has the highest number of speakers.']}",Eastern block,"{'answer_em': 0.0, 'answer_f1': 0.0, 'answer_precision': 0.0, 'answer_recall': 0.0, 'support_f1': 0.0, 'support_precision': 0.0, 'support_recall': 0.0, 'accuracy': 0.0}"
4hop1__58323_375563_161848_83118,When does daylight savings end in the country near the country where the author of The Book Thief is from?,"{'answer': 'The first Sunday in April', 'supporting_facts': ['The Book Thief is a 2013 World War II war drama film directed by Brian Percival and starring Geoffrey Rush, Emily Watson, and Sophie Nélisse. The film is based on the 2005 novel The Book Thief by Markus Zusak', 'During summer months -- from the last Sunday in September until the first Sunday in April -- daylight saving time is observed and clocks are advanced one hour.']}",the first Sunday in April,"{'answer_em': 1.0, 'answer_f1': 1.0, 'answer_precision': 1.0, 'answer_recall': 1.0, 'support_f1': 0.0, 'support_precision': 0.0, 'support_recall': 0.0, 'accuracy': 1.0}"
4hop3__524186_219173_862998_72134,When did the city where Hillcrest High School is located become capitol of the state where the screenwriter of The Poor Boob was born?,{'answer': 'Error: Failed to parse final JSON.'},1839,"{'answer_em': 0.0, 'answer_f1': 0.0, 'answer_precision': 0.0, 'answer_recall': 0.0, 'support_f1': 0.0, 'support_precision': 0.0, 'support_recall': 0.0, 'error': 1}"
3hop1__354480_834494_34109,What is the administrative territorial entity that contains the location of Eric Marcus Municipal Airport PBS station?,"{'answer': 'Pima County', 'supporting_facts': ['Eric Marcus Municipal Airport is a county-owned, public-use airport in Pima County, Arizona, United States.', 'Pima County Natural Resources, Parks and Recreation is the agency within Pima County, Arizona that manages the natural resources, parks, and recreation offerings within Pima County including Tucson, AZ.']}",KUAT-TV 6,"{'answer_em': 0.0, 'answer_f1': 0.0, 'answer_precision': 0.0, 'answer_recall': 0.0, 'support_f1': 0.0, 'support_precision': 0.0, 'support_recall': 0.0, 'accuracy': 0.0}"
2hop__354635_174222,What company succeeded the owner of Empire Sports Network?,"{'answer': 'Windjammer Communications and Time Warner Cable', 'supporting_facts': ['Windjammer Cable is a small cable company formed by the sale of 25 systems that served 80,000 customers in rural areas that Time Warner Cable acquired from the bankrupt Adelphia.', 'Empire Sports Network was an American regional sports network that was owned by the Adelphia Communications Corporation.']}",Time Warner Cable,"{'answer_em': 0.0, 'answer_f1': 0.6666666666666666, 'answer_precision': 0.5, 'answer_recall': 1.0, 'support_f1': 0.0, 'support_precision': 0.0, 'support_recall': 0.0, 'accuracy': 0.6666666666666666}"
4hop3__678814_466199_695123_72134,When did the town WIZE is licensed in become capitol of the state where Stoney Creek Township is located?,{'answer': 'Error: Failed to parse final JSON.'},1839,"{'answer_em': 0.0, 'answer_f1': 0.0, 'answer_precision': 0.0, 'answer_recall': 0.0, 'support_f1': 0.0, 'support_precision': 0.0, 'support_recall': 0.0, 'error': 1}"
2hop__83405_158262,When did the president of the Confederate States of America end his fight in the Mexican-American war?,{'answer': 'Error: Failed to parse final JSON.'},1848,"{'answer_em': 0.0, 'answer_f1': 0.0, 'answer_precision': 0.0, 'answer_recall': 0.0, 'support_f1': 0.0, 'support_precision': 0.0, 'support_recall': 0.0, 'error': 1}"
2hop__60001_512508,What did the person who discovered that all atoms of an element have the same number of protons participate in?,{'answer': 'Error: Failed to parse final JSON.'},Manhattan Project,"{'answer_em': 0.0, 'answer_f1': 0.0, 'answer_precision': 0.0, 'answer_recall': 0.0, 'support_f1': 0.0, 'support_precision': 0.0, 'support_recall': 0.0, 'error': 1}"
2hop__403712_793210,"Who is the father of Edward Baring, 1st Baron Revelstoke's father?","{'answer': 'Henry Baring', 'supporting_facts': ['Thomas Baring, known as ""Tom"", was the tenth child (fifth of second marriage) of Henry Baring of Cromer Hall, and younger full brother of Edward Baring, 1st Baron Revelstoke.']}","Sir Francis Baring, 1st Baronet","{'answer_em': 0.0, 'answer_f1': 0.28571428571428575, 'answer_precision': 0.5, 'answer_recall': 0.2, 'support_f1': 0.0, 'support_precision': 0.0, 'support_recall': 0.0, 'accuracy': 0.28571428571428575}"
3hop1__409517_547811_80702,What is the name of the famous bridge in the birth city of the composer of Scanderbeg?,{'answer': 'Error: Failed to parse final JSON.'},Rialto Bridge,"{'answer_em': 0.0, 'answer_f1': 0.0, 'answer_precision': 0.0, 'answer_recall': 0.0, 'support_f1': 0.0, 'support_precision': 0.0, 'support_recall': 0.0, 'error': 1}"
4hop1__433767_32392_823060_610794,In what county is located the city that shares a border with the capital of the state where Mike Dow was born?,"{'answer': 'Richland County', 'supporting_facts': ['Mike Dow was born in South Carolina and was raised as a foster child.', 'Forest Acres is a city in Richland County, South Carolina, United States.', 'Although the city lost the status of state capital to Columbia in 1786, Charleston became even more prosperous in the plantation-dominated economy of the post-Revolutionary years.', 'It is part of the Columbia, South Carolina, Metropolitan Statistical Area.']}",Richland County,"{'answer_em': 1.0, 'answer_f1': 1.0, 'answer_precision': 1.0, 'answer_recall': 1.0, 'support_f1': 0.0, 'support_precision': 0.0, 'support_recall': 0.0, 'accuracy': 1.0}"
4hop2__567956_39078_8987_8974,Normalization occurred in Country A that invaded Country B because the military branch was unprepared. Country B was the only communist country to have an embassy where?,"{'answer': 'Paraguay', 'supporting_facts': [""Yugoslavia was the only communist country allowed to have an embassy in Alfredo Stroessner's Paraguay."", 'Because of its neutrality, Yugoslavia would often be rare among Communist countries to have diplomatic relations with right-wing, anti-Communist governments.']}",Alfredo Stroessner's Paraguay,"{'answer_em': 0.0, 'answer_f1': 0.5, 'answer_precision': 1.0, 'answer_recall': 0.3333333333333333, 'support_f1': 0.0, 'support_precision': 0.0, 'support_recall': 0.0, 'accuracy': 0.5}"
2hop__689472_52835,Who wrote the song turn me on that is performed by performer of Feelin' the Same Way?,"{'answer': 'John D. Loudermilk', 'supporting_facts': [""Feelin' the Same Way is a name of a song by Norah Jones released on her debut album Come Away with Me."", ""Turn Me On ''Single by Norah Jones from the album First Sessions / Come Away with Me Released 2003 Format CD single Recorded 2002 Genre Jazz, pop Length 2: 34 Label Blue Note Songwriter (s) John D. Loudermilk Producer (s) Lee Alexander, Norah Jones""]}",John D. Loudermilk,"{'answer_em': 1.0, 'answer_f1': 1.0, 'answer_precision': 1.0, 'answer_recall': 1.0, 'support_f1': 0.0, 'support_precision': 0.0, 'support_recall': 0.0, 'accuracy': 1.0}"
2hop__820739_250752,Who is the sibling of the screenwriter of War of the Coprophages?,"{'answer': 'Glen Morgan', 'supporting_facts': ['""War of the Coprophages"" was Darin Morgan\'s third episode, after the second-season episode ""Humbug"" and season three\'s ""Clyde Bruckman\'s Final Repose"".', '""Blood"" was inspired by writer Glen Morgan\'s own hematophobia as well as controversy over malathion spraying in Southern California.']}",Glen Morgan,"{'answer_em': 1.0, 'answer_f1': 1.0, 'answer_precision': 1.0, 'answer_recall': 1.0, 'support_f1': 0.0, 'support_precision': 0.0, 'support_recall': 0.0, 'accuracy': 1.0}"
2hop__21104_16254,"By 1931, what percentage of the world's Jews were the group that represents at least 70% of Jews worldwide?","{'answer': '92 percent', 'supporting_facts': [""It is estimated that in the 11th century Ashkenazi Jews composed only three percent of the world's Jewish population, while at their peak in 1931 they accounted for 92 percent of the world's Jews."", 'Ashkenazi Jews represent the bulk of modern Jewry, with at least 70% of Jews worldwide (and up to 90% prior to World War II and the Holocaust).']}",92 percent,"{'answer_em': 1.0, 'answer_f1': 1.0, 'answer_precision': 1.0, 'answer_recall': 1.0, 'support_f1': 0.0, 'support_precision': 0.0, 'support_recall': 0.0, 'accuracy': 1.0}"
4hop1__726391_153080_33952_34053,What was the wettest year in the second largest city of the state where the Oh Yeah performer is from?,{'answer': 'Error: Failed to parse final JSON.'},1905,"{'answer_em': 0.0, 'answer_f1': 0.0, 'answer_precision': 0.0, 'answer_recall': 0.0, 'support_f1': 0.0, 'support_precision': 0.0, 'support_recall': 0.0, 'error': 1}"
2hop__374767_152023,What label is responsible for the performer of One Night in America?,"{'answer': 'Telarc', 'supporting_facts': [""One Night in America is the twenty first studio album by American blues singer and harmonica player Charlie Musselwhite. It was released in February 2002 on Telarc record label and it was Musselwhite's debut and only release on this label.""]}",Kicking Mule Records,"{'answer_em': 0.0, 'answer_f1': 0.0, 'answer_precision': 0.0, 'answer_recall': 0.0, 'support_f1': 0.0, 'support_precision': 0.0, 'support_recall': 0.0, 'accuracy': 0.0}"
4hop3__426860_88460_30152_20999,How were the same people who the Somali Muslim Ajuran Empire declared independence from expelled from the natural boundary between Thailand and the country where That Dam is found?,{'answer': 'Error: Failed to parse final JSON.'},The dynasty regrouped and defeated the Portuguese,"{'answer_em': 0.0, 'answer_f1': 0.0, 'answer_precision': 0.0, 'answer_recall': 0.0, 'support_f1': 0.0, 'support_precision': 0.0, 'support_recall': 0.0, 'error': 1}"
3hop1__79462_91850_685675,What team is the person who hit the first home run at the new stadium where the american league Wildcard game will be played a member of?,"{'answer': 'New York Yankees', 'supporting_facts': ['The 2017 American League Wild Card Game ... Venue Yankee Stadium City The Bronx, New York', 'Jorge Posada hit the first Yankee home run in the new ballpark hitting his off Lee in the same game.', 'Before the official Opening Day against the Cleveland Indians on April 16, 2009, the Yankees hosted a two - game exhibition series at the stadium in early April against the Chicago Cubs.']}",New York Yankees,"{'answer_em': 1.0, 'answer_f1': 1.0, 'answer_precision': 1.0, 'answer_recall': 1.0, 'support_f1': 0.0, 'support_precision': 0.0, 'support_recall': 0.0, 'accuracy': 1.0}"
2hop__289517_139339,What was the cast member in After Hours nominated for?,"{'answer': 'Griffin Dunne', 'supporting_facts': ['After Hours is a 1985 American black comedy film directed by Martin Scorsese, written by Joseph Minion, and starring Griffin Dunne with an ensemble cast.', 'In 1995, Griffin Dunne was nominated for an Academy Award for Best Live Action Short Film for ""Duke of Groove"", which he directed and co-wrote.']}",Academy Award for Best Live Action Short Film,"{'answer_em': 0.0, 'answer_f1': 0.0, 'answer_precision': 0.0, 'answer_recall': 0.0, 'support_f1': 0.0, 'support_precision': 0.0, 'support_recall': 0.0, 'accuracy': 0.0}"
4hop1__129721_32392_823060_610794,What county is the city that shares a border with the state capital of the state where Zubly Cemetery is located in?,"{'answer': 'Richland County', 'supporting_facts': ['Zubly Cemetery near Beech Island, South Carolina, which is a small community in Aiken County, South Carolina was established around 1790 by Swiss settlers of the nearby New Windsor Township.', 'Forest Acres is a city in Richland County, South Carolina, United States.', 'Forest Acres is part of the Columbia, South Carolina, Metropolitan Statistical Area.']}",Richland County,"{'answer_em': 1.0, 'answer_f1': 1.0, 'answer_precision': 1.0, 'answer_recall': 1.0, 'support_f1': 0.0, 'support_precision': 0.0, 'support_recall': 0.0, 'accuracy': 1.0}"
2hop__142842_68489,Who did the performer of Night Rocker play on Young and Restless?,"{'answer': 'Snapper Foster', 'supporting_facts': ['Night Rocker is the debut studio album by the American actor David Hasselhoff.', ""Snapper Foster is a fictional character on the CBS daytime soap opera The Young and the Restless. An original character since the show's inception, the role was played by William Gray Espy from March 26, 1973 to July 1975, and David Hasselhoff from 1975 to May 1982.""]}",Snapper Foster,"{'answer_em': 1.0, 'answer_f1': 1.0, 'answer_precision': 1.0, 'answer_recall': 1.0, 'support_f1': 0.0, 'support_precision': 0.0, 'support_recall': 0.0, 'accuracy': 1.0}"
2hop__80546_75184,Who played the girlfriend of the actor who played Marlene McFly in Back to the Future?,"{'answer': 'Claudia Wells and Elisabeth Shue', 'supporting_facts': [""Marty (Jr.) and Marlene McFly (both portrayed by Michael J. Fox) are Marty McFly and Jennifer Parker's future fraternal twin son and daughter in Part II."", 'The character was played by Claudia Wells in Back to the Future. However, Wells was not available to film the sequels for personal reasons, and the role was recast to Elisabeth Shue']}",Claudia Wells,"{'answer_em': 0.0, 'answer_f1': 0.5714285714285715, 'answer_precision': 0.4, 'answer_recall': 1.0, 'support_f1': 0.0, 'support_precision': 0.0, 'support_recall': 0.0, 'accuracy': 0.5714285714285715}"
2hop__323534_810083,Where was the author of Marcinkus born?,"{'answer': 'United States', 'supporting_facts': ['Tom Flannery (born July 12, 1966) is an American singer-songwriter and playwright from Scranton, Pennsylvania, United States.', 'Marcinkus is a one-man play, by American author Tom Flannery based on the life of Roman Catholic Archbishop Paul Marcinkus.']}",Scranton,"{'answer_em': 0.0, 'answer_f1': 0.0, 'answer_precision': 0.0, 'answer_recall': 0.0, 'support_f1': 0.0, 'support_precision': 0.0, 'support_recall': 0.0, 'accuracy': 0.0}"
2hop__829474_123956,On what date was the battle where Muhammad Shobran was born?,"{'answer': ""No specific battle is mentioned on the date of Muhammad Shobran's birth."", 'supporting_facts': ['Muhammad Shobran (born July 6, 1983 in Palembang, South Sumatra) is an Indonesian footballer that currently plays for Sriwijaya in the Indonesia Super League.', 'The Battle of Palembang was a battle of the Pacific theatre of World War II. It occurred near Palembang, on Sumatra, on 13–15 February 1942.']}",15 February 1942,"{'answer_em': 0.0, 'answer_f1': 0.0, 'answer_precision': 0.0, 'answer_recall': 0.0, 'support_f1': 0.0, 'support_precision': 0.0, 'support_recall': 0.0, 'accuracy': 0.0}"
4hop1__94201_642284_131926_90707,Where does the river by the city where the Southeast Library designer died and the Ohio River meet?,{'answer': 'Error: Failed to parse final JSON.'},"at the city of Cairo, Illinois","{'answer_em': 0.0, 'answer_f1': 0.0, 'answer_precision': 0.0, 'answer_recall': 0.0, 'support_f1': 0.0, 'support_precision': 0.0, 'support_recall': 0.0, 'error': 1}"
4hop1__629520_49925_13759_736921,In what region of Germany is the district where a sermon on Marian devotion was preached by the man who wanted to reform the religion of Victor Razafimahatratra?,"{'answer': 'Saxony-Anhalt', 'supporting_facts': ['Wittenberg is a district () in the east of Saxony-Anhalt, Germany.', 'His final thoughts on Marian devotion and veneration are preserved in a sermon preached at Wittenberg only a month before his death:', 'Victor Razafimahatratra, SJ (8 September 1921 – 6 October 1993) was a Malagasy Cardinal of the Roman Catholic Church.']}",Saxony-Anhalt,"{'answer_em': 1.0, 'answer_f1': 1.0, 'answer_precision': 1.0, 'answer_recall': 1.0, 'support_f1': 0.0, 'support_precision': 0.0, 'support_recall': 0.0, 'accuracy': 1.0}"
3hop1__540585_568433_47686,Where do greyhound buses leave from in the location of the headquarters of the production company of Miss Spider's Sunny Patch Kids?,{'answer': 'Error: Failed to parse final JSON.'},Toronto Coach Terminal,"{'answer_em': 0.0, 'answer_f1': 0.0, 'answer_precision': 0.0, 'answer_recall': 0.0, 'support_f1': 0.0, 'support_precision': 0.0, 'support_recall': 0.0, 'error': 1}"
2hop__56307_604644,"What is the record label of the Hey Now, You're A Rockstar singer?","{'answer': 'Unknown', 'supporting_facts': ['There is no direct mention of a song titled ""Hey Now, You\'re A Rockstar"" or its associated record label in the provided context.', 'The closest match in terms of title is ""So Cal Loco (Party Like a Rockstar)"", which is by the band Sprung Monkey and appeared on the motion picture ""Dude, Where\'s My Car?"", but this does not exactly match the query.']}",429 Records,"{'answer_em': 0.0, 'answer_f1': 0.0, 'answer_precision': 0.0, 'answer_recall': 0.0, 'support_f1': 0.0, 'support_precision': 0.0, 'support_recall': 0.0, 'accuracy': 0.0}"
2hop__507528_139339,What was the director of Lisa Picard is Famous nominated for?,"{'answer': 'an Academy Award for Best Live Action Short Film', 'supporting_facts': [""In 1995, Griffin Dunne was nominated for an Academy Award for Best Live Action Short Film for 'Duke of Groove', which he directed and co-wrote."", 'Lisa Picard is Famous, also known as Famous, is a 2000 comedy-drama film directed by Griffin Dunne and written by Nat DeWolf & Laura Kirk.']}",Academy Award for Best Live Action Short Film,"{'answer_em': 1.0, 'answer_f1': 1.0, 'answer_precision': 1.0, 'answer_recall': 1.0, 'support_f1': 0.0, 'support_precision': 0.0, 'support_recall': 0.0, 'accuracy': 1.0}"
2hop__44259_747874,Who is the sibling of the player who won the 2012 U.S. Open Men's Singles final?,"{'answer': 'Jamie Murray', 'supporting_facts': ['Andy Murray and Jamie Murray were the defending champions but decided to participate at Basel instead.', 'In the final, Andy Murray defeated defending champion Novak Djokovic 7 -- 6, 7 -- 5, 2 -- 6, 3 -- 6, 6 -- 2 to win the match.']}",Jamie Murray,"{'answer_em': 1.0, 'answer_f1': 1.0, 'answer_precision': 1.0, 'answer_recall': 1.0, 'support_f1': 0.0, 'support_precision': 0.0, 'support_recall': 0.0, 'accuracy': 1.0}"
2hop__428940_135373,After what is the body of water Partridge Lake is part of named?,"{'answer': 'the Bering Sea drainage basin', 'supporting_facts': ['Partridge Lake is a lake in the Yukon and British Columbia, Canada that is part of the Bering Sea drainage basin.']}",Vitus Bering,"{'answer_em': 0.0, 'answer_f1': 0.3333333333333333, 'answer_precision': 0.25, 'answer_recall': 0.5, 'support_f1': 0.0, 'support_precision': 0.0, 'support_recall': 0.0, 'accuracy': 0.3333333333333333}"
3hop1__147225_30587_83479,What was Germany's goal in the Battle of the ocean adjacent to the city Herbert Saffir died in?,{'answer': 'Error: Failed to parse final JSON.'},to stem the flow of merchant shipping that enabled Britain to keep fighting,"{'answer_em': 0.0, 'answer_f1': 0.0, 'answer_precision': 0.0, 'answer_recall': 0.0, 'support_f1': 0.0, 'support_precision': 0.0, 'support_recall': 0.0, 'error': 1}"
2hop__642686_7292,"Along with Kenny G and the performer of Hello Tomorrow, what artist was featured on Smooth Jazz Stations?","{'answer': 'George Benson', 'supporting_facts': ['For many years, artists like George Benson, Kenny G and Dave Koz had crossover hits that were played on both smooth jazz and soft AC stations.', 'Hello Tomorrow is the ninth studio album by saxophone player Dave Koz.']}",George Benson,"{'answer_em': 1.0, 'answer_f1': 1.0, 'answer_precision': 1.0, 'answer_recall': 1.0, 'support_f1': 0.0, 'support_precision': 0.0, 'support_recall': 0.0, 'accuracy': 1.0}"
3hop1__107540_720914_27537,Why did Roncalli leave the place of death of the maker of The Gozzi Altarpiece?,{'answer': 'Error: Failed to parse final JSON.'},for the conclave in Rome,"{'answer_em': 0.0, 'answer_f1': 0.0, 'answer_precision': 0.0, 'answer_recall': 0.0, 'support_f1': 0.0, 'support_precision': 0.0, 'support_recall': 0.0, 'error': 1}"
3hop1__161433_33952_33939,"In 1900, what was the population of the second largest city, in the state that the cross-border transactions committee focuses on?","{'answer': '7,531', 'supporting_facts': ['The committee is focused on international real estate transactions between residents of Arizona and Mexico.', 'By 1900, 7,531 people lived in the city.', 'Tucson is the largest city in southern Arizona, the second largest in the state after Phoenix.']}","7,531","{'answer_em': 1.0, 'answer_f1': 1.0, 'answer_precision': 1.0, 'answer_recall': 1.0, 'support_f1': 0.0, 'support_precision': 0.0, 'support_recall': 0.0, 'accuracy': 1.0}"
2hop__71871_494136,Who is the spouse of the actor playing Bart's father in I can only imagine?,"{'answer': 'None', 'supporting_facts': ['The film stars J. Michael Finley as Bart Millard, the lead singer who wrote the song about his relationship with his father (Dennis Quaid).', ""Dennis Quaid is the actor playing Bart's father, but the text does not mention his spouse.""]}",Meg Ryan,"{'answer_em': 0.0, 'answer_f1': 0.0, 'answer_precision': 0.0, 'answer_recall': 0.0, 'support_f1': 0.0, 'support_precision': 0.0, 'support_recall': 0.0, 'accuracy': 0.0}"
4hop1__310029_153080_33897_81096,Who won the Indy car race in the largest populated city in the state where the Jazz Portraits: Mingus in Wonderland performer is from?,"{'answer': 'The question cannot be answered with the given information.', 'supporting_facts': ['Charles Mingus was born in Nogales, Arizona.', ""Arizona's largest populated city is Phoenix, which hosts the Desert Diamond West Valley Phoenix Grand Prix, an Indy car race."", 'The Desert Diamond West Valley Phoenix Grand Prix is an Indy car race, but the winner is not specified in the context.']}",Mario Andretti,"{'answer_em': 0.0, 'answer_f1': 0.0, 'answer_precision': 0.0, 'answer_recall': 0.0, 'support_f1': 0.0, 'support_precision': 0.0, 'support_recall': 0.0, 'accuracy': 0.0}"
2hop__620853_22458,What does the name of the organization the Haiti national football team belongs to stand for?,"{'answer': 'FIFA stands for International Federation of Association Football', 'supporting_facts': [""The headquarters of the sport's governing body, the International Federation of Association Football (FIFA), is located in Zürich.""]}",International Federation of Association Football,"{'answer_em': 0.0, 'answer_f1': 0.7692307692307693, 'answer_precision': 0.625, 'answer_recall': 1.0, 'support_f1': 0.0, 'support_precision': 0.0, 'support_recall': 0.0, 'accuracy': 0.7692307692307693}"
2hop__865828_377862,Which city is in the same county as Gmina Jordanow?,"{'answer': 'Jordanów', 'supporting_facts': ['Gmina Jordanów is a rural gmina (administrative district) in Sucha County, Lesser Poland Voivodeship, in southern Poland.', 'Its seat is the town of Jordanów, although the town is not part of the territory of the gmina.']}",Sucha Beskidzka,"{'answer_em': 0.0, 'answer_f1': 0.0, 'answer_precision': 0.0, 'answer_recall': 0.0, 'support_f1': 0.0, 'support_precision': 0.0, 'support_recall': 0.0, 'accuracy': 0.0}"
4hop3__630723_88460_30152_20999,How were people from whom new coins were a proclamation of independence by the Somali Muslim Ajuran Empire expelled from the natural boundary between Thailand and Phommathat's country of citizenship?,{'answer': 'Error: Failed to parse final JSON.'},The dynasty regrouped and defeated the Portuguese,"{'answer_em': 0.0, 'answer_f1': 0.0, 'answer_precision': 0.0, 'answer_recall': 0.0, 'support_f1': 0.0, 'support_precision': 0.0, 'support_recall': 0.0, 'error': 1}"
4hop3__719125_132409_371500_35031,Where does the city where Veoh's headquarters is located rank in the top five largest urban areas of the state where Scars' performers were formed?,{'answer': 'Error: Failed to parse final JSON.'},third-largest,"{'answer_em': 0.0, 'answer_f1': 0.0, 'answer_precision': 0.0, 'answer_recall': 0.0, 'support_f1': 0.0, 'support_precision': 0.0, 'support_recall': 0.0, 'error': 1}"
4hop1__105688_17130_70784_79935,When was the region that lies to the north of where Eyal Golan is located and the Persian Gulf created?,{'answer': 'Error: Failed to parse final JSON.'},1930,"{'answer_em': 0.0, 'answer_f1': 0.0, 'answer_precision': 0.0, 'answer_recall': 0.0, 'support_f1': 0.0, 'support_precision': 0.0, 'support_recall': 0.0, 'error': 1}"
3hop1__376309_160713_77246,"In the Arabic dictionary, what's the meaning of the word for the majority religion in the area of British India that became India when Garlat's country was created?",{'answer': 'Error: Failed to parse final JSON.'},the country of India,"{'answer_em': 0.0, 'answer_f1': 0.0, 'answer_precision': 0.0, 'answer_recall': 0.0, 'support_f1': 0.0, 'support_precision': 0.0, 'support_recall': 0.0, 'error': 1}"
4hop1__525129_315334_131926_87157,"What is the direction of flow of the river by the city where the Lots More Blues, Rags and Hollers performer was formed?",{'answer': 'Error: Failed to parse final JSON.'},rises in northern Minnesota and meanders slowly southwards,"{'answer_em': 0.0, 'answer_f1': 0.0, 'answer_precision': 0.0, 'answer_recall': 0.0, 'support_f1': 0.0, 'support_precision': 0.0, 'support_recall': 0.0, 'error': 1}"
3hop1__140554_2053_52946,"When is Celebrity Big Brother coming to the network which, along with ABC and the network which hosts Westinghouse Playhouse, is the other major broadcaster based in NY?","{'answer': 'February 7, 2018', 'supporting_facts': ['CBS announced that the series is set to premiere on February 7, 2018 and conclude on February 25, 2018.', 'The three major American broadcast networks are all headquartered in New York: ABC, CBS, and NBC.', 'Westinghouse Playhouse is an American sitcom that aired from January to July 1961 on NBC.']}","February 7, 2018","{'answer_em': 1.0, 'answer_f1': 1.0, 'answer_precision': 1.0, 'answer_recall': 1.0, 'support_f1': 0.0, 'support_precision': 0.0, 'support_recall': 0.0, 'accuracy': 1.0}"
3hop1__347858_503371_21711,When was the Palau de la Generalitat constructed in the city where Martin of the place where Castiliscar is located died?,{'answer': 'Error: Failed to parse final JSON.'},built in the 15th century,"{'answer_em': 0.0, 'answer_f1': 0.0, 'answer_precision': 0.0, 'answer_recall': 0.0, 'support_f1': 0.0, 'support_precision': 0.0, 'support_recall': 0.0, 'error': 1}"
2hop__709357_136043,The Move Ya Body song's band is named after who?,"{'answer': 'The sky', 'supporting_facts': ['Nina Sky is an American female duo composed of identical twins Nicole and Natalie Albino (were born on March 13, 1984 in Puerto Rico).', 'Move Ya Body is a song recorded by American duo Nina Sky.']}",Natalie Albino,"{'answer_em': 0.0, 'answer_f1': 0.0, 'answer_precision': 0.0, 'answer_recall': 0.0, 'support_f1': 0.0, 'support_precision': 0.0, 'support_recall': 0.0, 'accuracy': 0.0}"
3hop1__516535_834494_34109,"What is the PBS station in the city that shares a county with Allen, Arizona?",{'answer': 'Error: Failed to parse final JSON.'},KUAT-TV 6,"{'answer_em': 0.0, 'answer_f1': 0.0, 'answer_precision': 0.0, 'answer_recall': 0.0, 'support_f1': 0.0, 'support_precision': 0.0, 'support_recall': 0.0, 'error': 1}"
3hop1__639955_834494_34109,What is the PBS station of the city in the same county as Helvetia?,{'answer': 'Error: Failed to parse final JSON.'},KUAT-TV 6,"{'answer_em': 0.0, 'answer_f1': 0.0, 'answer_precision': 0.0, 'answer_recall': 0.0, 'support_f1': 0.0, 'support_precision': 0.0, 'support_recall': 0.0, 'error': 1}"
3hop1__786067_228453_86925,What is the symbol of the Saints from the city where the headquarters of the manufacturer of McAfee's Benchmark called?,{'answer': 'Error: Failed to parse final JSON.'},fleur - de-lis,"{'answer_em': 0.0, 'answer_f1': 0.0, 'answer_precision': 0.0, 'answer_recall': 0.0, 'support_f1': 0.0, 'support_precision': 0.0, 'support_recall': 0.0, 'error': 1}"
3hop1__506062_792411_51423,What is the name of the castle in the place of birth of the performer of When I Was a Boy?,"{'answer': 'Casa Loma', 'supporting_facts': ['When I Was a Boy is a 1993 album by Jane Siberry.', 'Gavin Bradley is an award-winning Canadian singer-songwriter and producer based in Toronto who has worked with artists like Nelly Furtado, Tori Amos and Jane Siberry.', ""Casa Loma (Spanish for ``Hill House '') is a Gothic Revival style mansion and garden in midtown Toronto, Ontario, Canada, that is now a historic house museum and landmark.""]}",Casa Loma,"{'answer_em': 1.0, 'answer_f1': 1.0, 'answer_precision': 1.0, 'answer_recall': 1.0, 'support_f1': 0.0, 'support_precision': 0.0, 'support_recall': 0.0, 'accuracy': 1.0}"
4hop1__60000_59747_211319_557671,What county borders the county with the largest city in the state where Birth of a Nation was filmed?,{'answer': 'Error: Failed to parse final JSON.'},Presque Isle County,"{'answer_em': 0.0, 'answer_f1': 0.0, 'answer_precision': 0.0, 'answer_recall': 0.0, 'support_f1': 0.0, 'support_precision': 0.0, 'support_recall': 0.0, 'error': 1}"
3hop1__17192_78396_54865,"When were the American colonies lost by the country that owned the region that secured southern Lebanon in 1978, before it achieved country status?",{'answer': 'Error: Failed to parse final JSON.'},1776,"{'answer_em': 0.0, 'answer_f1': 0.0, 'answer_precision': 0.0, 'answer_recall': 0.0, 'support_f1': 0.0, 'support_precision': 0.0, 'support_recall': 0.0, 'error': 1}"
3hop2__36852_326964_7713,How long had the city the Qing lost in 1853 been the capitol city of Yaxing Coach's headquarters location?,{'answer': 'Error: Failed to parse final JSON.'},about 400 years,"{'answer_em': 0.0, 'answer_f1': 0.0, 'answer_precision': 0.0, 'answer_recall': 0.0, 'support_f1': 0.0, 'support_precision': 0.0, 'support_recall': 0.0, 'error': 1}"
2hop__179149_396277,What other notable work did the creator of Shrek make?,"{'answer': 'Doctor De Soto', 'supporting_facts': ['Doctor De Soto is a picture book for children written and illustrated by William Steig and first published in 1982.', 'Shrek! is a picture book published in 1990 by American book writer and cartoonist William Steig, about a repugnant and monstrous green creature who leaves home to see the world and ends up saving a princess.', 'Shrek is a fictional ogre character created by American author William Steig.']}",Doctor De Soto,"{'answer_em': 1.0, 'answer_f1': 1.0, 'answer_precision': 1.0, 'answer_recall': 1.0, 'support_f1': 0.0, 'support_precision': 0.0, 'support_recall': 0.0, 'accuracy': 1.0}"
2hop__145203_34088,Where does Ulysses Kay's birth city hold NASCAR races?,"{'answer': 'Tucson, Arizona', 'supporting_facts': ['Ulysses Simpson Kay (January 7, 1917 in Tucson, Arizona – May 20, 1995 in Englewood, New Jersey) was an African-American composer.', 'Tracks include Tucson Raceway Park and Rillito Downs. Tucson Raceway Park hosts NASCAR-sanctioned auto racing events and is one of only two asphalt short tracks in Arizona.']}",Tucson Raceway Park,"{'answer_em': 0.0, 'answer_f1': 0.4, 'answer_precision': 0.5, 'answer_recall': 0.3333333333333333, 'support_f1': 0.0, 'support_precision': 0.0, 'support_recall': 0.0, 'accuracy': 0.4}"
3hop1__295815_40769_64047,When did the luxury division of the company that manufactures Toyopet Master change the body style of the RX 350?,{'answer': 'Error: Failed to parse final JSON.'},Sales began worldwide in April 2012,"{'answer_em': 0.0, 'answer_f1': 0.0, 'answer_precision': 0.0, 'answer_recall': 0.0, 'support_f1': 0.0, 'support_precision': 0.0, 'support_recall': 0.0, 'error': 1}"
3hop1__747772_514761_594810,What record label does the spouse of Heart Like Mine's performer belong to?,"{'answer': 'No information', 'supporting_facts': ['Heart Like Mine is a song co-written and recorded by American country music artist Miranda Lambert.', 'Candy Coburn is an American national performing country music artist who has shared the stage with many notable artists, including Brooks and Dunn, Kellie Pickler, Montgomery Gentry, Blake Shelton, Miranda Lambert, Gary Allan, Josh Turner, Lady Antebellum and others.', ""There is no information provided about Miranda Lambert's spouse or their record label affiliation in the given context.""]}",Warner Bros. Records,"{'answer_em': 0.0, 'answer_f1': 0.0, 'answer_precision': 0.0, 'answer_recall': 0.0, 'support_f1': 0.0, 'support_precision': 0.0, 'support_recall': 0.0, 'accuracy': 0.0}"
4hop3__439878_88460_30152_20999,How were people from whom new coins were a proclamation of independence by the Somali Muslim Ajuran Empire expelled from the natural boundary between Thailand and Ban Kenpha's country?,{'answer': 'Error: Failed to parse final JSON.'},The dynasty regrouped and defeated the Portuguese,"{'answer_em': 0.0, 'answer_f1': 0.0, 'answer_precision': 0.0, 'answer_recall': 0.0, 'support_f1': 0.0, 'support_precision': 0.0, 'support_recall': 0.0, 'error': 1}"
2hop__35136_35117,What's the life span of the scholar who theorized about pulmonary circulation?,"{'answer': '75 years', 'supporting_facts': ['Theologus Autodidactus, written by the Arabian polymath Ibn al-Nafis (1213–1288), is the first example of a science fiction novel.', ""Muslim physicians contributed to the field of medicine, including the subjects of anatomy and physiology: such as ... or in the work of the Egyptian physician Ibn al-Nafis, who proposed the theory of pulmonary circulation. Avicenna's The Canon of Medicine remained an authoritative medical textbook in Europe until the 18th century.""]}",1213–1288,"{'answer_em': 0.0, 'answer_f1': 0.0, 'answer_precision': 0.0, 'answer_recall': 0.0, 'support_f1': 0.0, 'support_precision': 0.0, 'support_recall': 0.0, 'accuracy': 0.0}"
3hop1__559908_42197_18397,Yagutil Mishiev is a citizen of a country that someone had argued had become an imperialist power. Where did this someone declare that he would intervene in the Korean conflict?,{'answer': 'Error: Failed to parse final JSON.'},the Politburo,"{'answer_em': 0.0, 'answer_f1': 0.0, 'answer_precision': 0.0, 'answer_recall': 0.0, 'support_f1': 0.0, 'support_precision': 0.0, 'support_recall': 0.0, 'error': 1}"
4hop1__105401_17130_70784_61381,When was the region immediately north of the region of the country in Strangers No More and the Persian Gulf established?,{'answer': 'Error: Failed to parse final JSON.'},1932,"{'answer_em': 0.0, 'answer_f1': 0.0, 'answer_precision': 0.0, 'answer_recall': 0.0, 'support_f1': 0.0, 'support_precision': 0.0, 'support_recall': 0.0, 'error': 1}"
2hop__157376_643670,Of which watercourse is the river the Willemsbrug crosses over the mouth?,"{'answer': 'Nieuwe Maas', 'supporting_facts': ['The Willemsbrug is a bridge next to the Erasmusbrug in the centre of Rotterdam, spanning the Nieuwe Maas.']}",Het Scheur,"{'answer_em': 0.0, 'answer_f1': 0.0, 'answer_precision': 0.0, 'answer_recall': 0.0, 'support_f1': 0.0, 'support_precision': 0.0, 'support_recall': 0.0, 'accuracy': 0.0}"
3hop1__823336_228453_86925,What is the symbol of the Saints from the headquarters location of Ten High's manufacturer called?,{'answer': 'Error: Failed to parse final JSON.'},fleur - de-lis,"{'answer_em': 0.0, 'answer_f1': 0.0, 'answer_precision': 0.0, 'answer_recall': 0.0, 'support_f1': 0.0, 'support_precision': 0.0, 'support_recall': 0.0, 'error': 1}"
2hop__59612_42352,How many people were in British Colonies where does the london broil cut come from ?,"{'answer': '2 million in the British North American colonies, London broil cut comes from North America', 'supporting_facts': ['At the start of the war, the French North American colonies had a population of roughly 60,000 European settlers, compared with 2 million in the British North American colonies.', 'London broil is a beef dish made by broiling marinated beef, then cutting it across the grain into thin strips. Despite its name, the dish and the terminology are North American, not British.']}",2 million,"{'answer_em': 0.0, 'answer_f1': 0.25, 'answer_precision': 0.14285714285714285, 'answer_recall': 1.0, 'support_f1': 0.0, 'support_precision': 0.0, 'support_recall': 0.0, 'accuracy': 0.25}"
3hop1__768500_730460_70315,Where did Katrina hit the hardest in the Toussaint performer's birthplace?,"{'answer': 'New Orleans', 'supporting_facts': ['By August 31, eighty percent (80%) of the city of New Orleans was flooded by Hurricane Katrina, with some parts of the city under 20 feet (6.1 m), of water.', 'The Bright Mississippi is an album by New Orleans Jazz and R&B pianist Allen Toussaint released on Nonesuch Records in 2009.']}",the city of New Orleans,"{'answer_em': 0.0, 'answer_f1': 0.6666666666666666, 'answer_precision': 1.0, 'answer_recall': 0.5, 'support_f1': 0.0, 'support_precision': 0.0, 'support_recall': 0.0, 'accuracy': 0.6666666666666666}"
3hop1__127821_157828_162309,When did the country using Olivera Marković's native language as one of its official languages first have its own Olympic team?,{'answer': 'Error: Failed to parse final JSON.'},2016,"{'answer_em': 0.0, 'answer_f1': 0.0, 'answer_precision': 0.0, 'answer_recall': 0.0, 'support_f1': 0.0, 'support_precision': 0.0, 'support_recall': 0.0, 'error': 1}"
4hop1__15567_59747_211319_557671,Which county shares a border with the county where the most populous city in the state that sentenced Demarcus Sears to death is located?,"{'answer': 'Fulton County and/or DeKalb County', 'supporting_facts': ['The largest municipality by population in Georgia is Atlanta with 420,003 residents, and the smallest municipality by population is Edge Hill with 24 residents.', ""Demarcus Sears remains under a death sentence in Georgia for the crime of 'kidnapping with bodily injury.'"", 'As of November 2008, there is only one person on death row facing capital punishment who has not been convicted of murder.']}",Presque Isle County,"{'answer_em': 0.0, 'answer_f1': 0.25, 'answer_precision': 0.2, 'answer_recall': 0.3333333333333333, 'support_f1': 0.0, 'support_precision': 0.0, 'support_recall': 0.0, 'accuracy': 0.25}"
2hop__96096_78606,Who plays the wife of the Real Rob cast member in Grown Ups?,"{'answer': 'Joyce Van Patten', 'supporting_facts': ['Rob (Rob Schneider), nicknamed Carrot, has been divorced three times and holds custody of his daughters Jasmine, Amber, and Bridget (Madison Riley, Jamie Chung, and Ashley Loren). His current wife, Gloria (Joyce Van Patten), is 30 years older than him.']}",Joyce Van Patten,"{'answer_em': 1.0, 'answer_f1': 1.0, 'answer_precision': 1.0, 'answer_recall': 1.0, 'support_f1': 0.0, 'support_precision': 0.0, 'support_recall': 0.0, 'accuracy': 1.0}"
4hop1__58323_375563_161848_61344,What continent is the country located near the country of citizenship of The Book Thief's author part of?,"{'answer': 'Australia', 'supporting_facts': ['The Book Thief is a 2013 World War II war drama film directed by Brian Percival and starring Geoffrey Rush, Emily Watson, and Sophie Nélisse. The film is based on the 2005 novel The Book Thief by Markus Zusak', ""The Messenger is a 2002 Novel by Markus Zusak, and winner of the 2003 Children's Book Council of Australia Book of the Year Award.""]}",submerged continent of Zealandia,"{'answer_em': 0.0, 'answer_f1': 0.0, 'answer_precision': 0.0, 'answer_recall': 0.0, 'support_f1': 0.0, 'support_precision': 0.0, 'support_recall': 0.0, 'accuracy': 0.0}"
2hop__776637_87295,Who does the cast member from Julie play in Princess Diaries?,{'answer': 'Error: Failed to parse final JSON.'},Queen dowager Clarisse Renaldi,"{'answer_em': 0.0, 'answer_f1': 0.0, 'answer_precision': 0.0, 'answer_recall': 0.0, 'support_f1': 0.0, 'support_precision': 0.0, 'support_recall': 0.0, 'error': 1}"
4hop1__752321_153080_159767_81096,The largest city in the state the performer of Pithecanthropus Erectus was from is also the state capital. Who won the indy car race in that city?,"{'answer': 'The context does not provide the winner of the Indy car race in Phoenix.', 'supporting_facts': ['Charles Mingus was born in Nogales, Arizona.', 'Its capital and largest city is Phoenix.', 'Pithecanthropus Erectus is a 1956 album by jazz composer and bassist Charles Mingus.', 'After a hiatus of eleven years, the race was revived by the Verizon IndyCar Series in 2016.']}",Mario Andretti,"{'answer_em': 0.0, 'answer_f1': 0.0, 'answer_precision': 0.0, 'answer_recall': 0.0, 'support_f1': 0.0, 'support_precision': 0.0, 'support_recall': 0.0, 'accuracy': 0.0}"
3hop1__161507_160713_77246,What is the meaning of the word that is also a majority religion in the area that became India when the country where Masherbrum is located was created in the Arabic dictionary?,{'answer': 'Error: Failed to parse final JSON.'},the country of India,"{'answer_em': 0.0, 'answer_f1': 0.0, 'answer_precision': 0.0, 'answer_recall': 0.0, 'support_f1': 0.0, 'support_precision': 0.0, 'support_recall': 0.0, 'error': 1}"
2hop__84937_21969,When was Q1 who was impeached in england for acts committed as governor general of india impeached?,{'answer': 'Error: Failed to parse final JSON.'},1786,"{'answer_em': 0.0, 'answer_f1': 0.0, 'answer_precision': 0.0, 'answer_recall': 0.0, 'support_f1': 0.0, 'support_precision': 0.0, 'support_recall': 0.0, 'error': 1}"
4hop1__130623_32392_823060_610794,What county has a city that is adjacent to the capital city of Erskine College's state?,"{'answer': 'Richland County', 'supporting_facts': ['Forest Acres is a city in Richland County, South Carolina, United States.', 'Erskine College is a private Christian college in Due West, South Carolina, United States.', 'Although the city lost the status of state capital to Columbia in 1786, Charleston became even more prosperous in the plantation-dominated economy of the post-Revolutionary years.']}",Richland County,"{'answer_em': 1.0, 'answer_f1': 1.0, 'answer_precision': 1.0, 'answer_recall': 1.0, 'support_f1': 0.0, 'support_precision': 0.0, 'support_recall': 0.0, 'accuracy': 1.0}"
3hop2__132957_483843_40768,"When did the maker of the Acura Legend, the manufacturer of Scion bbX and Nissan open US assembly plants?","{'answer': 'A decade after the 1973 oil crisis', 'supporting_facts': ['A decade after the 1973 oil crisis, Honda, Toyota and Nissan, affected by the 1981 voluntary export restraints, opened US assembly plants and established their luxury divisions (Acura, Lexus and Infiniti, respectively) to distinguish themselves from their mass-market brands.']}",1981,"{'answer_em': 0.0, 'answer_f1': 0.0, 'answer_precision': 0.0, 'answer_recall': 0.0, 'support_f1': 0.0, 'support_precision': 0.0, 'support_recall': 0.0, 'accuracy': 0.0}"
2hop__198650_84856,When does the new season start for the show starring the author of True Story: A Novel?,"{'answer': 'January 20, 2017', 'supporting_facts': ['True Story: A Novel is a book by Bill Maher.', 'Season Episodes Originally aired First aired Last aired ... 15 TBA January 20, 2017 (2017 - 01 - 20) TBA']}","January 20, 2017","{'answer_em': 1.0, 'answer_f1': 1.0, 'answer_precision': 1.0, 'answer_recall': 1.0, 'support_f1': 0.0, 'support_precision': 0.0, 'support_recall': 0.0, 'accuracy': 1.0}"
2hop__631139_75487,Who is the federal leader of the party in which John Lynch-Staunton held a position?,"{'answer': 'Andrew Scheer', 'supporting_facts': ['John George Lynch-Staunton (June 19, 1930 – August 17, 2012) was a Canadian senator, who served as interim leader of the Conservative Party of Canada, from December 2003 to March 2004.', 'The position is currently held by Andrew Scheer, leader of the Conservative Party, having been elected by the Conservative caucus on May 27, 2017.']}",Andrew Scheer,"{'answer_em': 1.0, 'answer_f1': 1.0, 'answer_precision': 1.0, 'answer_recall': 1.0, 'support_f1': 0.0, 'support_precision': 0.0, 'support_recall': 0.0, 'accuracy': 1.0}"
2hop__223823_29898,Which affiliate left the owner of Canadian Broadcasting Centre due to an agreement with CHBC?,"{'answer': 'CFJC-TV', 'supporting_facts': ['One private CBC affiliate, CHBC-TV in Kelowna, joined E! (then known as CH) on February 27, 2006.', 'However, due to an agreement between CHBC and CFJC-TV in Kamloops, CFJC also disaffiliated from the CBC on February 27, 2006, but no retransmitters were installed in the licence area.']}",CFJC-TV in Kamloops,"{'answer_em': 0.0, 'answer_f1': 0.5, 'answer_precision': 1.0, 'answer_recall': 0.3333333333333333, 'support_f1': 0.0, 'support_precision': 0.0, 'support_recall': 0.0, 'accuracy': 0.5}"
3hop2__607269_223623_162182,In what region of the country containing Hạ Hòa is John Phan's birthplace found?,{'answer': 'Error: Failed to parse final JSON.'},South Central Coast,"{'answer_em': 0.0, 'answer_f1': 0.0, 'answer_precision': 0.0, 'answer_recall': 0.0, 'support_f1': 0.0, 'support_precision': 0.0, 'support_recall': 0.0, 'error': 1}"
2hop__189094_612080,What league does the team that occupies the Rabat Ajax Football Ground belong to?,{'answer': 'Error: Failed to parse final JSON.'},Maltese Premier League,"{'answer_em': 0.0, 'answer_f1': 0.0, 'answer_precision': 0.0, 'answer_recall': 0.0, 'support_f1': 0.0, 'support_precision': 0.0, 'support_recall': 0.0, 'error': 1}"
3hop1__84887_538202_84283,Who is the owner of the record label that the singer of I just got started lovin you belongs to?,"{'answer': 'Warner Music Group', 'supporting_facts': ['Sunset Man is the second studio album from American country music singer James Otto, released April 8, 2008 on Warner Bros. Records.', 'Warner Bros. Records Parent company Warner Music Group Founded March 19, 1958; 60 years ago (1958 - 03 - 19) Founder James Conkling']}",Warner Music Group,"{'answer_em': 1.0, 'answer_f1': 1.0, 'answer_precision': 1.0, 'answer_recall': 1.0, 'support_f1': 0.0, 'support_precision': 0.0, 'support_recall': 0.0, 'accuracy': 1.0}"
3hop1__305282_282081_10972,When did the city where Ill's performer was born elect its first black mayor?,"{'answer': '1973', 'supporting_facts': ['In 1973, the city elected its first black mayor, Coleman Young.']}",1970s,"{'answer_em': 0.0, 'answer_f1': 0.0, 'answer_precision': 0.0, 'answer_recall': 0.0, 'support_f1': 0.0, 'support_precision': 0.0, 'support_recall': 0.0, 'accuracy': 0.0}"
2hop__199513_801817,What is the birthplace of the person after whom São José dos Campos was named?,{'answer': 'Error: Failed to parse final JSON.'},Nazareth,"{'answer_em': 0.0, 'answer_f1': 0.0, 'answer_precision': 0.0, 'answer_recall': 0.0, 'support_f1': 0.0, 'support_precision': 0.0, 'support_recall': 0.0, 'error': 1}"
2hop__80637_19033,Where did the wrestler who created the Money in the Bank Ladder Match win in 2008?,"{'answer': 'The Great American Bash', 'supporting_facts': ['At the Great American Bash in 2008, Chris Jericho was declared the winner of a match against Shawn Michaels when Michaels could not defend himself due to excessive blood loss and impaired vision.', 'The first match was contested in 2005 at WrestleMania 21, after being invented (in kayfabe) by Chris Jericho.']}",Great American Bash,"{'answer_em': 1.0, 'answer_f1': 1.0, 'answer_precision': 1.0, 'answer_recall': 1.0, 'support_f1': 0.0, 'support_precision': 0.0, 'support_recall': 0.0, 'accuracy': 1.0}"
3hop1__133292_40769_64047,When did the RX 350 from The Hino Dutro creator's luxury division change body style?,{'answer': 'Error: Failed to parse final JSON.'},Sales began worldwide in April 2012,"{'answer_em': 0.0, 'answer_f1': 0.0, 'answer_precision': 0.0, 'answer_recall': 0.0, 'support_f1': 0.0, 'support_precision': 0.0, 'support_recall': 0.0, 'error': 1}"
3hop1__857_846_7810,What was where the Yongle emperor greeted who the edict addressed GDP per person in 2013?,{'answer': 'Error: Failed to parse final JSON.'},"RMB 98,174(US$16041)","{'answer_em': 0.0, 'answer_f1': 0.0, 'answer_precision': 0.0, 'answer_recall': 0.0, 'support_f1': 0.0, 'support_precision': 0.0, 'support_recall': 0.0, 'error': 1}"
4hop2__161602_426860_88460_126088,Who was in charge in the country that is the natural boundary between the country that hosted the tournament and the country where That Dam is located?,{'answer': 'Error: Failed to parse final JSON.'},Thein Sein,"{'answer_em': 0.0, 'answer_f1': 0.0, 'answer_precision': 0.0, 'answer_recall': 0.0, 'support_f1': 0.0, 'support_precision': 0.0, 'support_recall': 0.0, 'error': 1}"
2hop__669160_139339,What was the director of Addicted to Love nominated for?,"{'answer': ""an Academy Award for Best Live Action Short Film for 'Duke of Groove', not for 'Addicted to Love'"", 'supporting_facts': ['In 1995, Griffin Dunne was nominated for an Academy Award for Best Live Action Short Film for ""Duke of Groove"", which he directed and co-wrote.', 'Addicted to Love is a 1997 American romantic comedy film directed by Griffin Dunne, starring Meg Ryan, Matthew Broderick, Tchéky Karyo, and Kelly Preston.']}",Academy Award for Best Live Action Short Film,"{'answer_em': 0.0, 'answer_f1': 0.6399999999999999, 'answer_precision': 0.47058823529411764, 'answer_recall': 1.0, 'support_f1': 0.0, 'support_precision': 0.0, 'support_recall': 0.0, 'accuracy': 0.6399999999999999}"
2hop__734582_74481,Who was played by the director of The Good Shepherd in The Godfather Part II?,{'answer': 'Error: Failed to parse final JSON.'},Vito Corleone,"{'answer_em': 0.0, 'answer_f1': 0.0, 'answer_precision': 0.0, 'answer_recall': 0.0, 'support_f1': 0.0, 'support_precision': 0.0, 'support_recall': 0.0, 'error': 1}"
2hop__156085_436709,Who is the creator of Mickey Mouse's spouse?,"{'answer': 'Walt Disney and Ub Iwerks', 'supporting_facts': ['Mickey Mouse is a funny animal cartoon character and the mascot of The Walt Disney Company. He was created by Walt Disney and Ub Iwerks at the Walt Disney Studios in 1928.', 'Mickey generally appears alongside his girlfriend Minnie Mouse, his pet dog Pluto, his friends Donald Duck and Goofy, and his nemesis Pete, among others (see Mickey Mouse universe).']}",Walt Disney,"{'answer_em': 0.0, 'answer_f1': 0.5714285714285715, 'answer_precision': 0.4, 'answer_recall': 1.0, 'support_f1': 0.0, 'support_precision': 0.0, 'support_recall': 0.0, 'accuracy': 0.5714285714285715}"
2hop__137061_45752,Why does the place where Step Up Revolution takes place have a duck for a mascot?,{'answer': 'Error: Failed to parse final JSON.'},when the school's yearbook chose its name to be ``The Ibis,"{'answer_em': 0.0, 'answer_f1': 0.0, 'answer_precision': 0.0, 'answer_recall': 0.0, 'support_f1': 0.0, 'support_precision': 0.0, 'support_recall': 0.0, 'error': 1}"
2hop__67660_67223,Who married the narrator of How I Met Your Mother?,{'answer': 'Error: Failed to parse final JSON.'},Tracy Mosby,"{'answer_em': 0.0, 'answer_f1': 0.0, 'answer_precision': 0.0, 'answer_recall': 0.0, 'support_f1': 0.0, 'support_precision': 0.0, 'support_recall': 0.0, 'error': 1}"
2hop__252521_80650,Who played the character in the Santa Clause 3 that has a series named after it that includes Frost at Christmas?,"{'answer': 'Martin Short', 'supporting_facts': ['Frost at Christmas (1984) is the first of the series of novels written by R. D. Wingfield, the creator of the character Detective Inspector Jack Frost, who is more famously known in the television series ""A Touch of Frost"", where the character is played by Sir David Jason.', 'The Santa Clause 3: The Escape Clause stars Tim Allen returning as Scott Calvin / Santa Claus and Martin Short as Jack Frost.']}",Martin Short,"{'answer_em': 1.0, 'answer_f1': 1.0, 'answer_precision': 1.0, 'answer_recall': 1.0, 'support_f1': 0.0, 'support_precision': 0.0, 'support_recall': 0.0, 'accuracy': 1.0}"
2hop__58691_192417,The league playing in the Thursday night football game is a type of what?,"{'answer': 'American football', 'supporting_facts': ['Thursday Night Football (or simply TNF) is the branding used for broadcasts of National Football League (NFL) games that broadcast primarily on Thursday nights.', ""The NFL Kickoff Game and the Thanksgiving primetime game are both broadcast as part of NBC Sports' Sunday Night Football contract and are not included in Thursday Night Football, although the Thanksgiving primetime game was previously part of the package from 2006 until 2011.""]}",sports league,"{'answer_em': 0.0, 'answer_f1': 0.0, 'answer_precision': 0.0, 'answer_recall': 0.0, 'support_f1': 0.0, 'support_precision': 0.0, 'support_recall': 0.0, 'accuracy': 0.0}"
3hop2__304722_203717_63959,When was the last time the sports team Alan O'Neil was a member of beat the winner of the 1894-95 FA cup?,{'answer': 'Error: Failed to parse final JSON.'},1 December 2010,"{'answer_em': 0.0, 'answer_f1': 0.0, 'answer_precision': 0.0, 'answer_recall': 0.0, 'support_f1': 0.0, 'support_precision': 0.0, 'support_recall': 0.0, 'error': 1}"
2hop__450600_158262,When did the author of The Rise and Fall of the Confederate Government end his fight in the Mexican-American War?,"{'answer': '1848', 'supporting_facts': ['He fought in the Mexican–American War (1846–1848), as the colonel of a volunteer regiment.']}",1848,"{'answer_em': 1.0, 'answer_f1': 1.0, 'answer_precision': 1.0, 'answer_recall': 1.0, 'support_f1': 0.0, 'support_precision': 0.0, 'support_recall': 0.0, 'accuracy': 1.0}"
2hop__194532_57594,What gun does the director of Pollock use in Westworld?,{'answer': 'Error: Failed to parse final JSON.'},LeMat revolver,"{'answer_em': 0.0, 'answer_f1': 0.0, 'answer_precision': 0.0, 'answer_recall': 0.0, 'support_f1': 0.0, 'support_precision': 0.0, 'support_recall': 0.0, 'error': 1}"
4hop1__9002_698949_157828_239539,The language of a film titled and about the city where Tito was interred is the co-official language of a county. In what city is the national Radio and Television broadcaster for that country?,{'answer': 'Error: Failed to parse final JSON.'},Pristina,"{'answer_em': 0.0, 'answer_f1': 0.0, 'answer_precision': 0.0, 'answer_recall': 0.0, 'support_f1': 0.0, 'support_precision': 0.0, 'support_recall': 0.0, 'error': 1}"
3hop1__374018_160713_77246,What is the meaning of the word that is also the majority religion in India when the country where Dubbi is located was created in the Arabic dictionary?,"{'answer': 'a large body of water', 'supporting_facts': [""The word Hindu is derived from the Indo - Aryan and Sanskrit word Sindhu, which means ``a large body of water '', covering`` river, ocean''."", 'Dubbi is a village located in Khairpur District, Sindh, Pakistan.', 'The Partition of India was the division of British India in 1947 which accompanied the creation of two independent dominions, India and Pakistan.']}",the country of India,"{'answer_em': 0.0, 'answer_f1': 0.28571428571428575, 'answer_precision': 0.25, 'answer_recall': 0.3333333333333333, 'support_f1': 0.0, 'support_precision': 0.0, 'support_recall': 0.0, 'accuracy': 0.28571428571428575}"
2hop__268084_78303,"What was the name of the star of Forced Vengeance in Walter, Texas Ranger?","{'answer': 'Chuck Norris', 'supporting_facts': [""Forced Vengeance When the owner and proprietor of the Lucky Dragon casino in Hong Kong refuses to let mobsters take over his business he and his family are hit. Dragon's chief of security, Josh Randall (Chuck Norris) goes looking for the head of the syndicate to exact revenge for the murder of his employer, friend and mentor."", 'Title: Walker, Texas Ranger Name Portrayed by Occupation Seasons Pilot 5 6 7 8 Cordell Walker Chuck Norris Texas Ranger Main']}",Cordell Walker,"{'answer_em': 0.0, 'answer_f1': 0.0, 'answer_precision': 0.0, 'answer_recall': 0.0, 'support_f1': 0.0, 'support_precision': 0.0, 'support_recall': 0.0, 'accuracy': 0.0}"
4hop3__661103_698586_1926_54362,Who burned down the city where Dunn Dunn's artist died in the war after which black people declined living in NYC?,"{'answer': 'Union Gen. William Sherman', 'supporting_facts': ['On September 1, 1864, Confederate Gen. John Bell Hood evacuated Atlanta, after a five - week siege mounted by Union Gen. William Sherman, and ordered all public buildings and possible Confederate assets destroyed.', 'The discography of Shawty Lo, an American hip hop recording artist from Atlanta, Georgia.', 'for the first time since the Civil War, the number of blacks declined over a decade.']}",Confederate Gen. John Bell Hood,"{'answer_em': 0.0, 'answer_f1': 0.22222222222222224, 'answer_precision': 0.25, 'answer_recall': 0.2, 'support_f1': 0.0, 'support_precision': 0.0, 'support_recall': 0.0, 'accuracy': 0.22222222222222224}"
4hop3__373573_132409_146285_35031,Where does the city where Alexander Golitzen died rank in the top five largest urban areas of the state where Still Swingin's performers were formed?,{'answer': 'Error: Failed to parse final JSON.'},third-largest,"{'answer_em': 0.0, 'answer_f1': 0.0, 'answer_precision': 0.0, 'answer_recall': 0.0, 'support_f1': 0.0, 'support_precision': 0.0, 'support_recall': 0.0, 'error': 1}"
3hop1__104996_160713_77246,What is the meaning of the word that is also a majority religion in the area that became India when the country that release Ankahi was created in Arabic dictionary?,{'answer': 'Error: Failed to parse final JSON.'},the country of India,"{'answer_em': 0.0, 'answer_f1': 0.0, 'answer_precision': 0.0, 'answer_recall': 0.0, 'support_f1': 0.0, 'support_precision': 0.0, 'support_recall': 0.0, 'error': 1}"
2hop__10017_18974,Who led the military expedition in the province that borders Zhejiang to the south?,{'answer': 'Error: Failed to parse final JSON.'},Chen Zheng,"{'answer_em': 0.0, 'answer_f1': 0.0, 'answer_precision': 0.0, 'answer_recall': 0.0, 'support_f1': 0.0, 'support_precision': 0.0, 'support_recall': 0.0, 'error': 1}"
3hop1__120881_2053_52946,"When is Celebrity Big Brother coming to the network which, along with ABC and the network which released Stand Against Fear, is the other major broadcaster based in NY?","{'answer': 'February 7, 2018', 'supporting_facts': ['CBS announced that the series is set to premiere on February 7, 2018 and conclude on February 25, 2018.', 'The three major American broadcast networks are all headquartered in New York: ABC, CBS, and NBC.', 'Stand Against Fear ... aired on NBC on December 16, 1996.']}","February 7, 2018","{'answer_em': 1.0, 'answer_f1': 1.0, 'answer_precision': 1.0, 'answer_recall': 1.0, 'support_f1': 0.0, 'support_precision': 0.0, 'support_recall': 0.0, 'accuracy': 1.0}"
2hop__735014_83837,"Who sings Home Alone Tonight with the singer of ""I Don't Want This Night to End""?","{'answer': 'Karen Fairchild', 'supporting_facts': ['""Home Alone Tonight ""is a song recorded by American country music artist Luke Bryan as a duet with Karen Fairchild of American country music group Little Big Town for his fifth studio album, Kill the Lights (2015).', '""I Don\'t Want This Night to End"" is a song co-written and recorded by American country music artist Luke Bryan.']}",Karen Fairchild,"{'answer_em': 1.0, 'answer_f1': 1.0, 'answer_precision': 1.0, 'answer_recall': 1.0, 'support_f1': 0.0, 'support_precision': 0.0, 'support_recall': 0.0, 'accuracy': 1.0}"
2hop__596188_297986,What administrative territorial entity contains the place where Mycenae House is located?,{'answer': 'Error: Failed to parse final JSON.'},Royal Borough of Greenwich,"{'answer_em': 0.0, 'answer_f1': 0.0, 'answer_precision': 0.0, 'answer_recall': 0.0, 'support_f1': 0.0, 'support_precision': 0.0, 'support_recall': 0.0, 'error': 1}"
4hop3__700962_88460_30152_20999,How were the same people who the Somali Muslim Ajuran Empire declared independence from expelled from the natural boundary between Thailand and the country where Ban Pakpo is found?,{'answer': 'Error: Failed to parse final JSON.'},The dynasty regrouped and defeated the Portuguese,"{'answer_em': 0.0, 'answer_f1': 0.0, 'answer_precision': 0.0, 'answer_recall': 0.0, 'support_f1': 0.0, 'support_precision': 0.0, 'support_recall': 0.0, 'error': 1}"
3hop1__145427_106426_157788,What is one railway line in the country the produced The Longest Night in the city where You Wenhui was born?,{'answer': 'Error: Failed to parse final JSON.'},Yamanote Line loop,"{'answer_em': 0.0, 'answer_f1': 0.0, 'answer_precision': 0.0, 'answer_recall': 0.0, 'support_f1': 0.0, 'support_precision': 0.0, 'support_recall': 0.0, 'error': 1}"
2hop__857493_17335,When did the spouse of Parysatis II die?,"{'answer': '323 BC', 'supporting_facts': [""Parysatis, the youngest daughter of Artaxerxes III of Persia, married Alexander the Great in 324 BC at the Susa weddings. She may have been murdered by Alexander's first wife, Roxana, in 323 BC.""]}",323 BC,"{'answer_em': 1.0, 'answer_f1': 1.0, 'answer_precision': 1.0, 'answer_recall': 1.0, 'support_f1': 0.0, 'support_precision': 0.0, 'support_recall': 0.0, 'accuracy': 1.0}"
2hop__123104_77615,When did the military instruction start in the university that Paulo Manalo attended?,"{'answer': '1912', 'supporting_facts': ['ROTC in the Philippines began in 1912 when the Philippine Constabulary commenced with military instruction at the University of the Philippines.', 'Paolo Manalo is a Filipino poet who teaches at the College of Arts and Letters, University of the Philippines.']}",1912,"{'answer_em': 1.0, 'answer_f1': 1.0, 'answer_precision': 1.0, 'answer_recall': 1.0, 'support_f1': 0.0, 'support_precision': 0.0, 'support_recall': 0.0, 'accuracy': 1.0}"
4hop2__9988_685934_70784_61381,"When was the country established that lies north of the region that prevailed with the disgrace of the ""Near East"" and the body of water containing The World islands?",{'answer': 'Error: Failed to parse final JSON.'},1932,"{'answer_em': 0.0, 'answer_f1': 0.0, 'answer_precision': 0.0, 'answer_recall': 0.0, 'support_f1': 0.0, 'support_precision': 0.0, 'support_recall': 0.0, 'error': 1}"
2hop__788087_150107,Who published the Communication of the association that Deborah Estrin is a member of?,"{'answer': 'Saul Rosen', 'supporting_facts': ['Communications of the ACM is the monthly journal of the Association for Computing Machinery (ACM).', 'It was established in 1958, with Saul Rosen as its first managing editor.', 'She is a fellow of the ACM and the IEEE.']}",Association for Computing Machinery,"{'answer_em': 0.0, 'answer_f1': 0.0, 'answer_precision': 0.0, 'answer_recall': 0.0, 'support_f1': 0.0, 'support_precision': 0.0, 'support_recall': 0.0, 'accuracy': 0.0}"
4hop1__73810_32392_823060_610794,In what county is located the city that shares a border with the capital of the state that won the 2017 NCAA Basketball Tournament?,{'answer': 'Error: Failed to parse final JSON.'},Richland County,"{'answer_em': 0.0, 'answer_f1': 0.0, 'answer_precision': 0.0, 'answer_recall': 0.0, 'support_f1': 0.0, 'support_precision': 0.0, 'support_recall': 0.0, 'error': 1}"
4hop1__749065_698949_157828_239539,"Where are the headquarters of the Radio Television, of the country whose co-official language was used in the film named after the city where Slavko Šurdonja?",{'answer': 'Error: Failed to parse final JSON.'},Pristina,"{'answer_em': 0.0, 'answer_f1': 0.0, 'answer_precision': 0.0, 'answer_recall': 0.0, 'support_f1': 0.0, 'support_precision': 0.0, 'support_recall': 0.0, 'error': 1}"
3hop1__222380_443779_52195,Who is the president of the newly declared independent country that is part of the Commission of Truth and Friendship with the country where Buru is located?,{'answer': 'Error: Failed to parse final JSON.'},Francisco Guterres,"{'answer_em': 0.0, 'answer_f1': 0.0, 'answer_precision': 0.0, 'answer_recall': 0.0, 'support_f1': 0.0, 'support_precision': 0.0, 'support_recall': 0.0, 'error': 1}"
2hop__530579_13529,When was the father of Diego Sinagra signed by Barcelona?,"{'answer': 'June 1982', 'supporting_facts': ['In June 1982, Diego Maradona was signed for a world record fee of £5 million from Boca Juniors.', 'Diego Armando Maradona Sinagra (born 20 September 1986) is an Italian footballer and beach soccer player, who plays for A.S.D San Giorgio in Italy. He is the son of Argentine national footballer Diego Maradona.']}",June 1982,"{'answer_em': 1.0, 'answer_f1': 1.0, 'answer_precision': 1.0, 'answer_recall': 1.0, 'support_f1': 0.0, 'support_precision': 0.0, 'support_recall': 0.0, 'accuracy': 1.0}"
4hop2__161602_426860_88460_20988,What major conflict is the country between the country that hosted the tournament and the country where That Dam is from known for?,"{'answer': 'None, the countries are Russia and Laos, and there is no major conflict mentioned between them', 'supporting_facts': ['Russia was announced as the host on 2 December 2010 after the country was awarded the hosting rights of the 2018 FIFA World Cup.', 'That Dam (Lao ທາດດຳ, meaning Black Stupa) is a large stupa located in Vientiane, Laos.', 'There is no information in the provided context about a major conflict between Russia and Laos.']}",one of the world's longest-running ongoing civil wars.,"{'answer_em': 0.0, 'answer_f1': 0.0, 'answer_precision': 0.0, 'answer_recall': 0.0, 'support_f1': 0.0, 'support_precision': 0.0, 'support_recall': 0.0, 'accuracy': 0.0}"
3hop1__622497_160088_49779,Who is the host of Who Wants to be a Millionaire in the country that the producer of The Wild Women of Chastity Gulch is from?,{'answer': 'Error: Failed to parse final JSON.'},Chris Harrison,"{'answer_em': 0.0, 'answer_f1': 0.0, 'answer_precision': 0.0, 'answer_recall': 0.0, 'support_f1': 0.0, 'support_precision': 0.0, 'support_recall': 0.0, 'error': 1}"
2hop__14_59409,Who was Beyonce's husband talking about in the the song Cry?,"{'answer': 'Three different past relationships', 'supporting_facts': ['In an interview with Bill Maher, Jay - Z stated that this song was actually inspired by three different relationships he had in the past, and he wrote about his different experiences all together in different verses.']}",three different relationships he had in the past,"{'answer_em': 0.0, 'answer_f1': 0.7272727272727273, 'answer_precision': 1.0, 'answer_recall': 0.5714285714285714, 'support_f1': 0.0, 'support_precision': 0.0, 'support_recall': 0.0, 'accuracy': 0.7272727272727273}"
4hop1__51465_53706_795904_580996,What shares a border with the city where the person who went to the state where most billionaires in America live during the gold rush works?,{'answer': 'Error: Failed to parse final JSON.'},Rio Linda,"{'answer_em': 0.0, 'answer_f1': 0.0, 'answer_precision': 0.0, 'answer_recall': 0.0, 'support_f1': 0.0, 'support_precision': 0.0, 'support_recall': 0.0, 'error': 1}"
2hop__5658_25002,How long did the pact last between Kravchuk and the person who signed the decree suspending the Communist Party of the Russian SFSR?,"{'answer': '10 years', 'supporting_facts': ['On November 19, the chairmen of the Ukrainian and Russian parliaments, respectively, Kravchuk and Yeltsin, signed a 10-year bilateral pact.', 'On August 23, after the failure of GKChP, in the presence of Gorbachev, Yeltsin signed a decree suspending all activity by the Communist Party of the Russian SFSR in the territory of Russia.']}",10-year,"{'answer_em': 0.0, 'answer_f1': 0.0, 'answer_precision': 0.0, 'answer_recall': 0.0, 'support_f1': 0.0, 'support_precision': 0.0, 'support_recall': 0.0, 'accuracy': 0.0}"
2hop__66167_88526,Who was picked before the player who has the most points in an NBA season in the NBA draft?,"{'answer': 'No one', 'supporting_facts': ['Wilt Chamberlain holds the all - time records for total points scored (4,029) and points per game (50.4) in a season; both records were achieved in the 1961 -- 62 season.', 'The 1950 NBA draft was the fourth annual draft of the National Basketball Association (NBA).', 'He also holds the rookie records for points per game when he averaged 37.6 points in the 1959 -- 60 season.']}",Greg Oden,"{'answer_em': 0.0, 'answer_f1': 0.0, 'answer_precision': 0.0, 'answer_recall': 0.0, 'support_f1': 0.0, 'support_precision': 0.0, 'support_recall': 0.0, 'accuracy': 0.0}"
2hop__485221_544917,What body of water includes the terrain feature where Coffee Swamp is located?,"{'answer': 'Lake Michigan', 'supporting_facts': ['Coffee Swamp is a two acre freshwater swamp located on the northern edge of Washington Island, in Door County Wisconsin and is a designated state natural area since 1994.', 'Washington Island is an uninhabited island in Lake Superior, however, the context also mentions another Washington Island, and this one is located in Door County Wisconsin, which is near Lake Michigan.']}",Lake Superior,"{'answer_em': 0.0, 'answer_f1': 0.5, 'answer_precision': 0.5, 'answer_recall': 0.5, 'support_f1': 0.0, 'support_precision': 0.0, 'support_recall': 0.0, 'accuracy': 0.5}"
3hop1__622497_160088_73916,What is the average yearly income for someone with the same nationality as the producer of The Wild Women of Chastity Gulch?,{'answer': 'Error: Failed to parse final JSON.'},"$72,641","{'answer_em': 0.0, 'answer_f1': 0.0, 'answer_precision': 0.0, 'answer_recall': 0.0, 'support_f1': 0.0, 'support_precision': 0.0, 'support_recall': 0.0, 'error': 1}"
2hop__35566_17873,What happened to Buckingham after the departure of the queen who Martha Ann Ricks presented the famed Liberian coffee tree to?,{'answer': 'Error: Failed to parse final JSON.'},"palace was seldom used, even neglected","{'answer_em': 0.0, 'answer_f1': 0.0, 'answer_precision': 0.0, 'answer_recall': 0.0, 'support_f1': 0.0, 'support_precision': 0.0, 'support_recall': 0.0, 'error': 1}"
3hop2__326964_263934_7713,How long had the place of birth of Tang Jinhua been the capital city of the Yaxing Coach headquarters location?,{'answer': 'Error: Failed to parse final JSON.'},about 400 years,"{'answer_em': 0.0, 'answer_f1': 0.0, 'answer_precision': 0.0, 'answer_recall': 0.0, 'support_f1': 0.0, 'support_precision': 0.0, 'support_recall': 0.0, 'error': 1}"
3hop1__145427_106426_77199,When did the USA declare war on the country that produced The Longest Night in the city where You Wenhui was born?,{'answer': 'Error: Failed to parse final JSON.'},"December 8, 1941","{'answer_em': 0.0, 'answer_f1': 0.0, 'answer_precision': 0.0, 'answer_recall': 0.0, 'support_f1': 0.0, 'support_precision': 0.0, 'support_recall': 0.0, 'error': 1}"
4hop2__71753_729371_70784_61381,When was the region immediately north of the region home to Israel and the location of Operation Earnest Will established?,{'answer': 'Error: Failed to parse final JSON.'},1932,"{'answer_em': 0.0, 'answer_f1': 0.0, 'answer_precision': 0.0, 'answer_recall': 0.0, 'support_f1': 0.0, 'support_precision': 0.0, 'support_recall': 0.0, 'error': 1}"
2hop__13539_13493,"In 2009, what series of wins did the team who won the first match in the 1943 Copa del Generalissimo achieve?",{'answer': 'Error: Failed to parse final JSON.'},continental treble,"{'answer_em': 0.0, 'answer_f1': 0.0, 'answer_precision': 0.0, 'answer_recall': 0.0, 'support_f1': 0.0, 'support_precision': 0.0, 'support_recall': 0.0, 'error': 1}"
3hop1__796649_720914_27537,Why did Roncalli leave the city where the creator of Flora died?,{'answer': 'Error: Failed to parse final JSON.'},for the conclave in Rome,"{'answer_em': 0.0, 'answer_f1': 0.0, 'answer_precision': 0.0, 'answer_recall': 0.0, 'support_f1': 0.0, 'support_precision': 0.0, 'support_recall': 0.0, 'error': 1}"
2hop__9285_42311,What's the largest med school in what was the nobilities commonwealth?,"{'answer': 'The Medical University of Warsaw', 'supporting_facts': [""The Polish term 'szlachta' designated the formalized, hereditary noble class of Polish-Lithuanian Commonwealth."", 'The Medical University of Warsaw, the largest medical school in Poland and one of the most prestigious,']}",Medical University of Warsaw,"{'answer_em': 1.0, 'answer_f1': 1.0, 'answer_precision': 1.0, 'answer_recall': 1.0, 'support_f1': 0.0, 'support_precision': 0.0, 'support_recall': 0.0, 'accuracy': 1.0}"
4hop1__9007_698949_157828_239539,The original language of the film titled and about the city of Tito's final resting place is the co-official language of a country. Where are the headquarters for that country's national radio and TV broadcaster?,{'answer': 'Error: Failed to parse final JSON.'},Pristina,"{'answer_em': 0.0, 'answer_f1': 0.0, 'answer_precision': 0.0, 'answer_recall': 0.0, 'support_f1': 0.0, 'support_precision': 0.0, 'support_recall': 0.0, 'error': 1}"
2hop__497191_129669,In which district was Alhandra born?,"{'answer': 'Lisbon District', 'supporting_facts': ['Vila Franca de Xira is a municipality in the Lisbon District in Portugal.', 'Luís Miguel Assunção Joaquim (born 5 March 1979 in Vila Franca de Xira, Lisbon), known as Alhandra, is a Portuguese retired footballer who played mainly as a left back – he could also appear as a midfielder.']}",Lisbon District,"{'answer_em': 1.0, 'answer_f1': 1.0, 'answer_precision': 1.0, 'answer_recall': 1.0, 'support_f1': 0.0, 'support_precision': 0.0, 'support_recall': 0.0, 'accuracy': 1.0}"
3hop1__131110_39743_24526,"In the state that includes Walnut Spring, what's the typical winter daytime temperature range in the region of Richmond?","{'answer': 'upper 40s–lower 50s °F (8–12 °C)', 'supporting_facts': ['The Piedmont is colder than the coast, with temperatures usually averaging in the upper 40s–lower 50s °F (8–12 °C) during the day and often dropping below the freezing point at night.', 'Richmond is located in the Piedmont region of Virginia, at the highest navigable point of the James River.']}",upper 40s–lower 50s °F,"{'answer_em': 0.0, 'answer_f1': 0.8, 'answer_precision': 0.6666666666666666, 'answer_recall': 1.0, 'support_f1': 0.0, 'support_precision': 0.0, 'support_recall': 0.0, 'accuracy': 0.8}"
3hop1__9285_5188_23307,"What month did the Tripartite discussions begin between Britain, France, and the country where, despite being headquartered in the nation called the nobilities commonwealth, the top-ranking Warsaw Pact operatives originated?","{'answer': 'June', 'supporting_facts': ['In mid-June, the main Tripartite negotiations started.']}",mid-June,"{'answer_em': 0.0, 'answer_f1': 0.0, 'answer_precision': 0.0, 'answer_recall': 0.0, 'support_f1': 0.0, 'support_precision': 0.0, 'support_recall': 0.0, 'accuracy': 0.0}"
2hop__16844_42173,When was the ruler that was dissolved after the Indian Rebellion of 1857 established?,{'answer': 'Error: Failed to parse final JSON.'},1599,"{'answer_em': 0.0, 'answer_f1': 0.0, 'answer_precision': 0.0, 'answer_recall': 0.0, 'support_f1': 0.0, 'support_precision': 0.0, 'support_recall': 0.0, 'error': 1}"
3hop1__671542_665330_47686,Where do greyhound buses leave from in the city where the performer of Darlings formed?,{'answer': 'Error: Failed to parse final JSON.'},Toronto Coach Terminal,"{'answer_em': 0.0, 'answer_f1': 0.0, 'answer_precision': 0.0, 'answer_recall': 0.0, 'support_f1': 0.0, 'support_precision': 0.0, 'support_recall': 0.0, 'error': 1}"
3hop1__672543_503371_21711,"When was the Palau de la Generalitat built in the place of death of Martin, of the region containing Piedratajada?",{'answer': 'Error: Failed to parse final JSON.'},built in the 15th century,"{'answer_em': 0.0, 'answer_f1': 0.0, 'answer_precision': 0.0, 'answer_recall': 0.0, 'support_f1': 0.0, 'support_precision': 0.0, 'support_recall': 0.0, 'error': 1}"
4hop2__161602_426860_88460_21062,Are there any cruise travel destinations for the country lying between the country hosting the tournament and the country having That Dam?,{'answer': 'Error: Failed to parse final JSON.'},It is not possible for foreigners to go to/from Myanmar by sea or river.,"{'answer_em': 0.0, 'answer_f1': 0.0, 'answer_precision': 0.0, 'answer_recall': 0.0, 'support_f1': 0.0, 'support_precision': 0.0, 'support_recall': 0.0, 'error': 1}"
3hop1__404541_629431_124169,When did the Governorship end of the city where the author of Paenitentiam Agere died?,{'answer': 'Error: Failed to parse final JSON.'},1952,"{'answer_em': 0.0, 'answer_f1': 0.0, 'answer_precision': 0.0, 'answer_recall': 0.0, 'support_f1': 0.0, 'support_precision': 0.0, 'support_recall': 0.0, 'error': 1}"
2hop__648648_173389,The city which contains Broadhurst Park shares a border with what town?,"{'answer': 'Middleton', 'supporting_facts': ['Broadhurst Park is a football ground in Moston, Manchester, England.', ""It is located in the south west of Chadderton, close to the town's common borders with Middleton to the west and Moston in the City of Manchester which lies to the south.""]}",Middleton,"{'answer_em': 1.0, 'answer_f1': 1.0, 'answer_precision': 1.0, 'answer_recall': 1.0, 'support_f1': 0.0, 'support_precision': 0.0, 'support_recall': 0.0, 'accuracy': 1.0}"
2hop__32441_522949,Who is the spouse of the other president Jenkins Orphanage played for that wasn't Taft?,"{'answer': 'Edith Roosevelt', 'supporting_facts': ['The Jenkins Orphanage Band played in the inaugural parades of Presidents Theodore Roosevelt and William Taft and toured the USA and Europe.', 'Edith Roosevelt (Derby) Williams (June 17, 1917 – June 8, 2008) was a historian, conservationist, and granddaughter of the 26th President of the United States Theodore Roosevelt.']}",Edith Roosevelt,"{'answer_em': 1.0, 'answer_f1': 1.0, 'answer_precision': 1.0, 'answer_recall': 1.0, 'support_f1': 0.0, 'support_precision': 0.0, 'support_recall': 0.0, 'accuracy': 1.0}"
3hop1__662413_42197_18397,Where did the arguer that Kirill Eskov's country of citizenship had become an imperialist power declare he would intervene in the Korean conflict?,"{'answer': 'China', 'supporting_facts': ['Mao Zedong once argued that the Soviet Union had itself become an imperialist power while maintaining a socialist façade.', ""On 4 August 1950, with the PRC invasion of Taiwan aborted, Mao Zedong reported to the Politburo that he would intervene in Korea when the People's Liberation Army's (PLA) Taiwan invasion force was reorganized into the PLA North East Frontier Force.""]}",the Politburo,"{'answer_em': 0.0, 'answer_f1': 0.0, 'answer_precision': 0.0, 'answer_recall': 0.0, 'support_f1': 0.0, 'support_precision': 0.0, 'support_recall': 0.0, 'accuracy': 0.0}"
3hop1__140855_2053_52946,"When is Celebrity Big Brother coming to the network that, along with the original network of Then Came Bronson and ABC, is based in New York?","{'answer': 'February 7, 2018', 'supporting_facts': ['Then Came Bronson is an American adventure/drama television series starring Michael Parks that aired on NBC.', 'The three major American broadcast networks are all headquartered in New York: ABC, CBS, and NBC.', 'CBS announced that the series is set to premiere on February 7, 2018 and conclude on February 25, 2018.']}","February 7, 2018","{'answer_em': 1.0, 'answer_f1': 1.0, 'answer_precision': 1.0, 'answer_recall': 1.0, 'support_f1': 0.0, 'support_precision': 0.0, 'support_recall': 0.0, 'accuracy': 1.0}"
2hop__93230_319887,What institute did the actor playing the voice of John Smith in Pocahontas attend?,{'answer': 'Error: Failed to parse final JSON.'},National Institute of Dramatic Art,"{'answer_em': 0.0, 'answer_f1': 0.0, 'answer_precision': 0.0, 'answer_recall': 0.0, 'support_f1': 0.0, 'support_precision': 0.0, 'support_recall': 0.0, 'error': 1}"
4hop3__323121_88460_30152_20999,How were people from whom new coins were a proclamation of independence by the Somali Muslim Ajuran Empire expelled from the natural boundary between Thailand and A Magne's country?,{'answer': 'Error: Failed to parse final JSON.'},The dynasty regrouped and defeated the Portuguese,"{'answer_em': 0.0, 'answer_f1': 0.0, 'answer_precision': 0.0, 'answer_recall': 0.0, 'support_f1': 0.0, 'support_precision': 0.0, 'support_recall': 0.0, 'error': 1}"
2hop__517145_367341,Who is the child of the cast member of Green Ice?,"{'answer': 'None', 'supporting_facts': ['Green Ice is the soundtrack to the 1981 United Kingdom science fiction film ""Green Ice"" starring Ryan O\'Neal.', 'The soundtrack was recorded by Bill Wyman and contains 18 original songs.']}",Tatum O'Neal,"{'answer_em': 0.0, 'answer_f1': 0.0, 'answer_precision': 0.0, 'answer_recall': 0.0, 'support_f1': 0.0, 'support_precision': 0.0, 'support_recall': 0.0, 'accuracy': 0.0}"
2hop__29893_29898,Which affiliate left the company that owns and operates most of the CBC television stations due to an agreement with CHBC?,"{'answer': 'CFJC-TV', 'supporting_facts': ['When a private CBC affiliate reaffiliates with another network, the CBC has normally added a retransmitter of its nearest O&O station to ensure that CBC service is continued. However, due to an agreement between CHBC and CFJC-TV in Kamloops, CFJC also disaffiliated from the CBC on February 27, 2006, but no retransmitters were installed in the licence area.']}",CFJC-TV in Kamloops,"{'answer_em': 0.0, 'answer_f1': 0.5, 'answer_precision': 1.0, 'answer_recall': 0.3333333333333333, 'support_f1': 0.0, 'support_precision': 0.0, 'support_recall': 0.0, 'accuracy': 0.5}"
3hop1__109422_720914_27537,Why did Roncalli leave the place of death of The Punishment of Tythus' creator?,{'answer': 'Error: Failed to parse final JSON.'},for the conclave in Rome,"{'answer_em': 0.0, 'answer_f1': 0.0, 'answer_precision': 0.0, 'answer_recall': 0.0, 'support_f1': 0.0, 'support_precision': 0.0, 'support_recall': 0.0, 'error': 1}"
4hop1__145422_698949_157828_162309,"When did the country, that has the original language of the film named after Vladimir Karalić's birthplace as a co-official language, first attend the Olympics as an independent team?",{'answer': 'Error: Failed to parse final JSON.'},2016,"{'answer_em': 0.0, 'answer_f1': 0.0, 'answer_precision': 0.0, 'answer_recall': 0.0, 'support_f1': 0.0, 'support_precision': 0.0, 'support_recall': 0.0, 'error': 1}"
2hop__754021_20057,Who started the organization that founded Defective by Design?,"{'answer': 'Richard Stallman', 'supporting_facts': ['Defective by Design is an anti-DRM initiative by the Free Software Foundation.', 'Free Software Foundation founder Richard Stallman argues that, although the term intellectual property is in wide use, it should be rejected altogether, because it ""systematically distorts and confuses these issues, and its use was and is promoted by those who gain from this confusion"".']}",Richard Stallman,"{'answer_em': 1.0, 'answer_f1': 1.0, 'answer_precision': 1.0, 'answer_recall': 1.0, 'support_f1': 0.0, 'support_precision': 0.0, 'support_recall': 0.0, 'accuracy': 1.0}"
2hop__29191_59955,What country is between Lithuania and Frederic Chopin's home country?,{'answer': 'Error: Failed to parse final JSON.'},Kaliningrad Oblast,"{'answer_em': 0.0, 'answer_f1': 0.0, 'answer_precision': 0.0, 'answer_recall': 0.0, 'support_f1': 0.0, 'support_precision': 0.0, 'support_recall': 0.0, 'error': 1}"
2hop__35989_623159,In what oblast is the oldest city in the northeast located?,"{'answer': 'Yaroslavl Oblast', 'supporting_facts': ['Rostov () is a town in Yaroslavl Oblast, Russia, one of the oldest in the country and a tourist center of the Golden Ring.', ""The city of Rostov, the oldest centre of the northeast, was supplanted first by Suzdal and then by the city of Vladimir, which become the capital of Vladimir-Suzdal'.""]}",Yaroslavl Oblast,"{'answer_em': 1.0, 'answer_f1': 1.0, 'answer_precision': 1.0, 'answer_recall': 1.0, 'support_f1': 0.0, 'support_precision': 0.0, 'support_recall': 0.0, 'accuracy': 1.0}"
2hop__62823_654855,"What political party was the candidate who garnered a million votes during the 1920 election despite being in prison, a member of?","{'answer': 'Socialist Party', 'supporting_facts': ['Socialist Party candidate Eugene V. Debs received 913,664 popular votes (3.4 percent), despite the fact that he was in prison at the time for advocating non-compliance with the draft during World War I.']}",Socialist Party of America,"{'answer_em': 0.0, 'answer_f1': 0.6666666666666666, 'answer_precision': 1.0, 'answer_recall': 0.5, 'support_f1': 0.0, 'support_precision': 0.0, 'support_recall': 0.0, 'accuracy': 0.6666666666666666}"
2hop__839126_472799,Which competition did the performer of Cadore 33 participated?,"{'answer': 'Eurovision Song Contest 1991', 'supporting_facts': ['Popular Spanish singer Sergio Dalma followed 2011\'s four-times platinum ""Via Dalma II"" with ""Cadore 33.""', 'Spain was represented by Sergio Dalma at the Eurovision Song Contest 1991, held in Rome, Italy.']}",Eurovision Song Contest 1991,"{'answer_em': 1.0, 'answer_f1': 1.0, 'answer_precision': 1.0, 'answer_recall': 1.0, 'support_f1': 0.0, 'support_precision': 0.0, 'support_recall': 0.0, 'accuracy': 1.0}"
3hop1__857_846_7701,When did the city where the Yongle emperor greeted the person to whom the edict was addressed become the Chinese national capital?,{'answer': 'Error: Failed to parse final JSON.'},Jin dynasty,"{'answer_em': 0.0, 'answer_f1': 0.0, 'answer_precision': 0.0, 'answer_recall': 0.0, 'support_f1': 0.0, 'support_precision': 0.0, 'support_recall': 0.0, 'error': 1}"
3hop1__497845_629431_64412,When did the place where the author of Princeps Pastorum died become its own country?,{'answer': 'Error: Failed to parse final JSON.'},11 February 1929,"{'answer_em': 0.0, 'answer_f1': 0.0, 'answer_precision': 0.0, 'answer_recall': 0.0, 'support_f1': 0.0, 'support_precision': 0.0, 'support_recall': 0.0, 'error': 1}"
2hop__556426_9237,When did the first mosque open where Air Marshall Islands is headquartered?,"{'answer': 'September 2012', 'supporting_facts': ['Air Marshall Islands is an airline based in Majuro, in the Marshall Islands.', 'There is also a small community of Ahmadiyya Muslims based in Majuro, with the first mosque opening in the capital in September 2012.']}",September 2012,"{'answer_em': 1.0, 'answer_f1': 1.0, 'answer_precision': 1.0, 'answer_recall': 1.0, 'support_f1': 0.0, 'support_precision': 0.0, 'support_recall': 0.0, 'accuracy': 1.0}"
4hop1__31333_59747_211319_557671,Which county shares a border with the county where the most populous city in the other state that sent Tennessee the most tourists in 2013 is located?,{'answer': 'Error: Failed to parse final JSON.'},Presque Isle County,"{'answer_em': 0.0, 'answer_f1': 0.0, 'answer_precision': 0.0, 'answer_recall': 0.0, 'support_f1': 0.0, 'support_precision': 0.0, 'support_recall': 0.0, 'error': 1}"
2hop__593866_80026,"In Willy Wonka and the Chocolate Factory, who played the character that the group who performs MMXIV was named after?","{'answer': 'Julie Dawn Cole', 'supporting_facts': ['MMXIV is a 2014 EP by Veruca Salt.', ""Julie Dawn Cole (born 26 October 1957) is an English actress who has been active for some 40 years. She began as a child performer in what remains her best - remembered film, 1971's Willy Wonka & the Chocolate Factory, playing the spoiled Veruca Salt.""]}",Julie Dawn Cole,"{'answer_em': 1.0, 'answer_f1': 1.0, 'answer_precision': 1.0, 'answer_recall': 1.0, 'support_f1': 0.0, 'support_precision': 0.0, 'support_recall': 0.0, 'accuracy': 1.0}"
3hop1__857_846_7795,"In 2011, what was the estimated population of the city where the Yongle emperor greeted the person to whom the edict was addressed?","{'answer': '8.11 million', 'supporting_facts': ['The Yongle Emperor came out of the palace in Nanjing to greet the Karmapa and did not require him to kowtow like a tributary vassal.', 'The statistics in 2011 estimated the total population to be 8.11 million.']}",8.11 million,"{'answer_em': 1.0, 'answer_f1': 1.0, 'answer_precision': 1.0, 'answer_recall': 1.0, 'support_f1': 0.0, 'support_precision': 0.0, 'support_recall': 0.0, 'accuracy': 1.0}"
3hop1__469478_15840_36002,What were the Genesis's advantages over the platform that plays Sunman?,"{'answer': 'The Genesis had a larger library of games and a lower price point.', 'supporting_facts': [""Despite the Genesis's head start, much larger library of games, and lower price point, the Genesis only represented an estimated 60% of the American 16-bit console market in June 1992, and neither console could maintain a definitive lead for several years."", 'Sunman is an unreleased action video game developed by EIM and planned to be published by Sunsoft for the Nintendo Entertainment System in 1992.']}",built on 16-bit architectures and offered improved graphics and sound,"{'answer_em': 0.0, 'answer_f1': 0.10000000000000002, 'answer_precision': 0.1, 'answer_recall': 0.1, 'support_f1': 0.0, 'support_precision': 0.0, 'support_recall': 0.0, 'accuracy': 0.10000000000000002}"
2hop__747306_72813,"In The Wire, who is played by the Go for Broke cast member?",{'answer': 'Error: Failed to parse final JSON.'},a Western District uniformed officer,"{'answer_em': 0.0, 'answer_f1': 0.0, 'answer_precision': 0.0, 'answer_recall': 0.0, 'support_f1': 0.0, 'support_precision': 0.0, 'support_recall': 0.0, 'error': 1}"
4hop1__58323_375563_161848_53331,When was the death penalty abolished in the country near the country where the writer of The Book Thief is a citizen of?,{'answer': 'Error: Failed to parse final JSON.'},1989,"{'answer_em': 0.0, 'answer_f1': 0.0, 'answer_precision': 0.0, 'answer_recall': 0.0, 'support_f1': 0.0, 'support_precision': 0.0, 'support_recall': 0.0, 'error': 1}"
2hop__283298_22402,How many students attend the university employing Marie Theres Fögen?,"{'answer': 'nearly 25,000 students', 'supporting_facts': ['The biggest university in Switzerland is the University of Zurich with nearly 25,000 students.', 'Marie Theres Fögen taught Law at the University of Zurich and Harvard University (as visiting Professor) and was Director of the Max Planck Institute for European History of Law in Frankfurt am Main.']}","nearly 25,000","{'answer_em': 0.0, 'answer_f1': 0.8, 'answer_precision': 0.6666666666666666, 'answer_recall': 1.0, 'support_f1': 0.0, 'support_precision': 0.0, 'support_recall': 0.0, 'accuracy': 0.8}"
2hop__998_25855,What does dell call the feature letting the interface replacing FireWire in later iterations of the iPod drives to remain powered when the computer is off?,{'answer': 'Error: Failed to parse final JSON.'},PowerShare,"{'answer_em': 0.0, 'answer_f1': 0.0, 'answer_precision': 0.0, 'answer_recall': 0.0, 'support_f1': 0.0, 'support_precision': 0.0, 'support_recall': 0.0, 'error': 1}"
3hop1__408237_400692_51423,What is the name of the castle in the birthplace of Harmony's performer?,"{'answer': 'Casa Loma', 'supporting_facts': ['Sekou Lumumba is a Canadian musician, based in Toronto, who has been drummer for such artists and groups as ... Serena Ryder', 'Harmony is the sixth studio album by Canadian singer-songwriter Serena Ryder.', ""Casa Loma (Spanish for ``Hill House '') is a Gothic Revival style mansion and garden in midtown Toronto, Ontario, Canada, that is now a historic house museum and landmark.""]}",Casa Loma,"{'answer_em': 1.0, 'answer_f1': 1.0, 'answer_precision': 1.0, 'answer_recall': 1.0, 'support_f1': 0.0, 'support_precision': 0.0, 'support_recall': 0.0, 'accuracy': 1.0}"
2hop__72487_510545,Who is the spouse of the actor that plays vision in avengers age of ultron?,"{'answer': 'No information available', 'supporting_facts': ['Paul Bettany (born 27 May 1971) is an English actor.', 'He is known for his voice role as J.A.R.V.I.S. and the Vision in the Marvel Cinematic Universe, specifically the films Iron Man (2008), Iron Man 2 (2010), The Avengers (2012), Iron Man 3 (2013), Avengers: Age of Ultron (2015) and Captain America: Civil War (2016), for which he garnered praise.']}",Jennifer Connelly,"{'answer_em': 0.0, 'answer_f1': 0.0, 'answer_precision': 0.0, 'answer_recall': 0.0, 'support_f1': 0.0, 'support_precision': 0.0, 'support_recall': 0.0, 'accuracy': 0.0}"
3hop1__351696_42197_18397,Where did the person who argued that the country where Ural Oblast is located had become an imperialist power declare he would intervene in the Korean conflict?,{'answer': 'Error: Failed to parse final JSON.'},the Politburo,"{'answer_em': 0.0, 'answer_f1': 0.0, 'answer_precision': 0.0, 'answer_recall': 0.0, 'support_f1': 0.0, 'support_precision': 0.0, 'support_recall': 0.0, 'error': 1}"
3hop1__579562_629431_124169,What year did the Governor of the city where Pacem in Terris' author died end?,{'answer': 'Error: Failed to parse final JSON.'},1952,"{'answer_em': 0.0, 'answer_f1': 0.0, 'answer_precision': 0.0, 'answer_recall': 0.0, 'support_f1': 0.0, 'support_precision': 0.0, 'support_recall': 0.0, 'error': 1}"
4hop1__161765_53706_795904_580996,What city shares a border with the city where the person who went to the state where Englebart died during the gold rush works?,"{'answer': 'Oak Lawn', 'supporting_facts': ['Engelbart died at his home in Atherton, California on July 2, 2013, due to kidney failure.', 'Oak Lawn is a suburb of Chicago, located southwest of the city. It shares borders with the city in two areas, but is surrounded mostly by other suburbs.', 'Rumors of the discovery of gold were confirmed in March 1848 by San Francisco newspaper publisher and merchant Samuel Brannan.']}",Rio Linda,"{'answer_em': 0.0, 'answer_f1': 0.0, 'answer_precision': 0.0, 'answer_recall': 0.0, 'support_f1': 0.0, 'support_precision': 0.0, 'support_recall': 0.0, 'accuracy': 0.0}"
2hop__71294_494136,Who is the spouse of the actor who plays the father on I Can Only Imagine?,"{'answer': 'Not specified in the context', 'supporting_facts': ['The film stars J. Michael Finley as Bart Millard, the lead singer who wrote the song about his relationship with his father (Dennis Quaid).', 'Dennis Quaid is featured in the film Flesh and Bone, but his spouse is not mentioned in the context.', 'There is no information in the context about the spouse of Dennis Quaid, the actor who plays the father in I Can Only Imagine.']}",Meg Ryan,"{'answer_em': 0.0, 'answer_f1': 0.0, 'answer_precision': 0.0, 'answer_recall': 0.0, 'support_f1': 0.0, 'support_precision': 0.0, 'support_recall': 0.0, 'accuracy': 0.0}"
2hop__657913_88628,Who did the producer of Big Jim McLain play in True Grit?,{'answer': 'Error: Failed to parse final JSON.'},U.S. Marshal Rooster Cogburn,"{'answer_em': 0.0, 'answer_f1': 0.0, 'answer_precision': 0.0, 'answer_recall': 0.0, 'support_f1': 0.0, 'support_precision': 0.0, 'support_recall': 0.0, 'error': 1}"
2hop__699172_141338,What company is the school where Lawrence Landweber was educated a part of?,"{'answer': 'City University of New York', 'supporting_facts': ['Brooklyn College is a public college in Brooklyn, New York City. It is part of the City University of New York.', ""He received his bachelor's degree in 1963 at Brooklyn College and his Ph.D. at Purdue University in 1967.""]}",City University of New York,"{'answer_em': 1.0, 'answer_f1': 1.0, 'answer_precision': 1.0, 'answer_recall': 1.0, 'support_f1': 0.0, 'support_precision': 0.0, 'support_recall': 0.0, 'accuracy': 1.0}"
2hop__613779_55984,"Who wrote the song ""The Story"" that is sung by the performer of ""That Wasn't Me""?","{'answer': 'Phil Hanseroth', 'supporting_facts': ['The song is also featured in Grey\'s Anatomy in 2007 and is on Grey\'s Anatomy Soundtrack album 3 (released September 11). ""The Story ""is a song released as a single by American folk rock singer Brandi Carlile, written by Phil Hanseroth, from her 2007 album The Story.', '""That Wasn\'t Me"" is a song by American recording artist Brandi Carlile.']}",Phil Hanseroth,"{'answer_em': 1.0, 'answer_f1': 1.0, 'answer_precision': 1.0, 'answer_recall': 1.0, 'support_f1': 0.0, 'support_precision': 0.0, 'support_recall': 0.0, 'accuracy': 1.0}"
2hop__747667_52835,Who wrote Turn Me On by the Thinking About You performer?,{'answer': 'Error: Failed to parse final JSON.'},John D. Loudermilk,"{'answer_em': 0.0, 'answer_f1': 0.0, 'answer_precision': 0.0, 'answer_recall': 0.0, 'support_f1': 0.0, 'support_precision': 0.0, 'support_recall': 0.0, 'error': 1}"
3hop1__604797_443779_52195,who is the president of newly declared independent country which is the country of the country of Alabio –Timor Leste Commission of Truth and Friendship?,"{'answer': 'Francisco Guterres', 'supporting_facts': ['The Indonesia–Timor Leste Commission of Truth and Friendship was a truth commission established jointly by the governments of Indonesia and East Timor in August 2005.', 'President Francisco Guterres']}",Francisco Guterres,"{'answer_em': 1.0, 'answer_f1': 1.0, 'answer_precision': 1.0, 'answer_recall': 1.0, 'support_f1': 0.0, 'support_precision': 0.0, 'support_recall': 0.0, 'accuracy': 1.0}"
3hop2__802066_223623_162182,"In what region of the country where Châu Đức is found, is the birthplace of John Phan?",{'answer': 'Error: Failed to parse final JSON.'},South Central Coast,"{'answer_em': 0.0, 'answer_f1': 0.0, 'answer_precision': 0.0, 'answer_recall': 0.0, 'support_f1': 0.0, 'support_precision': 0.0, 'support_recall': 0.0, 'error': 1}"
4hop1__236903_153080_159767_81096,Who won the Indy Car Race in the largest city and state of the state where the performer of East Coasting is from?,{'answer': 'Error: Failed to parse final JSON.'},Mario Andretti,"{'answer_em': 0.0, 'answer_f1': 0.0, 'answer_precision': 0.0, 'answer_recall': 0.0, 'support_f1': 0.0, 'support_precision': 0.0, 'support_recall': 0.0, 'error': 1}"
2hop__2683_577502,Who married the governor who passed a law in honor of Donda West?,"{'answer': 'Maria Shriver', 'supporting_facts': [""California governor Arnold Schwarzenegger signed the 'Donda West Law', legislation which makes it mandatory for patients to provide medical clearance for elective cosmetic surgery."", 'journalist Maria Shriver (wife of California governor Arnold Schwarzenegger)']}",Maria Shriver,"{'answer_em': 1.0, 'answer_f1': 1.0, 'answer_precision': 1.0, 'answer_recall': 1.0, 'support_f1': 0.0, 'support_precision': 0.0, 'support_recall': 0.0, 'accuracy': 1.0}"
3hop2__304722_781203_63959,When was the last time the team who Bernard Lowe was a member of beat the winner of the 1894-95 FA Cup?,{'answer': 'Error: Failed to parse final JSON.'},1 December 2010,"{'answer_em': 0.0, 'answer_f1': 0.0, 'answer_precision': 0.0, 'answer_recall': 0.0, 'support_f1': 0.0, 'support_precision': 0.0, 'support_recall': 0.0, 'error': 1}"
3hop2__49541_121067_51068,The queen of england in 1890 is portrayed on the network that broadcast The Pacific Century by whom?,{'answer': 'Error: Failed to parse final JSON.'},Jenna - Louise Coleman,"{'answer_em': 0.0, 'answer_f1': 0.0, 'answer_precision': 0.0, 'answer_recall': 0.0, 'support_f1': 0.0, 'support_precision': 0.0, 'support_recall': 0.0, 'error': 1}"
2hop__55552_158105,What two features of Windows 98 were highlighted by the man who announced Windows in 1983?,"{'answer': 'Ease of use and enhanced support for Plug and Play (PnP)', 'supporting_facts': [""Microsoft CEO Bill Gates was highlighting the operating system's ease of use and enhanced support for Plug and Play (PnP)."", 'Microsoft Windows was announced by Bill Gates on November 10, 1983.']}",ease of use and enhanced support for Plug and Play,"{'answer_em': 0.0, 'answer_f1': 0.9523809523809523, 'answer_precision': 0.9090909090909091, 'answer_recall': 1.0, 'support_f1': 0.0, 'support_precision': 0.0, 'support_recall': 0.0, 'accuracy': 0.9523809523809523}"
2hop__124933_653666,Who is the mother of the father of Julia Murdock Smith?,"{'answer': 'Emma Hale Smith', 'supporting_facts': ['Julia Murdock Smith Dixon Middleton (May 1, 1831 – September 12, 1880) was an early member of the Latter Day Saint movement and the eldest surviving child and only daughter of Joseph Smith and Emma Hale Smith.']}",Lucy Mack Smith,"{'answer_em': 0.0, 'answer_f1': 0.3333333333333333, 'answer_precision': 0.3333333333333333, 'answer_recall': 0.3333333333333333, 'support_f1': 0.0, 'support_precision': 0.0, 'support_recall': 0.0, 'accuracy': 0.3333333333333333}"
2hop__848156_130869,What state contains the place where Fatata te Miti is displayed?,"{'answer': 'None, it is located in Washington, D.C. which is not a state', 'supporting_facts': ['Fatata te Miti is an 1892 oil painting by French artist Paul Gauguin, located in the National Gallery of Art, in Washington, DC.', 'The National Gallery of Art, and its attached Sculpture Garden, is a national art museum in Washington, D.C., located on the National Mall, between 3rd and 9th Streets, at Constitution Avenue NW.']}","Washington, D.C.","{'answer_em': 0.0, 'answer_f1': 0.3076923076923077, 'answer_precision': 0.18181818181818182, 'answer_recall': 1.0, 'support_f1': 0.0, 'support_precision': 0.0, 'support_recall': 0.0, 'accuracy': 0.3076923076923077}"
3hop1__79039_131926_13165,What treaty ceded territory to the US extending west to the river next to the city that's the home of the Juicy Lucy?,{'answer': 'Error: Failed to parse final JSON.'},Treaty of Paris,"{'answer_em': 0.0, 'answer_f1': 0.0, 'answer_precision': 0.0, 'answer_recall': 0.0, 'support_f1': 0.0, 'support_precision': 0.0, 'support_recall': 0.0, 'error': 1}"
2hop__527400_159673,"This cast member in ""Search for the Gods"" also plays a character in which film?","{'answer': 'Deepwater Horizon', 'supporting_facts': ['Search for the Gods is a 1975 television film directed by Jud Taylor, and stars Kurt Russell and Stephen McHattie.', ""On April 10, 2015, Deadline reported that Dylan O'Brien was in talks to play Caleb Holloway. Kurt Russell joined the film on the same day O'Brien was in talks.""]}",The Hateful Eight,"{'answer_em': 0.0, 'answer_f1': 0.0, 'answer_precision': 0.0, 'answer_recall': 0.0, 'support_f1': 0.0, 'support_precision': 0.0, 'support_recall': 0.0, 'accuracy': 0.0}"
4hop3__279362_88460_30152_20999,How were people from whom new coins were a proclamation of independence by the Somali Muslim Ajuran Empire expelled from the natural boundary between Thailand and Vat Yotkeo's country?,{'answer': 'Error: Failed to parse final JSON.'},The dynasty regrouped and defeated the Portuguese,"{'answer_em': 0.0, 'answer_f1': 0.0, 'answer_precision': 0.0, 'answer_recall': 0.0, 'support_f1': 0.0, 'support_precision': 0.0, 'support_recall': 0.0, 'error': 1}"
3hop1__57186_237521_291682,Who's married to the man who produced a documentary about the singer of She's Out of My Life?,"{'answer': 'Molly Price', 'supporting_facts': ['Michael Jackson: The Life of an Icon is a documentary film about pop singer Michael Jackson produced by his friend, David Gest.', 'Derek Kelly is married to former fellow cast member Molly Price; together they have a son named Jake who was born in November 2003.', ""She's Out of My Life ''is a song written by American songwriter Tom Bahler and performed by American recording artist Michael Jackson.""]}",Liza Minnelli,"{'answer_em': 0.0, 'answer_f1': 0.0, 'answer_precision': 0.0, 'answer_recall': 0.0, 'support_f1': 0.0, 'support_precision': 0.0, 'support_recall': 0.0, 'accuracy': 0.0}"
3hop2__132957_593597_40768,"When did the maker of Acura Legend, the manufacturer of Scion Fuse and Nissan open US assembly plants?",{'answer': 'Error: Failed to parse final JSON.'},1981,"{'answer_em': 0.0, 'answer_f1': 0.0, 'answer_precision': 0.0, 'answer_recall': 0.0, 'support_f1': 0.0, 'support_precision': 0.0, 'support_recall': 0.0, 'error': 1}"
3hop1__198276_709625_84283,Who is the owner of the record label of the performer of What Kind of Love?,"{'answer': 'Warner Music Group', 'supporting_facts': ['What Kind of Love is a song co-written and recorded by American country music artist Rodney Crowell.', ""Ain't Living Long Like This is the debut studio album by American country music singer-songwriter Rodney Crowell, released in 1978 by Warner Bros. Records."", 'Warner Bros. Records Parent company Warner Music Group Founded March 19, 1958; 60 years ago (1958 - 03 - 19)']}",Warner Music Group,"{'answer_em': 1.0, 'answer_f1': 1.0, 'answer_precision': 1.0, 'answer_recall': 1.0, 'support_f1': 0.0, 'support_precision': 0.0, 'support_recall': 0.0, 'accuracy': 1.0}"
2hop__35445_22458,What is the full name of the organization that publishes he Laws of the Game?,"{'answer': 'International Football Association Board', 'supporting_facts': ['The Laws of the Game are published by FIFA, but are maintained by the International Football Association Board (IFAB).']}",International Federation of Association Football,"{'answer_em': 0.0, 'answer_f1': 0.6666666666666665, 'answer_precision': 0.75, 'answer_recall': 0.6, 'support_f1': 0.0, 'support_precision': 0.0, 'support_recall': 0.0, 'accuracy': 0.6666666666666665}"
3hop2__668732_467331_162182,"In what region of the country containing An Phú, is the city with the Zone 5 Military Museum located?","{'answer': 'South Central Coast', 'supporting_facts': ['An Phú is a district of An Giang Province in the Mekong Delta region of Vietnam on the border with Cambodia.', 'The Zone 5 Military Museum (Bao Tang Khu 5) is a military museum located at 3 Duy Tân, Da Nang, Vietnam.', 'South Central Coast (Vietnamese: Duyên hải Nam Trung Bộ) is one of the regions of Vietnam. It consists of the independent municipality of Đà Nẵng and seven other provinces.']}",South Central Coast,"{'answer_em': 1.0, 'answer_f1': 1.0, 'answer_precision': 1.0, 'answer_recall': 1.0, 'support_f1': 0.0, 'support_precision': 0.0, 'support_recall': 0.0, 'accuracy': 1.0}"
2hop__89403_122023,Which university educated the scientist who developed an explanation for the photoelectric effect?,{'answer': 'Error: Failed to parse final JSON.'},Luitpold Gymnasium,"{'answer_em': 0.0, 'answer_f1': 0.0, 'answer_precision': 0.0, 'answer_recall': 0.0, 'support_f1': 0.0, 'support_precision': 0.0, 'support_recall': 0.0, 'error': 1}"
2hop__133241_33564,In what era was the company known as the manufacturer of Agni-V founded?,{'answer': 'Error: Failed to parse final JSON.'},From the 1950s to the 1970s,"{'answer_em': 0.0, 'answer_f1': 0.0, 'answer_precision': 0.0, 'answer_recall': 0.0, 'support_f1': 0.0, 'support_precision': 0.0, 'support_recall': 0.0, 'error': 1}"
2hop__822965_165304,Who is the child of the actor who is a cast member of Love in Pawn?,"{'answer': 'Kim Braden', 'supporting_facts': ['Love in Pawn is a 1953 British comedy film directed by Charles Saunders and starring Bernard Braden and Barbara Kelly.', 'B-And-B was a British sitcom starring Bernard Braden, his wife Barbara Kelly and their daughter Kim Braden.']}",Kim Braden,"{'answer_em': 1.0, 'answer_f1': 1.0, 'answer_precision': 1.0, 'answer_recall': 1.0, 'support_f1': 0.0, 'support_precision': 0.0, 'support_recall': 0.0, 'accuracy': 1.0}"
4hop3__129318_29339_508306_70744,University of the state having Fort Hill or university of the state whose primary was won by Edwards besides the state having James B. Simmons House has more national championships?,{'answer': 'Error: Failed to parse final JSON.'},University of South Carolina,"{'answer_em': 0.0, 'answer_f1': 0.0, 'answer_precision': 0.0, 'answer_recall': 0.0, 'support_f1': 0.0, 'support_precision': 0.0, 'support_recall': 0.0, 'error': 1}"
2hop__38030_23241,"According to Pew, in 2010, what percent of Nigeria's population practiced the religion dominant in the countries surrounding Armenia?",{'answer': 'Error: Failed to parse final JSON.'},48.8 percent,"{'answer_em': 0.0, 'answer_f1': 0.0, 'answer_precision': 0.0, 'answer_recall': 0.0, 'support_f1': 0.0, 'support_precision': 0.0, 'support_recall': 0.0, 'error': 1}"
2hop__150866_11402,"According to the agency that published U.S. and World Population Clock, what is the total area in square miles?","{'answer': 'Not specified', 'supporting_facts': [""The U.S. and World Population Clock presents the United States Census Bureau's continuously active approximations of both the population of the United States and the world's total population."", 'The population totals are based on the latest census information and national population estimates, which are used in the algorithms that run the two clocks.']}",17.037 square miles,"{'answer_em': 0.0, 'answer_f1': 0.0, 'answer_precision': 0.0, 'answer_recall': 0.0, 'support_f1': 0.0, 'support_precision': 0.0, 'support_recall': 0.0, 'accuracy': 0.0}"
2hop__132969_417697,What model of car was Mohammed Atta's vehicle that is from the company that makes Datsun Sports?,{'answer': 'Error: Failed to parse final JSON.'},Nissan Altima,"{'answer_em': 0.0, 'answer_f1': 0.0, 'answer_precision': 0.0, 'answer_recall': 0.0, 'support_f1': 0.0, 'support_precision': 0.0, 'support_recall': 0.0, 'error': 1}"
2hop__96414_159054,What was the story of the character from The Bourne Ultimatum based on?,"{'answer': 'The story of the character from The Bourne Ultimatum was based on the novel of the same name by Robert Ludlum.', 'supporting_facts': ['The Bourne Ultimatum is a 2007 action spy film directed by Paul Greengrass loosely based on the novel of the same name by Robert Ludlum.', ""The Bourne Ultimatum is the third Jason Bourne novel written by Robert Ludlum and a sequel to 'The Bourne Supremacy' (1986).""]}",the novel of the same name by Robert Ludlum,"{'answer_em': 0.0, 'answer_f1': 0.6086956521739131, 'answer_precision': 0.4375, 'answer_recall': 1.0, 'support_f1': 0.0, 'support_precision': 0.0, 'support_recall': 0.0, 'accuracy': 0.6086956521739131}"
2hop__304852_758385,What administrative territorial entity contains the place where KPRM is licensed to broadcast to?,"{'answer': 'Hubbard County', 'supporting_facts': ['KPRM (870 AM) is a radio station in Park Rapids, Minnesota.', 'Emmaville is an unincorporated community in Hubbard County, Minnesota, United States, half way between Park Rapids and Lake George.']}",Hubbard County,"{'answer_em': 1.0, 'answer_f1': 1.0, 'answer_precision': 1.0, 'answer_recall': 1.0, 'support_f1': 0.0, 'support_precision': 0.0, 'support_recall': 0.0, 'accuracy': 1.0}"
2hop__88906_55840,"In the King's Speech, who played the person who was the King of England in 1950?",{'answer': 'Error: Failed to parse final JSON.'},Colin Firth,"{'answer_em': 0.0, 'answer_f1': 0.0, 'answer_precision': 0.0, 'answer_recall': 0.0, 'support_f1': 0.0, 'support_precision': 0.0, 'support_recall': 0.0, 'error': 1}"
2hop__147260_623159,What territorial entity does the town where John the Hairy lived belong to?,"{'answer': 'Yaroslavl Oblast, Russia', 'supporting_facts': ['Blessed John the Hairy (, also known as John the Merciful of Rostov) was a holy fool (Yurodivy), of the Russian Orthodox Church in the second half of the 16th century.', 'Rostov () is a town in Yaroslavl Oblast, Russia, one of the oldest in the country and a tourist center of the Golden Ring.']}",Yaroslavl Oblast,"{'answer_em': 0.0, 'answer_f1': 0.8, 'answer_precision': 0.6666666666666666, 'answer_recall': 1.0, 'support_f1': 0.0, 'support_precision': 0.0, 'support_recall': 0.0, 'accuracy': 0.8}"
4hop2__161602_474028_88460_21074,Who runs the school system in the country on the natural boundary between the country that hosted the tournament and the country where A Don is from?,"{'answer': 'The Ministry of Education', 'supporting_facts': ['A Don is a village in south-eastern Laos near the border with Vietnam.', 'Myanmar (also known as Burma) is the northwestern-most country of mainland Southeast Asia, bordering China, India, Bangladesh, Thailand and Laos.', 'The educational system of Myanmar is operated by the government agency, the Ministry of Education.']}",the Ministry of Education,"{'answer_em': 1.0, 'answer_f1': 1.0, 'answer_precision': 1.0, 'answer_recall': 1.0, 'support_f1': 0.0, 'support_precision': 0.0, 'support_recall': 0.0, 'accuracy': 1.0}"
2hop__697729_576069,Adolf Overweg died in what geological area?,"{'answer': 'Lake Chad', 'supporting_facts': ['After 18 months of exploring the Adamawa Emirate, Benue River, and finally completing his most notable feat of circumnavigating Lake Chad, he died of an unknown illness in Maduari, Chad after swimming in cold waters.']}",Chad Basin,"{'answer_em': 0.0, 'answer_f1': 0.5, 'answer_precision': 0.5, 'answer_recall': 0.5, 'support_f1': 0.0, 'support_precision': 0.0, 'support_recall': 0.0, 'accuracy': 0.5}"
4hop2__160585_14670_8987_8974,Hana Mandlikova was born in Country A that invaded Country B because the military branch the Air Defense Artillery is part of was unprepared. Country B was the only communist country to have an embassy where?,{'answer': 'Error: Failed to parse final JSON.'},Alfredo Stroessner's Paraguay,"{'answer_em': 0.0, 'answer_f1': 0.0, 'answer_precision': 0.0, 'answer_recall': 0.0, 'support_f1': 0.0, 'support_precision': 0.0, 'support_recall': 0.0, 'error': 1}"
2hop__95970_152907,What city is the star of Sous les pieds des femmes from?,"{'answer': 'Tunis', 'supporting_facts': ['Claudia Cardinale was born Claude Joséphine Rose Cardinale in La Goulette, a neighborhood of Tunis, French protectorate of Tunisia, on 15 April 1938.', 'Sous les pieds des femmes (also known as ""Under Women\'s Feet"") is a 1997 French drama film written and directed by Rachida Krim and starring Claudia Cardinale.']}",La Goulette,"{'answer_em': 0.0, 'answer_f1': 0.0, 'answer_precision': 0.0, 'answer_recall': 0.0, 'support_f1': 0.0, 'support_precision': 0.0, 'support_recall': 0.0, 'accuracy': 0.0}"
2hop__82051_7298,"Along with the subject of The One That Got Away, what notable pop artist started out his career on adult contemporary radio?","{'answer': 'Josh Groban', 'supporting_facts': ['While most artists became established in other formats before moving to adult contemporary, Michael Bublé and Josh Groban started out as AC artists.', ""In 2017, the singer revealed that ``The One That Got Away ''was about Josh Groban.""]}",Michael Bublé,"{'answer_em': 0.0, 'answer_f1': 0.0, 'answer_precision': 0.0, 'answer_recall': 0.0, 'support_f1': 0.0, 'support_precision': 0.0, 'support_recall': 0.0, 'accuracy': 0.0}"
2hop__96812_130869,The Small Cowper Madonna painting is displayed in what state?,"{'answer': 'Massachusetts', 'supporting_facts': ['In 2015 the National Gallery of Art loaned the ""Small Cowper Madonna"" to the Worcester Art Museum in Massachusetts (U.S.) to be exhibited alongside ""The Virgin and Child (The Northbrook Madonna)"".']}","Washington, D.C.","{'answer_em': 0.0, 'answer_f1': 0.0, 'answer_precision': 0.0, 'answer_recall': 0.0, 'support_f1': 0.0, 'support_precision': 0.0, 'support_recall': 0.0, 'accuracy': 0.0}"
2hop__95687_577502,Who is the spouse of the leading actor in the film The 6th Day?,"{'answer': 'Maria Shriver', 'supporting_facts': ['The 6th Day is a 2000 American science fiction action film directed by Roger Spottiswoode and starring Arnold Schwarzenegger, Tony Goldwyn, Michael Rapaport and Robert Duvall.', 'journalist Maria Shriver (wife of California governor Arnold Schwarzenegger)']}",Maria Shriver,"{'answer_em': 1.0, 'answer_f1': 1.0, 'answer_precision': 1.0, 'answer_recall': 1.0, 'support_f1': 0.0, 'support_precision': 0.0, 'support_recall': 0.0, 'accuracy': 1.0}"
2hop__87589_362941,Where was the founder of the National Women's Party born?,"{'answer': 'Mount Laurel Township, New Jersey', 'supporting_facts': [""Paulsdale, in Mount Laurel Township, New Jersey, was the birthplace and childhood home of Alice Paul, a major leader in the Women's suffrage movement in the United States.""]}",Mount Laurel Township,"{'answer_em': 0.0, 'answer_f1': 0.7499999999999999, 'answer_precision': 0.6, 'answer_recall': 1.0, 'support_f1': 0.0, 'support_precision': 0.0, 'support_recall': 0.0, 'accuracy': 0.7499999999999999}"
2hop__160292_23241,"According to Pew, in 2010, what percent of Nigeria's population practiced the religion of most of the workers?",{'answer': 'Error: Failed to parse final JSON.'},48.8 percent,"{'answer_em': 0.0, 'answer_f1': 0.0, 'answer_precision': 0.0, 'answer_recall': 0.0, 'support_f1': 0.0, 'support_precision': 0.0, 'support_recall': 0.0, 'error': 1}"
4hop1__813171_153080_159767_81096,Who won the Indy car race in the largest city and capitol of the state where the Changes Two performer is from?,"{'answer': 'Mario Andretti', 'supporting_facts': ['Charles Mingus was born in Nogales, Arizona.', 'Its capital and largest city is Phoenix.', 'Long considered a popular Indy car track, Phoenix has a rich history of open wheel races, including a spectacular crash involving Johnny Rutherford (1980), and the final career victory for Indy legend Mario Andretti (1993).']}",Mario Andretti,"{'answer_em': 1.0, 'answer_f1': 1.0, 'answer_precision': 1.0, 'answer_recall': 1.0, 'support_f1': 0.0, 'support_precision': 0.0, 'support_recall': 0.0, 'accuracy': 1.0}"
4hop1__88342_49853_128008_46894,Who has the lowest batting average in the league that the team that has won the most titles from the competition they give out MVP awards plays for?,{'answer': 'Error: Failed to parse final JSON.'},Bill Bergen,"{'answer_em': 0.0, 'answer_f1': 0.0, 'answer_precision': 0.0, 'answer_recall': 0.0, 'support_f1': 0.0, 'support_precision': 0.0, 'support_recall': 0.0, 'error': 1}"
3hop1__76377_40769_64047,When did the luxury division of the top selling car brand change the body style of the rx 350?,"{'answer': '2012', 'supporting_facts': ['The facelift was unveiled at the March 2012 Geneva Motor Show with new wheels, interior colors, new head and tail lamps and new grilles.', 'Sales began worldwide in April 2012 for the RX 350 and RX 450h, with sales for the F - Sport variants starting in July of the same year.']}",Sales began worldwide in April 2012,"{'answer_em': 0.0, 'answer_f1': 0.2857142857142857, 'answer_precision': 1.0, 'answer_recall': 0.16666666666666666, 'support_f1': 0.0, 'support_precision': 0.0, 'support_recall': 0.0, 'accuracy': 0.2857142857142857}"
2hop__552607_126089,Who was in charge of the province which contains Zeevang?,"{'answer': 'Johan Remkes', 'supporting_facts': ['Zeevang () is a former municipality in northwestern Netherlands, in the province of North Holland.', ""The King's Commissioner of North Holland is Johan Remkes, serving since 2010.""]}",Johan Remkes,"{'answer_em': 1.0, 'answer_f1': 1.0, 'answer_precision': 1.0, 'answer_recall': 1.0, 'support_f1': 0.0, 'support_precision': 0.0, 'support_recall': 0.0, 'accuracy': 1.0}"
4hop3__668721_132409_146285_35031,"In the top five largest urban areas in the state where the performer of The Paramour Sessions was from, where does the place of death for Alexander Golitzen rank?",{'answer': 'Error: Failed to parse final JSON.'},third-largest,"{'answer_em': 0.0, 'answer_f1': 0.0, 'answer_precision': 0.0, 'answer_recall': 0.0, 'support_f1': 0.0, 'support_precision': 0.0, 'support_recall': 0.0, 'error': 1}"
3hop2__89854_38738_76291,When did the party that holds the majority in the House of Representatives take control of the branch that gives regulators discretion to prohibit proprietary trades?,{'answer': 'Error: Failed to parse final JSON.'},January 2015,"{'answer_em': 0.0, 'answer_f1': 0.0, 'answer_precision': 0.0, 'answer_recall': 0.0, 'support_f1': 0.0, 'support_precision': 0.0, 'support_recall': 0.0, 'error': 1}"
2hop__62951_64006,"As a result of the Black Death, how much was the population reduced in the place that the US helped with the Marshall Plan?",{'answer': 'Error: Failed to parse final JSON.'},30% to 65%,"{'answer_em': 0.0, 'answer_f1': 0.0, 'answer_precision': 0.0, 'answer_recall': 0.0, 'support_f1': 0.0, 'support_precision': 0.0, 'support_recall': 0.0, 'error': 1}"
2hop__611178_131968,Which is the body of water by the village which borders Long Ditton?,"{'answer': 'The Rythe', 'supporting_facts': ['The Rythe is a river or stream in north Surrey, England which is generally open and which is a natural woodland feature for approximately half of its course before being variously culverted and a suburban garden feature, passing between Thames Ditton and Long Ditton, then discharging into the Thames, its longest branch is the Arbrook which drains Arbrook Common, a woodland of the mainly wooded Esher Commons.']}",River Thames,"{'answer_em': 0.0, 'answer_f1': 0.0, 'answer_precision': 0.0, 'answer_recall': 0.0, 'support_f1': 0.0, 'support_precision': 0.0, 'support_recall': 0.0, 'accuracy': 0.0}"
2hop__3131_3300,Which season was the runner up of the third season of American Idol on?,"{'answer': 'Season 3', 'supporting_facts': ['The third season of American Idol premiered on Monday, January 19, 2004 and continued until May 26, 2004. The third season was won by Fantasia Barrino, who defeated Diana DeGarmo by an approximate margin of 2% (1.3 million votes);', 'Fantasia and Diana DeGarmo were the last two finalists, and Fantasia was crowned as the winner.']}",season three,"{'answer_em': 0.0, 'answer_f1': 0.5, 'answer_precision': 0.5, 'answer_recall': 0.5, 'support_f1': 0.0, 'support_precision': 0.0, 'support_recall': 0.0, 'accuracy': 0.5}"
3hop1__662618_339990_54675,What mountain can you see from Portland in the state where Fishing Creek Confederacy is located?,{'answer': 'Error: Failed to parse final JSON.'},Tualatin Mountains,"{'answer_em': 0.0, 'answer_f1': 0.0, 'answer_precision': 0.0, 'answer_recall': 0.0, 'support_f1': 0.0, 'support_precision': 0.0, 'support_recall': 0.0, 'error': 1}"
4hop1__56270_53706_795904_580996,What shares a border with the city where the person who went to the state where the 951 area code is used during the gold rush works?,"{'answer': 'El Salvador', 'supporting_facts': ['Virginia is located in Lempira Honduras and shares a border with El Salvador.', 'Area code 951 is a California telephone area code that was split from area code 909 on July 17, 2004.', 'Rumors of the discovery of gold were confirmed in March 1848 by San Francisco newspaper publisher and merchant Samuel Brannan.']}",Rio Linda,"{'answer_em': 0.0, 'answer_f1': 0.0, 'answer_precision': 0.0, 'answer_recall': 0.0, 'support_f1': 0.0, 'support_precision': 0.0, 'support_recall': 0.0, 'accuracy': 0.0}"
2hop__126306_396277,What is another notable work by the illustrator of Sylvester and the Magic Pebble?,"{'answer': 'Doctor De Soto', 'supporting_facts': [""Sylvester and the Magic Pebble is an award-winning children's picture book written and illustrated by William Steig, and published in 1969."", 'Doctor De Soto is a picture book for children written and illustrated by William Steig and first published in 1982.']}",Doctor De Soto,"{'answer_em': 1.0, 'answer_f1': 1.0, 'answer_precision': 1.0, 'answer_recall': 1.0, 'support_f1': 0.0, 'support_precision': 0.0, 'support_recall': 0.0, 'accuracy': 1.0}"
4hop1__56635_49925_13759_736921,"The German priest, who wanted to reform the religious denomination now the largest in the US, preached a sermon on Marian devotion soon before his death in which German state?","{'answer': 'Saxony-Anhalt', 'supporting_facts': ['His final thoughts on Marian devotion and veneration are preserved in a sermon preached at Wittenberg only a month before his death:', 'Wittenberg is a district () in the east of Saxony-Anhalt, Germany.']}",Saxony-Anhalt,"{'answer_em': 1.0, 'answer_f1': 1.0, 'answer_precision': 1.0, 'answer_recall': 1.0, 'support_f1': 0.0, 'support_precision': 0.0, 'support_recall': 0.0, 'accuracy': 1.0}"
2hop__506035_325512,In which county was Larkin I. Smith born?,"{'answer': 'Pearl River County', 'supporting_facts': ['Larkin I. Smith was born in Poplarville, Mississippi to Nona Orene Bounds and her husband Hezekiah K. Smith, Sr.', 'Poplarville is a city in Pearl River County, Mississippi, United States.']}",Pearl River County,"{'answer_em': 1.0, 'answer_f1': 1.0, 'answer_precision': 1.0, 'answer_recall': 1.0, 'support_f1': 0.0, 'support_precision': 0.0, 'support_recall': 0.0, 'accuracy': 1.0}"
2hop__663184_57816,What is the U.S. News ranking of the law school at Bruce Nissen's employer?,"{'answer': '100', 'supporting_facts': ['Bruce Nissen (born January 20, 1948) is a professor of labor studies and director of research at the Center for Labor Research and Studies (CLRS) at Florida International University (FIU).', ""The 2017 U.S. News & World Report's ``Best Law School Rankings ''ranked the FIU College of Law at 100 in the United States.""]}",100,"{'answer_em': 1.0, 'answer_f1': 1.0, 'answer_precision': 1.0, 'answer_recall': 1.0, 'support_f1': 0.0, 'support_precision': 0.0, 'support_recall': 0.0, 'accuracy': 1.0}"
2hop__41158_22946,Who said one of the greatest thinkers was the person who proposed explanations for the origins of earthquakes and the formation of mountains?,{'answer': 'Error: Failed to parse final JSON.'},George Sarton,"{'answer_em': 0.0, 'answer_f1': 0.0, 'answer_precision': 0.0, 'answer_recall': 0.0, 'support_f1': 0.0, 'support_precision': 0.0, 'support_recall': 0.0, 'error': 1}"
3hop1__584774_131926_87157,What is the direction of flow of the body of water by the city where Uni-Systems is headquartered?,{'answer': 'Error: Failed to parse final JSON.'},rises in northern Minnesota and meanders slowly southwards,"{'answer_em': 0.0, 'answer_f1': 0.0, 'answer_precision': 0.0, 'answer_recall': 0.0, 'support_f1': 0.0, 'support_precision': 0.0, 'support_recall': 0.0, 'error': 1}"
2hop__6827_88924,Who is the chairman of the company that bought FleetBoston Financial?,"{'answer': 'Brian Thomas Moynihan', 'supporting_facts': ['In 2004, Bank of America announced it would purchase Boston - based bank FleetBoston Financial for $47 billion in cash and stock.', 'Brian Thomas Moynihan (born October 9, 1959) is an American lawyer, businessman and the chairman and CEO of Bank of America.']}",Brian Thomas Moynihan,"{'answer_em': 1.0, 'answer_f1': 1.0, 'answer_precision': 1.0, 'answer_recall': 1.0, 'support_f1': 0.0, 'support_precision': 0.0, 'support_recall': 0.0, 'accuracy': 1.0}"
3hop1__169494_42197_18397,Where did the arguer that Dmitry Okhotsimsky's country of citizenship had become an imperialist power declare he would intervene in the Korean conflict?,"{'answer': 'China', 'supporting_facts': ['Mao Zedong once argued that the Soviet Union had itself become an imperialist power while maintaining a socialist façade.', ""On 4 August 1950, with the PRC invasion of Taiwan aborted, Mao Zedong reported to the Politburo that he would intervene in Korea when the People's Liberation Army's (PLA) Taiwan invasion force was reorganized into the PLA North East Frontier Force.""]}",the Politburo,"{'answer_em': 0.0, 'answer_f1': 0.0, 'answer_precision': 0.0, 'answer_recall': 0.0, 'support_f1': 0.0, 'support_precision': 0.0, 'support_recall': 0.0, 'accuracy': 0.0}"
2hop__80375_90181,what is the deepest part of the ocean off the east coast of the united states?,"{'answer': 'The Puerto Rico Trench', 'supporting_facts': ['The Puerto Rico Trench is located on the boundary between the Caribbean Sea and the Atlantic Ocean.', 'The trench is 800 kilometres (497 mi) long and has a maximum depth of 8,648 metres (28,373 ft) or 5.373 miles at Milwaukee Deep, which is the deepest point in the Atlantic Ocean and the deepest point not in the Pacific Ocean.']}",Milwaukee Deep,"{'answer_em': 0.0, 'answer_f1': 0.0, 'answer_precision': 0.0, 'answer_recall': 0.0, 'support_f1': 0.0, 'support_precision': 0.0, 'support_recall': 0.0, 'accuracy': 0.0}"
3hop2__104979_23308_28343,When did the troops of the country blamed for the stagnation and failure of the Tripartite discussion leave the country known for Afghan bread?,{'answer': 'Error: Failed to parse final JSON.'},February 1989,"{'answer_em': 0.0, 'answer_f1': 0.0, 'answer_precision': 0.0, 'answer_recall': 0.0, 'support_f1': 0.0, 'support_precision': 0.0, 'support_recall': 0.0, 'error': 1}"
3hop1__587540_514761_594810,What record label does the spouse of Mama's Broken Heart's performer belong to?,"{'answer': 'None', 'supporting_facts': [""Mama's Broken Heart is a song recorded by American country music artist Miranda Lambert."", ""The context does not provide information about Miranda Lambert's spouse or their record label affiliation.""]}",Warner Bros. Records,"{'answer_em': 0.0, 'answer_f1': 0.0, 'answer_precision': 0.0, 'answer_recall': 0.0, 'support_f1': 0.0, 'support_precision': 0.0, 'support_recall': 0.0, 'accuracy': 0.0}"
2hop__96411_159054,What was the story of the character from The Bourne Deception based on?,"{'answer': 'Nothing in the context', 'supporting_facts': ['The Bourne Deception is the title for the novel by Eric Van Lustbader and the seventh novel in the Jason Bourne series created by Robert Ludlum. It was released on June 9, 2009.']}",the novel of the same name by Robert Ludlum,"{'answer_em': 0.0, 'answer_f1': 0.0, 'answer_precision': 0.0, 'answer_recall': 0.0, 'support_f1': 0.0, 'support_precision': 0.0, 'support_recall': 0.0, 'accuracy': 0.0}"
4hop1__836115_49925_13759_736921,Where is the district that the person who wanted to reform and address Vincentas Sladkevičius' religion preached a sermon on Marian devotion before his death located?,"{'answer': 'Wittenberg', 'supporting_facts': ['His final thoughts on Marian devotion and veneration are preserved in a sermon preached at Wittenberg only a month before his death:', 'Wittenberg is a district () in the east of Saxony-Anhalt, Germany.']}",Saxony-Anhalt,"{'answer_em': 0.0, 'answer_f1': 0.0, 'answer_precision': 0.0, 'answer_recall': 0.0, 'support_f1': 0.0, 'support_precision': 0.0, 'support_recall': 0.0, 'accuracy': 0.0}"
3hop1__108062_720914_27537,Why did Roncalli leave the city where La Bella's creator died?,{'answer': 'Error: Failed to parse final JSON.'},for the conclave in Rome,"{'answer_em': 0.0, 'answer_f1': 0.0, 'answer_precision': 0.0, 'answer_recall': 0.0, 'support_f1': 0.0, 'support_precision': 0.0, 'support_recall': 0.0, 'error': 1}"
3hop1__136129_87694_64412,When did the place where the head of the catholic region named after the same saint as the Dakovo Cathedral become its own country?,{'answer': 'Error: Failed to parse final JSON.'},11 February 1929,"{'answer_em': 0.0, 'answer_f1': 0.0, 'answer_precision': 0.0, 'answer_recall': 0.0, 'support_f1': 0.0, 'support_precision': 0.0, 'support_recall': 0.0, 'error': 1}"
4hop3__152056_698586_1926_54362,Who burned down the death city of the artist responsible for Dunn Dunn in the war after which the first time black people declined in living in NYC?,"{'answer': 'There is no information to support this question.', 'supporting_facts': []}",Confederate Gen. John Bell Hood,"{'answer_em': 0.0, 'answer_f1': 0.0, 'answer_precision': 0.0, 'answer_recall': 0.0, 'support_f1': 0.0, 'support_precision': 0.0, 'support_recall': 0.0, 'accuracy': 0.0}"
3hop2__782397_467331_162182,"In what region of the country that contains Phu Luong, is the city that has the Zone 5 Military Museum located?","{'answer': 'South Central Coast', 'supporting_facts': ['Phu Luong is a mountain in Vietnam.', 'The Zone 5 Military Museum (Bao Tang Khu 5) is a military museum located at 3 Duy Tân, Da Nang, Vietnam.', 'South Central Coast (Vietnamese: Duyên hải Nam Trung Bộ) is one of the regions of Vietnam.', 'It consists of the independent municipality of Đà Nẵng and seven other provinces.']}",South Central Coast,"{'answer_em': 1.0, 'answer_f1': 1.0, 'answer_precision': 1.0, 'answer_recall': 1.0, 'support_f1': 0.0, 'support_precision': 0.0, 'support_recall': 0.0, 'accuracy': 1.0}"
3hop2__304722_526346_63959,When was the last time the sports team having Trevor Dark as a member beat the winner of 1894–95 FA Cup?,{'answer': 'Error: Failed to parse final JSON.'},1 December 2010,"{'answer_em': 0.0, 'answer_f1': 0.0, 'answer_precision': 0.0, 'answer_recall': 0.0, 'support_f1': 0.0, 'support_precision': 0.0, 'support_recall': 0.0, 'error': 1}"
2hop__463884_807572,What county is the Ira C. Allen Mansion located in?,{'answer': 'Error: Failed to parse final JSON.'},Monmouth County,"{'answer_em': 0.0, 'answer_f1': 0.0, 'answer_precision': 0.0, 'answer_recall': 0.0, 'support_f1': 0.0, 'support_precision': 0.0, 'support_recall': 0.0, 'error': 1}"
2hop__458131_174974,Who is the spouse of the Rabbit Hole's producer?,"{'answer': 'No information available', 'supporting_facts': ['Kidman produced the project via her company, Blossom Films.', 'The film starred Nicole Kidman, Aaron Eckhart, and Dianne Wiest, and directed by John Cameron Mitchell;']}",Keith Urban,"{'answer_em': 0.0, 'answer_f1': 0.0, 'answer_precision': 0.0, 'answer_recall': 0.0, 'support_f1': 0.0, 'support_precision': 0.0, 'support_recall': 0.0, 'accuracy': 0.0}"
3hop1__222497_309482_89834,When did the merchant of the city where the composer of Al gran sole carico d'amore takes place?,{'answer': 'Error: Failed to parse final JSON.'},16th - century,"{'answer_em': 0.0, 'answer_f1': 0.0, 'answer_precision': 0.0, 'answer_recall': 0.0, 'support_f1': 0.0, 'support_precision': 0.0, 'support_recall': 0.0, 'error': 1}"
3hop2__106842_30645_84681,When did the people who first settled the Delaware Valley come to the country which produced the show @Seven?,"{'answer': 'At least 700 years ago', 'supporting_facts': ['The history of New Zealand dates back at least 700 years to when it was discovered and settled by Polynesians, who developed a distinct Māori culture centred on kinship links and land.', 'Europeans came to the Delaware Valley in the early 17th century, with the first settlements founded by the Dutch, who in 1623 built Fort Nassau on the Delaware River opposite the Schuylkill River in what is now Brooklawn, New Jersey.']}",13 December 1642,"{'answer_em': 0.0, 'answer_f1': 0.0, 'answer_precision': 0.0, 'answer_recall': 0.0, 'support_f1': 0.0, 'support_precision': 0.0, 'support_recall': 0.0, 'accuracy': 0.0}"
4hop3__474028_88460_30152_20999,How were people from whom new coins were a proclamation of independence by the Somali Muslim Ajuran Empire expelled from the natural boundary between Thailand and A Don's country?,{'answer': 'Error: Failed to parse final JSON.'},The dynasty regrouped and defeated the Portuguese,"{'answer_em': 0.0, 'answer_f1': 0.0, 'answer_precision': 0.0, 'answer_recall': 0.0, 'support_f1': 0.0, 'support_precision': 0.0, 'support_recall': 0.0, 'error': 1}"
2hop__37353_23241,"According to Pew in 2010, what percent of Nigeria's population was the people who conquered the Eastern provinces of the Byzantine empire?","{'answer': '48.8 percent', 'supporting_facts': [""An 18 December 2012 report on religion and public life by the Pew Research Center stated that in 2010, 49.3 percent of Nigeria's population was Christian, 48.8 percent was Muslim, and 1.9 percent were followers of indigenous and other religions, or unaffiliated."", 'Islamic architecture used mosaic technique to decorate religious buildings and palaces after the Muslim conquests of the eastern provinces of the Byzantine Empire.']}",48.8 percent,"{'answer_em': 1.0, 'answer_f1': 1.0, 'answer_precision': 1.0, 'answer_recall': 1.0, 'support_f1': 0.0, 'support_precision': 0.0, 'support_recall': 0.0, 'accuracy': 1.0}"
4hop1__726675_508773_85832_745702,Who is the child of the Italian navigator who explored the eastern coast of the continent César Gaytan was born in for the English?,{'answer': 'Error: Failed to parse final JSON.'},Sebastian Cabot,"{'answer_em': 0.0, 'answer_f1': 0.0, 'answer_precision': 0.0, 'answer_recall': 0.0, 'support_f1': 0.0, 'support_precision': 0.0, 'support_recall': 0.0, 'error': 1}"
4hop1__88342_49853_128008_54974,What is the longest home run hit in the league where the team with the most titles from the event after which the MLB MVP is awarded plays?,{'answer': 'Error: Failed to parse final JSON.'},about 575 feet,"{'answer_em': 0.0, 'answer_f1': 0.0, 'answer_precision': 0.0, 'answer_recall': 0.0, 'support_f1': 0.0, 'support_precision': 0.0, 'support_recall': 0.0, 'error': 1}"
2hop__47712_25719,At the end of which year did tribes from the place where the Celts are said to have migrated from invade the Roman empire?,{'answer': 'Error: Failed to parse final JSON.'},406,"{'answer_em': 0.0, 'answer_f1': 0.0, 'answer_precision': 0.0, 'answer_recall': 0.0, 'support_f1': 0.0, 'support_precision': 0.0, 'support_recall': 0.0, 'error': 1}"
2hop__332453_139339,What was the director of The Accidental Husband nominated for?,"{'answer': 'an Academy Award for Best Live Action Short Film', 'supporting_facts': ['In 1995, Griffin Dunne was nominated for an Academy Award for Best Live Action Short Film for ""Duke of Groove"", which he directed and co-wrote.', 'The Accidental Husband is a 2008 American romantic comedy film directed by Griffin Dunne, and starring Uma Thurman, Jeffrey Dean Morgan, Colin Firth, Isabella Rossellini, and Sam Shepard.']}",Academy Award for Best Live Action Short Film,"{'answer_em': 1.0, 'answer_f1': 1.0, 'answer_precision': 1.0, 'answer_recall': 1.0, 'support_f1': 0.0, 'support_precision': 0.0, 'support_recall': 0.0, 'accuracy': 1.0}"
2hop__435184_67370,When does real time with the pizza man cast member start again in 2018?,"{'answer': ""There is no information about a show called 'Real Time with the Pizza Man'. However, 'Real Time with Bill Maher' started again on January 19, 2018."", 'supporting_facts': ['Season Episodes Originally aired First aired Last aired 20 February 21, 2003 (2003 - 02 - 21) September 26, 2003 (2003 - 09 - 26) ... 16 TBA January 19, 2018 (2018 - 01 - 19) TBA']}","January 19, 2018","{'answer_em': 0.0, 'answer_f1': 0.2222222222222222, 'answer_precision': 0.125, 'answer_recall': 1.0, 'support_f1': 0.0, 'support_precision': 0.0, 'support_recall': 0.0, 'accuracy': 0.2222222222222222}"
2hop__16581_16525,When did the person who first brought a postal service into Umayyad lands become caliph?,"{'answer': '661', 'supporting_facts': [""Mu'awiyah introduced postal service, Abd al-Malik extended it throughout his empire, and Walid made full use of it."", 'Ali was assassinated in 661 by a Kharijite partisan. Six months later in the same year, in the interest of peace, Hasan ibn Ali, highly regarded for his wisdom and as a peacemaker, and the Second Imam for the Shias, and the grandson of Muhammad, made a peace treaty with Muawiyah I.']}",661,"{'answer_em': 1.0, 'answer_f1': 1.0, 'answer_precision': 1.0, 'answer_recall': 1.0, 'support_f1': 0.0, 'support_precision': 0.0, 'support_recall': 0.0, 'accuracy': 1.0}"
2hop__403580_37168,"According to QS World University Rankings, what is the ranking of the place that employed Said Ashour?","{'answer': '551-600', 'supporting_facts': ['Cairo University is ranked as 401-500 according to the Academic Ranking of World Universities (Shanghai Ranking) and 551-600 according to QS World University Rankings.', 'Dr. Ashour was Chair of the Middle Ages section for many decades at the History Departments of Cairo University']}",551-600,"{'answer_em': 1.0, 'answer_f1': 1.0, 'answer_precision': 1.0, 'answer_recall': 1.0, 'support_f1': 0.0, 'support_precision': 0.0, 'support_recall': 0.0, 'accuracy': 1.0}"
2hop__389778_78303,"What was the cast member of Missing in Action's name in Walker, Texas Ranger?","{'answer': 'Chuck Norris', 'supporting_facts': ['Missing in Action is a 1984 American action film directed by Joseph Zito and starring Chuck Norris.', 'Name Portrayed by Occupation Seasons Pilot 5 6 7 8 Cordell Walker Chuck Norris Texas Ranger Main']}",Cordell Walker,"{'answer_em': 0.0, 'answer_f1': 0.0, 'answer_precision': 0.0, 'answer_recall': 0.0, 'support_f1': 0.0, 'support_precision': 0.0, 'support_recall': 0.0, 'accuracy': 0.0}"
2hop__424294_19033,Where did the author of A Lion's Tale: Around the World in Spandex win in 2008?,"{'answer': 'The Great American Bash', 'supporting_facts': [""A Lion's Tale: Around the World in Spandex is an autobiography of professional wrestler, Chris Jericho."", 'At the Great American Bash in 2008, Chris Jericho was declared the winner of a match against Shawn Michaels when Michaels could not defend himself due to excessive blood loss and impaired vision.']}",Great American Bash,"{'answer_em': 1.0, 'answer_f1': 1.0, 'answer_precision': 1.0, 'answer_recall': 1.0, 'support_f1': 0.0, 'support_precision': 0.0, 'support_recall': 0.0, 'accuracy': 1.0}"
2hop__107548_124896,Who is the father of the artist who painted Head I?,"{'answer': 'Sir Nicholas Bacon', 'supporting_facts': ['Francis Bacon was born on 22 January 1561 at York House near the Strand in London, the son of Sir Nicholas Bacon (Lord Keeper of the Great Seal) by his second wife, Anne (Cooke) Bacon, the daughter of the noted humanist Anthony Cooke.', 'Head I is a relatively small oil and tempera on hardboard painting by the Irish-born British figurative artist Francis Bacon.']}",Nicholas Bacon,"{'answer_em': 0.0, 'answer_f1': 0.8, 'answer_precision': 0.6666666666666666, 'answer_recall': 1.0, 'support_f1': 0.0, 'support_precision': 0.0, 'support_recall': 0.0, 'accuracy': 0.8}"
3hop1__761225_831637_91775,"What does seal stand for in the branch of the U.S. military that operates a list of destroyer classes, as well as containing the rank O-1?","{'answer': 'Sea, Air, and Land', 'supporting_facts': [""The United States Navy's ``Sea, Air, and Land ''Teams, commonly abbreviated as the Navy SEALs, are the U.S. Navy's primary special operations force and a component of the Naval Special Warfare Command."", 'The SCDA O-1 was an Italian semi-rigid airship, the only true semi-rigid airship to serve with the United States Navy.', 'The List of destroyer classes of the United States Navy is organised chronologically by entry into service.']}","Sea, Air, and Land","{'answer_em': 1.0, 'answer_f1': 1.0, 'answer_precision': 1.0, 'answer_recall': 1.0, 'support_f1': 0.0, 'support_precision': 0.0, 'support_recall': 0.0, 'accuracy': 1.0}"
2hop__75714_21969,When was the first governor general of India impeached?,{'answer': 'Error: Failed to parse final JSON.'},1786,"{'answer_em': 0.0, 'answer_f1': 0.0, 'answer_precision': 0.0, 'answer_recall': 0.0, 'support_f1': 0.0, 'support_precision': 0.0, 'support_recall': 0.0, 'error': 1}"
4hop1__860115_798482_131926_87157,What is the direction of flow of the body of water by the city sharing a border with Elizabeth Berg's birthplace?,"{'answer': 'southwards', 'supporting_facts': [""Minneapolis lies on both banks of the Mississippi River, just north of the river's confluence with the Minnesota River, and adjoins Saint Paul, the state's capital."", 'The Mississippi River... rises in northern Minnesota and meanders slowly southwards for 2,320 miles (3,730 km) to the Mississippi River Delta at the Gulf of Mexico.', 'Berg was born in Saint Paul, Minnesota, USA, and lived in Boston prior to her residence in Chicago.']}",rises in northern Minnesota and meanders slowly southwards,"{'answer_em': 0.0, 'answer_f1': 0.2222222222222222, 'answer_precision': 1.0, 'answer_recall': 0.125, 'support_f1': 0.0, 'support_precision': 0.0, 'support_recall': 0.0, 'accuracy': 0.2222222222222222}"
2hop__536283_67465,When did the performer of Watching Movies release Best Day Ever?,"{'answer': 'March 11, 2011', 'supporting_facts': ['Best Day Ever is the fifth mixtape by American rapper Mac Miller. This mixtape was released online March 11, 2011.', 'The song was released on May 25, 2013 as the second single from his second studio album ""Watching Movies with the Sound Off"".']}","March 11, 2011","{'answer_em': 1.0, 'answer_f1': 1.0, 'answer_precision': 1.0, 'answer_recall': 1.0, 'support_f1': 0.0, 'support_precision': 0.0, 'support_recall': 0.0, 'accuracy': 1.0}"
3hop2__127483_156850_10557,What was the language Auctor comes from during the era of Fastrada's spouse later known as?,{'answer': 'Error: Failed to parse final JSON.'},Medieval Latin,"{'answer_em': 0.0, 'answer_f1': 0.0, 'answer_precision': 0.0, 'answer_recall': 0.0, 'support_f1': 0.0, 'support_precision': 0.0, 'support_recall': 0.0, 'error': 1}"
4hop1__364476_439408_131976_90181,"What is the deepest part of the ocean, near the state, where the county that holds the city of Winchester is found?","{'answer': 'Milwaukee Deep', 'supporting_facts': ['Winchester is a city in and the county seat of Scott County, Illinois, United States.', 'The trench is 800 kilometres (497 mi) long and has a maximum depth of 8,648 metres (28,373 ft) or 5.373 miles at Milwaukee Deep, which is the deepest point in the Atlantic Ocean and the deepest point not in the Pacific Ocean.']}",Milwaukee Deep,"{'answer_em': 1.0, 'answer_f1': 1.0, 'answer_precision': 1.0, 'answer_recall': 1.0, 'support_f1': 0.0, 'support_precision': 0.0, 'support_recall': 0.0, 'accuracy': 1.0}"
3hop2__304722_330033_63959,When was the last time Tony Richard's team beat the 1894-95 FA Cup Winner?,"{'answer': ""There is no information about Tony Richards' team beating the 1894-95 FA Cup winner."", 'supporting_facts': ['The 1894-95 FA Cup winner is not explicitly stated in the context, but Notts County is mentioned as the 1894 winner in the FA Cup section.', 'Tony Richards is mentioned as a footballer associated with Birmingham City as a teenager, and later played for Walsall, but there is no information about his team beating the 1894-95 FA Cup winner in the provided context.']}",1 December 2010,"{'answer_em': 0.0, 'answer_f1': 0.0, 'answer_precision': 0.0, 'answer_recall': 0.0, 'support_f1': 0.0, 'support_precision': 0.0, 'support_recall': 0.0, 'accuracy': 0.0}"
4hop1__88342_49853_128008_48717,"Who was the second pick in the 1999 draft of the organization, that includes the team with the most titles, in the event preceding the awarding of the MLB MVP?",{'answer': 'Error: Failed to parse final JSON.'},Josh Beckett,"{'answer_em': 0.0, 'answer_f1': 0.0, 'answer_precision': 0.0, 'answer_recall': 0.0, 'support_f1': 0.0, 'support_precision': 0.0, 'support_recall': 0.0, 'error': 1}"
4hop1__152146_5274_458768_33632,What day is the Feast held in the city where the headquarters of the only group larger than Långa nätter's record label is located?,{'answer': 'Error: Failed to parse final JSON.'},May 4,"{'answer_em': 0.0, 'answer_f1': 0.0, 'answer_precision': 0.0, 'answer_recall': 0.0, 'support_f1': 0.0, 'support_precision': 0.0, 'support_recall': 0.0, 'error': 1}"
3hop2__60649_90098_10557,What was the language from which the last name Sylvester originated during the era of the Frankish king who formed the Holy Roman Empire later known as?,{'answer': 'Error: Failed to parse final JSON.'},Medieval Latin,"{'answer_em': 0.0, 'answer_f1': 0.0, 'answer_precision': 0.0, 'answer_recall': 0.0, 'support_f1': 0.0, 'support_precision': 0.0, 'support_recall': 0.0, 'error': 1}"
3hop2__304722_747004_63959,When was the last time George Hollis's team beat the 1894-95 FA Cup winner?,{'answer': 'Error: Failed to parse final JSON.'},1 December 2010,"{'answer_em': 0.0, 'answer_f1': 0.0, 'answer_precision': 0.0, 'answer_recall': 0.0, 'support_f1': 0.0, 'support_precision': 0.0, 'support_recall': 0.0, 'error': 1}"
2hop__725233_150107,Who published Communications of the publisher of the Mobile Computing and Communications Review?,"{'answer': 'ACM', 'supporting_facts': ['Mobile Computing and Communications Review (MC2R) is a peer-reviewed quarterly scientific journal and newsletter published by the ACM SIGMOBILE covering mobile computing and networking.', 'Communications of the ACM is the monthly journal of the Association for Computing Machinery (ACM).']}",Association for Computing Machinery,"{'answer_em': 0.0, 'answer_f1': 0.0, 'answer_precision': 0.0, 'answer_recall': 0.0, 'support_f1': 0.0, 'support_precision': 0.0, 'support_recall': 0.0, 'accuracy': 0.0}"
3hop1__222497_737465_93723,"Who played Spyder, from the ""Once Upon a Time"" film set in the place of death of the composer of Al gran sole carico d'amore?","{'answer': 'Jason Momoa', 'supporting_facts': ['Jason Momoa as Spyder, a drug lord who forces Steve to do some jobs for the safety of his dog.', ""Al gran sole carico d'amore is an opera (designated as an 'azione scenica') with music by Luigi Nono, based mainly on plays by Bertolt Brecht, but also incorporating texts of Fidel Castro, Che Guevara, Karl Marx, and Vladimir Lenin."", 'Once Upon a Time in Venice']}",Jason Momoa,"{'answer_em': 1.0, 'answer_f1': 1.0, 'answer_precision': 1.0, 'answer_recall': 1.0, 'support_f1': 0.0, 'support_precision': 0.0, 'support_recall': 0.0, 'accuracy': 1.0}"
4hop1__88342_49853_128008_87812,When is the opening day of the league of the team with the most titles from the event after which they give out the MLB MVP award?,{'answer': 'Error: Failed to parse final JSON.'},"Thursday, March 29","{'answer_em': 0.0, 'answer_f1': 0.0, 'answer_precision': 0.0, 'answer_recall': 0.0, 'support_f1': 0.0, 'support_precision': 0.0, 'support_recall': 0.0, 'error': 1}"
4hop2__161602_426860_88460_63559,When was Burma's name changed to that of the country on the natural boundary between the country that hosted the tournament and the country where That Dam is from?,"{'answer': '1989', 'supporting_facts': ['Myanmar (also known as Burma) is the northwestern-most country of mainland Southeast Asia, bordering China, India, Bangladesh, Thailand and Laos.', 'That Dam (Lao ທາດຳ, meaning Black Stupa) is a large stupa located in Vientiane, Laos.', ""In 1989, SLORC changed the country's official English name from the 'Socialist Republic of the Union of Burma' to the 'Union of Myanmar'.""]}",1235,"{'answer_em': 0.0, 'answer_f1': 0.0, 'answer_precision': 0.0, 'answer_recall': 0.0, 'support_f1': 0.0, 'support_precision': 0.0, 'support_recall': 0.0, 'accuracy': 0.0}"
2hop__35137_22940,What is the Book of Healing by the writer of The Canon of Medicine referred to in Arabic?,"{'answer': 'Kitab al-shifa', 'supporting_facts': [""Avicenna's legacy in classical psychology is primarily embodied in the Kitab al-nafs parts of his Kitab al-shifa (The Book of Healing) and Kitab al-najat (The Book of Deliverance)."", 'His medical textbook The Canon of Medicine was used as the standard text in European universities for centuries. He also wrote The Book of Healing, an influential scientific and philosophical encyclopedia.']}",Kitab al-shifa,"{'answer_em': 1.0, 'answer_f1': 1.0, 'answer_precision': 1.0, 'answer_recall': 1.0, 'support_f1': 0.0, 'support_precision': 0.0, 'support_recall': 0.0, 'accuracy': 1.0}"
2hop__681463_402641,Who is the sibling of Chiang Hsiao-wen?,{'answer': 'Error: Failed to parse final JSON.'},Chiang Hsiao-wu,"{'answer_em': 0.0, 'answer_f1': 0.0, 'answer_precision': 0.0, 'answer_recall': 0.0, 'support_f1': 0.0, 'support_precision': 0.0, 'support_recall': 0.0, 'error': 1}"
3hop2__6989_37759_74563,"When did the religious order that founded Harvard College, arrive in the region of the U.S. served by the Rainbow Times?",{'answer': 'Error: Failed to parse final JSON.'},1630,"{'answer_em': 0.0, 'answer_f1': 0.0, 'answer_precision': 0.0, 'answer_recall': 0.0, 'support_f1': 0.0, 'support_precision': 0.0, 'support_recall': 0.0, 'error': 1}"
2hop__71755_463572,What is the record label for the singer who originally sang You Belong To Me.,"{'answer': 'Sharp Records', 'supporting_facts': ['The first 1952 recording of the song was by Joni James.', 'She recorded the song in February, 1952, in Chicago and it was released in March on the local Sharp Records label.']}",MGM Records,"{'answer_em': 0.0, 'answer_f1': 0.5, 'answer_precision': 0.5, 'answer_recall': 0.5, 'support_f1': 0.0, 'support_precision': 0.0, 'support_recall': 0.0, 'accuracy': 0.5}"
2hop__170823_120171,What year did the publisher of Labyrinth end?,"{'answer': '1986', 'supporting_facts': ['Acornsoft ceased to operate as a separate company upon the departure of David Johnson-Davies in January 1986.', 'Labyrinth is a video game published in 1984 by Acornsoft for the BBC Micro.']}",1986,"{'answer_em': 1.0, 'answer_f1': 1.0, 'answer_precision': 1.0, 'answer_recall': 1.0, 'support_f1': 0.0, 'support_precision': 0.0, 'support_recall': 0.0, 'accuracy': 1.0}"
4hop1__814776_765799_282674_759393,What is the seat of the county sharing a border with the county where Western Islands is headquartered?,"{'answer': 'Appleton', 'supporting_facts': ['Western Islands is the publishing arm of the John Birch Society; it is located in Appleton, Wisconsin, USA, where the society has its headquarters.', 'John C. Petersen (November 2, 1842 – July 10, 1887) was an American butcher and farmer from Appleton, Wisconsin who served as a member of the Wisconsin State Assembly from Outagamie County.']}",Green Bay,"{'answer_em': 0.0, 'answer_f1': 0.0, 'answer_precision': 0.0, 'answer_recall': 0.0, 'support_f1': 0.0, 'support_precision': 0.0, 'support_recall': 0.0, 'accuracy': 0.0}"
4hop1__152028_141441_458768_33633,When did the explorer reach the headquarters location of the group Con-Test's record label is part of?,{'answer': 'Error: Failed to parse final JSON.'},"August 3, 1769","{'answer_em': 0.0, 'answer_f1': 0.0, 'answer_precision': 0.0, 'answer_recall': 0.0, 'support_f1': 0.0, 'support_precision': 0.0, 'support_recall': 0.0, 'error': 1}"
3hop1__222497_309482_80702,What is the name of the famous bridge in the place where Al gran sole carico d'amore's composer worked?,"{'answer': 'Rialto Bridge', 'supporting_facts': ['He studied under Giacomo Favretto, Alessandro Milesi, and Luigi Nono at the Academy of Fine Arts in his native Venice.', 'The Rialto Bridge (Italian: Ponte di Rialto; Venetian: Ponte de Rialto) is the oldest of the four bridges spanning the Grand Canal in Venice, Italy.']}",Rialto Bridge,"{'answer_em': 1.0, 'answer_f1': 1.0, 'answer_precision': 1.0, 'answer_recall': 1.0, 'support_f1': 0.0, 'support_precision': 0.0, 'support_recall': 0.0, 'accuracy': 1.0}"
3hop1__516535_834494_33939,"In 1900, what was the population of the city in the same county as Allen?","{'answer': '7,531', 'supporting_facts': ['Allen, also known as Allen City is a ghost town in Pima County in southern Arizona.', 'By 1900, 7,531 people lived in the city.']}","7,531","{'answer_em': 1.0, 'answer_f1': 1.0, 'answer_precision': 1.0, 'answer_recall': 1.0, 'support_f1': 0.0, 'support_precision': 0.0, 'support_recall': 0.0, 'accuracy': 1.0}"
2hop__562154_69048,Who is the Chief Judge in the place where DeltaWomen's headquarters in located?,"{'answer': 'Honorable Justice Abiodun Smith', 'supporting_facts': ['Delta Women is a non-governmental organization founded primarily to enable the women of Delta State, Nigeria.', 'Rosaline Patricia Irorefe Bozimo (born 1 January 1946) is a Nigerian lawyer who was appointed Chief Justice of Delta State with effect from 23 March 2003.', 'She retired on 1 January 2011 and was succeeded by Honorable Justice Abiodun Smith.']}",Honorable Justice Abiodun Smith,"{'answer_em': 1.0, 'answer_f1': 1.0, 'answer_precision': 1.0, 'answer_recall': 1.0, 'support_f1': 0.0, 'support_precision': 0.0, 'support_recall': 0.0, 'accuracy': 1.0}"
3hop1__103662_443779_52195,Who is the president of the newly declared independent country that is part of the Commission of Truth and Friendship with Radiansyah's birth country?,{'answer': 'Error: Failed to parse final JSON.'},Francisco Guterres,"{'answer_em': 0.0, 'answer_f1': 0.0, 'answer_precision': 0.0, 'answer_recall': 0.0, 'support_f1': 0.0, 'support_precision': 0.0, 'support_recall': 0.0, 'error': 1}"
2hop__785711_63853,What is the source of the body of water where Augrabies Falls is located?,"{'answer': 'Thaba Putsoa in the Maloti Mountains (Drakensberg), Lesotho', 'supporting_facts': ['Source Thaba Putsoa - location Maloti Mountains (Drakensberg), Lesotho - elevation 3,350 m (10,991 ft)', 'The R359 is a regional route in the Northern Cape province of South Africa that runs along the south bank of the Orange River from Augrabies Falls through Augrabies and Kakamas to Upington.']}",Thaba Putsoa,"{'answer_em': 0.0, 'answer_f1': 0.4444444444444445, 'answer_precision': 0.2857142857142857, 'answer_recall': 1.0, 'support_f1': 0.0, 'support_precision': 0.0, 'support_recall': 0.0, 'accuracy': 0.4444444444444445}"
3hop1__106042_64399_62676,"When did the city that spread Christianity to Rome, Egypt, Judea, and the country where Vasilopita originates, become the capital city of the Hebrews?",{'answer': 'Error: Failed to parse final JSON.'},c. 1000 BCE,"{'answer_em': 0.0, 'answer_f1': 0.0, 'answer_precision': 0.0, 'answer_recall': 0.0, 'support_f1': 0.0, 'support_precision': 0.0, 'support_recall': 0.0, 'error': 1}"
2hop__846844_47134,What is the mascot of the school that owns Goss Stadium at Coleman Field?,"{'answer': 'Benny Beaver', 'supporting_facts': ['Goss Stadium at Coleman Field is a college baseball stadium in Corvallis, Oregon, on the campus of Oregon State University.', 'Benny Beaver is the official mascot of Oregon State University and winner of the 2011 Capital One Mascot of the Year write - in campaign.']}",Benny Beaver,"{'answer_em': 1.0, 'answer_f1': 1.0, 'answer_precision': 1.0, 'answer_recall': 1.0, 'support_f1': 0.0, 'support_precision': 0.0, 'support_recall': 0.0, 'accuracy': 1.0}"
3hop2__132957_433432_40768,"When did the maker of Acura Legend, the manufacturer of Lexus RX and Nissan open US assembly plants?","{'answer': 'A decade after the 1973 oil crisis', 'supporting_facts': ['A decade after the 1973 oil crisis, Honda, Toyota and Nissan, affected by the 1981 voluntary export restraints, opened US assembly plants and established their luxury divisions (Acura, Lexus and Infiniti, respectively) to distinguish themselves from their mass-market brands.']}",1981,"{'answer_em': 0.0, 'answer_f1': 0.0, 'answer_precision': 0.0, 'answer_recall': 0.0, 'support_f1': 0.0, 'support_precision': 0.0, 'support_recall': 0.0, 'accuracy': 0.0}"
3hop2__30152_107291_20999,"How were the people that the Somali Muslim Ajuran Empire made coins to proclaim independence from, expelled from the country where Mohinga is eaten?",{'answer': 'Error: Failed to parse final JSON.'},The dynasty regrouped and defeated the Portuguese,"{'answer_em': 0.0, 'answer_f1': 0.0, 'answer_precision': 0.0, 'answer_recall': 0.0, 'support_f1': 0.0, 'support_precision': 0.0, 'support_recall': 0.0, 'error': 1}"
2hop__345_59409,Who was the person who purchased Tidal's parent company in 2015 talking about in the song 'Cry?',{'answer': 'Error: Failed to parse final JSON.'},three different relationships he had in the past,"{'answer_em': 0.0, 'answer_f1': 0.0, 'answer_precision': 0.0, 'answer_recall': 0.0, 'support_f1': 0.0, 'support_precision': 0.0, 'support_recall': 0.0, 'error': 1}"
3hop1__135794_87694_64412,When did the city where the Basilica that is named after the same saint as the one in San Pietro in Montorio located in become a country?,"{'answer': '11 February 1929', 'supporting_facts': ['The name Vatican city was first used in the Lateran Treaty, signed on 11 February 1929, which established the modern city - state.', ""The Church of San Pietro in Montorio was built on the site of an earlier 9th-century church dedicated to Saint Peter on Rome's Janiculum hill.""]}",11 February 1929,"{'answer_em': 1.0, 'answer_f1': 1.0, 'answer_precision': 1.0, 'answer_recall': 1.0, 'support_f1': 0.0, 'support_precision': 0.0, 'support_recall': 0.0, 'accuracy': 1.0}"
4hop1__373866_5186_10659_23296,"The People's Socialist Republic of Albania was a member of an organization which was dissolved in Country A. Who invaded the country where many expelled French Jews relocated, other than Country A?",{'answer': 'Error: Failed to parse final JSON.'},Soviet,"{'answer_em': 0.0, 'answer_f1': 0.0, 'answer_precision': 0.0, 'answer_recall': 0.0, 'support_f1': 0.0, 'support_precision': 0.0, 'support_recall': 0.0, 'error': 1}"
2hop__204146_850295,Who is the sibling of the author of Kapalkundala?,"{'answer': 'No specific sibling is mentioned', 'supporting_facts': ['Kapalkundala (), also known as Mrinmoyee, is a Bengali romance novel by Indian writer Bankim Chandra Chattopadhyay.', ""Following the success of Chattopadhyay’s first novel 'Durgeshnandini', he decided to write about a girl who is brought up in a remote forest by a Kapalika (Tantrik sage) and never saw anyone but her foster-father.""]}",Sanjib Chandra,"{'answer_em': 0.0, 'answer_f1': 0.0, 'answer_precision': 0.0, 'answer_recall': 0.0, 'support_f1': 0.0, 'support_precision': 0.0, 'support_recall': 0.0, 'accuracy': 0.0}"
4hop3__238811_88460_30152_20999,New coins by the Somali Muslim Ajuran Empire were a proclamation of independence from a nation. How were the people of that nation expelled from country that borders Thailand and Ban Nampo village's country?,{'answer': 'Error: Failed to parse final JSON.'},The dynasty regrouped and defeated the Portuguese,"{'answer_em': 0.0, 'answer_f1': 0.0, 'answer_precision': 0.0, 'answer_recall': 0.0, 'support_f1': 0.0, 'support_precision': 0.0, 'support_recall': 0.0, 'error': 1}"
3hop1__273571_834494_34109,What's the PBS station located in the city contained within the county where Summit is also located?,{'answer': 'Error: Failed to parse final JSON.'},KUAT-TV 6,"{'answer_em': 0.0, 'answer_f1': 0.0, 'answer_precision': 0.0, 'answer_recall': 0.0, 'support_f1': 0.0, 'support_precision': 0.0, 'support_recall': 0.0, 'error': 1}"
3hop1__66872_709625_84283,Who owns the record label of the Till I Can Gain Control Again songwriter?,{'answer': 'Error: Failed to parse final JSON.'},Warner Music Group,"{'answer_em': 0.0, 'answer_f1': 0.0, 'answer_precision': 0.0, 'answer_recall': 0.0, 'support_f1': 0.0, 'support_precision': 0.0, 'support_recall': 0.0, 'error': 1}"
3hop1__564628_42197_18397,Where did the person who argued that the country where Autograph formed had become an imperialist power declare he would intervene in the Korean conflict?,"{'answer': 'China', 'supporting_facts': ['Mao Zedong once argued that the Soviet Union had itself become an imperialist power while maintaining a socialist façade.', ""On 4 August 1950, with the PRC invasion of Taiwan aborted, Mao Zedong reported to the Politburo that he would intervene in Korea when the People's Liberation Army's (PLA) Taiwan invasion force was reorganized into the PLA North East Frontier Force.""]}",the Politburo,"{'answer_em': 0.0, 'answer_f1': 0.0, 'answer_precision': 0.0, 'answer_recall': 0.0, 'support_f1': 0.0, 'support_precision': 0.0, 'support_recall': 0.0, 'accuracy': 0.0}"
4hop3__507819_88460_30152_20999,How were the same people who the Somali Muslim Ajuran Empire declared independence from expelled from the natural boundary between Thailand and the country where Route 3 is found?,{'answer': 'Error: Failed to parse final JSON.'},The dynasty regrouped and defeated the Portuguese,"{'answer_em': 0.0, 'answer_f1': 0.0, 'answer_precision': 0.0, 'answer_recall': 0.0, 'support_f1': 0.0, 'support_precision': 0.0, 'support_recall': 0.0, 'error': 1}"
4hop1__707078_378185_282674_759393,What is the capital of the county that shares a border with the county that contains the birthplace of Erik Jensen?,{'answer': 'Error: Failed to parse final JSON.'},Green Bay,"{'answer_em': 0.0, 'answer_f1': 0.0, 'answer_precision': 0.0, 'answer_recall': 0.0, 'support_f1': 0.0, 'support_precision': 0.0, 'support_recall': 0.0, 'error': 1}"
4hop1__163763_49925_13759_736921,Where is the district that the person who wanted to reform and address Jesus Varela's religion preached a sermon on Marian devotion before his death located?,"{'answer': 'Wittenberg', 'supporting_facts': ['His final thoughts on Marian devotion and veneration are preserved in a sermon preached at Wittenberg only a month before his death:', 'Wittenberg is a district () in the east of Saxony-Anhalt, Germany.']}",Saxony-Anhalt,"{'answer_em': 0.0, 'answer_f1': 0.0, 'answer_precision': 0.0, 'answer_recall': 0.0, 'support_f1': 0.0, 'support_precision': 0.0, 'support_recall': 0.0, 'accuracy': 0.0}"
4hop1__152562_5274_458768_33637,How many ethnic minorities were looked at differently in the city where the headquarters of the only group larger than Vilaiyaadu Mankatha's record label is located?,{'answer': 'Error: Failed to parse final JSON.'},two,"{'answer_em': 0.0, 'answer_f1': 0.0, 'answer_precision': 0.0, 'answer_recall': 0.0, 'support_f1': 0.0, 'support_precision': 0.0, 'support_recall': 0.0, 'error': 1}"
4hop2__161602_474028_88460_21062,Can foreign tourists cruise to the country between the nation that hosted 2020 AFC U-23 Championship qualification and the one that contains A Don.?,"{'answer': 'No', 'supporting_facts': ['It is not possible for foreigners to go to/from Myanmar by sea or river.', 'The final tournament hosts Thailand decided to participate in qualification despite having automatically qualified for the final tournament.', 'A Don is a village in south-eastern Laos near the border with Vietnam.', 'Myanmar (also known as Burma) is the northwestern-most country of mainland Southeast Asia, bordering China, India, Bangladesh, Thailand and Laos.']}",It is not possible for foreigners to go to/from Myanmar by sea or river.,"{'answer_em': 0.0, 'answer_f1': 0.0, 'answer_precision': 0.0, 'answer_recall': 0.0, 'support_f1': 0.0, 'support_precision': 0.0, 'support_recall': 0.0, 'accuracy': 0.0}"
2hop__32541_85460,What is the median household income for people today of the same country as the witness to the Blitz?,"{'answer': '$59,039', 'supporting_facts': ['An American witness wrote ""By every test and measure I am able to apply, these people are staunch to the bone and won\'t quit ... the British are stronger and in a better position than they were at its beginning"".', 'According to the Census, this measure was $59,039 in 2016, a record high. This was the largest two year percentage increase on record.']}","$59,039","{'answer_em': 1.0, 'answer_f1': 1.0, 'answer_precision': 1.0, 'answer_recall': 1.0, 'support_f1': 0.0, 'support_precision': 0.0, 'support_recall': 0.0, 'accuracy': 1.0}"
2hop__25788_990,In which generation did iPod start providing compatibility with the object designed to standardize connection of computer peripherals?,"{'answer': 'Third generation', 'supporting_facts': ['The third generation began including a 30-pin dock connector, allowing for FireWire or USB connectivity.', 'USB was designed to standardize the connection of computer peripherals (including keyboards, pointing devices, digital cameras, printers, portable media players, disk drives and network adapters) to personal computers, both to communicate and to supply electric power.']}",third generation,"{'answer_em': 1.0, 'answer_f1': 1.0, 'answer_precision': 1.0, 'answer_recall': 1.0, 'support_f1': 0.0, 'support_precision': 0.0, 'support_recall': 0.0, 'accuracy': 1.0}"
4hop1__152562_5274_458768_33633,When did the explorer reach the city where the headquarters of the only group larger than Vilaiyaadu Mankatha's record label is located?,{'answer': 'Error: Failed to parse final JSON.'},"August 3, 1769","{'answer_em': 0.0, 'answer_f1': 0.0, 'answer_precision': 0.0, 'answer_recall': 0.0, 'support_f1': 0.0, 'support_precision': 0.0, 'support_recall': 0.0, 'error': 1}"
2hop__695364_513121,Who is the child of the male star of the 1921 film Money?,"{'answer': 'Richard Ainley', 'supporting_facts': ['Money is a 1921 British silent comedy film directed by Duncan McRae and starring Henry Ainley, Faith Bevan and Margot Drake.', 'Richard Ainley (22 December 1910 – 18 May 1967) was a stage and film actor, son of Henry Ainley and half-brother of Anthony Ainley.']}",Anthony Ainley,"{'answer_em': 0.0, 'answer_f1': 0.5, 'answer_precision': 0.5, 'answer_recall': 0.5, 'support_f1': 0.0, 'support_precision': 0.0, 'support_recall': 0.0, 'accuracy': 0.5}"
3hop2__304722_667199_63959,When was the last time the team that Malcolm Briggs was a member of beat the 1894-95 FA cup winner?,{'answer': 'Error: Failed to parse final JSON.'},1 December 2010,"{'answer_em': 0.0, 'answer_f1': 0.0, 'answer_precision': 0.0, 'answer_recall': 0.0, 'support_f1': 0.0, 'support_precision': 0.0, 'support_recall': 0.0, 'error': 1}"
2hop__159146_120065,What year did the region where Leuna was located come to an end?,"{'answer': '2009', 'supporting_facts': ['Since 31 December 2009, it is part of the town Leuna.']}",1738,"{'answer_em': 0.0, 'answer_f1': 0.0, 'answer_precision': 0.0, 'answer_recall': 0.0, 'support_f1': 0.0, 'support_precision': 0.0, 'support_recall': 0.0, 'accuracy': 0.0}"
2hop__238499_431914,What administrative territorial entity includes the arrondissement that contains the Digne Cathedral?,"{'answer': ""Provence-Alpes-Côte d'Azur region"", 'supporting_facts': [""The arrondissement of Digne-les-Bains is an arrondissement of France in the Alpes-de-Haute-Provence department in the Provence-Alpes-Côte d'Azur region."", 'Digne Cathedral () is a Roman Catholic church located in the town of Digne-les-Bains, France.']}",Alpes-de-Haute-Provence,"{'answer_em': 0.0, 'answer_f1': 0.0, 'answer_precision': 0.0, 'answer_recall': 0.0, 'support_f1': 0.0, 'support_precision': 0.0, 'support_recall': 0.0, 'accuracy': 0.0}"
3hop2__326964_789654_7713,How long had Mao Yushi's birthplace been the capitol city of Yaxing Coach's headquarters location?,"{'answer': 'About 400 years from late Han to early Tang', 'supporting_facts': ['Mao Yushi (; born 14 January 1929 in Nanjing, Jiangsu) is a Chinese economist.', 'Yaxing Coach (Yangzhou Yaxing Motor Coach Co., Ltd) is a bus manufacturer based in Yangzhou, Jiangsu, China.', 'Nanjing was later the capital city of Danyang Prefecture, and had been the capital city of Yangzhou for about 400 years from late Han to early Tang.']}",about 400 years,"{'answer_em': 0.0, 'answer_f1': 0.5, 'answer_precision': 0.3333333333333333, 'answer_recall': 1.0, 'support_f1': 0.0, 'support_precision': 0.0, 'support_recall': 0.0, 'accuracy': 0.5}"
2hop__73615_42173,When was the company that abolished the dual system of government in Bengal established?,"{'answer': '1599', 'supporting_facts': ['In 1599 the British East India Company was established and was chartered by Queen Elizabeth in the following year.', 'By 1773, British East India company asserted much authority and formed the Bengal Presidency over areas ruled by the Nawabs i.e. the Bengal subah, along with some other regions and abolished the system of Dual Government.']}",1599,"{'answer_em': 1.0, 'answer_f1': 1.0, 'answer_precision': 1.0, 'answer_recall': 1.0, 'support_f1': 0.0, 'support_precision': 0.0, 'support_recall': 0.0, 'accuracy': 1.0}"
4hop3__312119_132409_371500_35031,"Among the top five largest urban areas in the state where Getting Away with Murder's performer was formed, where does Veoh's headquarters city rank?","{'answer': 'third', 'supporting_facts': ['Papa Roach is an American rock band from Vacaville, California, formed in 1993.', 'Veoh is an Internet television company based in San Diego, California.', 'The urban area of San Diego extends beyond the administrative city limits and had a total population of 2,956,746, making it the third-largest urban area in the state, after that of the Los Angeles metropolitan area and San Francisco metropolitan area.']}",third-largest,"{'answer_em': 0.0, 'answer_f1': 0.0, 'answer_precision': 0.0, 'answer_recall': 0.0, 'support_f1': 0.0, 'support_precision': 0.0, 'support_recall': 0.0, 'accuracy': 0.0}"
3hop1__637555_339990_15538,When did the state where Copake Lake is located reinstate the death penalty?,{'answer': 'Error: Failed to parse final JSON.'},1984,"{'answer_em': 0.0, 'answer_f1': 0.0, 'answer_precision': 0.0, 'answer_recall': 0.0, 'support_f1': 0.0, 'support_precision': 0.0, 'support_recall': 0.0, 'error': 1}"
4hop3__160230_470287_862998_72134,When did the city where Hillcrest High School is located become capitol of the state in which a statue of a Latin mother goddess is located?,{'answer': 'Error: Failed to parse final JSON.'},1839,"{'answer_em': 0.0, 'answer_f1': 0.0, 'answer_precision': 0.0, 'answer_recall': 0.0, 'support_f1': 0.0, 'support_precision': 0.0, 'support_recall': 0.0, 'error': 1}"
2hop__486314_544665,Who followed the father of Menucha Rochel Slonim?,"{'answer': 'Chaya Mushka Schneersohn', 'supporting_facts': ['Menucha Rochel Slonim (1798–1888) was a daughter of Rabbi Dovber Schneuri, the second Rebbe of the Chabad Hasidic dynasty.', 'Chaya Mushka Schneersohn was the daughter of Rabbi Dovber Schneuri, the second Rebbe of the Chabad Hasidic movement, and the wife of Rabbi Menachem Mendel Schneersohn the third Rebbe.']}",Menachem Mendel Schneersohn,"{'answer_em': 0.0, 'answer_f1': 0.3333333333333333, 'answer_precision': 0.3333333333333333, 'answer_recall': 0.3333333333333333, 'support_f1': 0.0, 'support_precision': 0.0, 'support_recall': 0.0, 'accuracy': 0.3333333333333333}"
2hop__567588_67465,When did the performer of Goosebumpz release best day ever?,"{'answer': 'March 11, 2011', 'supporting_facts': ['""Goosebumpz"" is a song by American hip hop recording artist Mac Miller.', 'Best Day Ever is the fifth mixtape by American rapper Mac Miller.', 'This mixtape was released online March 11, 2011.']}","March 11, 2011","{'answer_em': 1.0, 'answer_f1': 1.0, 'answer_precision': 1.0, 'answer_recall': 1.0, 'support_f1': 0.0, 'support_precision': 0.0, 'support_recall': 0.0, 'accuracy': 1.0}"
2hop__525581_161450,Where is the province of Aqqala County located?,"{'answer': 'Golestan Province, Iran', 'supporting_facts': ['Aqqala County () (Persian Sepid Dez), is a county in Golestan Province in Iran.']}",in the north-east of the country south of the Caspian Sea,"{'answer_em': 0.0, 'answer_f1': 0.0, 'answer_precision': 0.0, 'answer_recall': 0.0, 'support_f1': 0.0, 'support_precision': 0.0, 'support_recall': 0.0, 'accuracy': 0.0}"
3hop1__92251_34179_23375,"What year saw the publication of the version of the Molotov–Ribbentrop Pact, engineered by the politician who succeeded the leader of the Bolsheviks in the November Revolution?","{'answer': '1948', 'supporting_facts': [""In response to the publication of the secret protocols and other secret German–Soviet relations documents in the State Department edition Nazi–Soviet Relations (1948), Stalin published Falsifiers of History, which included the claim that, during the Pact's operation, Stalin rejected Hitler's claim to share in a division of the world, without mentioning the Soviet offer to join the Axis.""]}",1948,"{'answer_em': 1.0, 'answer_f1': 1.0, 'answer_precision': 1.0, 'answer_recall': 1.0, 'support_f1': 0.0, 'support_precision': 0.0, 'support_recall': 0.0, 'accuracy': 1.0}"
3hop2__304722_466316_63959,When was the last time the team that Arthur James was a member of beat the 1894-95 FA cup winner?,{'answer': 'Error: Failed to parse final JSON.'},1 December 2010,"{'answer_em': 0.0, 'answer_f1': 0.0, 'answer_precision': 0.0, 'answer_recall': 0.0, 'support_f1': 0.0, 'support_precision': 0.0, 'support_recall': 0.0, 'error': 1}"
2hop__463353_66723,Who was the first black student admitted to the school that owns Swayze Field?,"{'answer': 'James Meredith', 'supporting_facts': ['Oxford-University Stadium at Swayze Field is the home of the University of Mississippi Rebels college baseball team and is located in Oxford, Mississippi.', 'In 1962, he became the first African - American student admitted to the segregated University of Mississippi, after the intervention of the federal government, an event that was a flashpoint in the Civil Rights Movement.']}",James Howard Meredith,"{'answer_em': 0.0, 'answer_f1': 0.8, 'answer_precision': 1.0, 'answer_recall': 0.6666666666666666, 'support_f1': 0.0, 'support_precision': 0.0, 'support_recall': 0.0, 'accuracy': 0.8}"
2hop__136067_160249,Between which years did war with the person for whom Pyrrhic victory is named occur?,{'answer': 'Error: Failed to parse final JSON.'},323–272 BC,"{'answer_em': 0.0, 'answer_f1': 0.0, 'answer_precision': 0.0, 'answer_recall': 0.0, 'support_f1': 0.0, 'support_precision': 0.0, 'support_recall': 0.0, 'error': 1}"
2hop__34495_85544,How many games does the team play that had the most champion league wins between 1992 and 2013?,{'answer': 'Error: Failed to parse final JSON.'},38,"{'answer_em': 0.0, 'answer_f1': 0.0, 'answer_precision': 0.0, 'answer_recall': 0.0, 'support_f1': 0.0, 'support_precision': 0.0, 'support_recall': 0.0, 'error': 1}"
4hop2__5206_39078_8987_8974,Where is the embassy in the only communist country whose military branch helping the Old West's inadequate local police was unprepared for invasion of the country conquered by the Pact?,"{'answer': 'Paraguay', 'supporting_facts': [""Yugoslavia was the only communist country allowed to have an embassy in Alfredo Stroessner's Paraguay."", 'The ROK Army defenders were relatively unprepared and ill-equipped.', 'In the American Old West, policing was often of very poor quality.[citation needed] The Army often provided some policing alongside poorly resourced sheriffs and temporarily organized posses.[citation needed]', 'The Warsaw Pact invasion of Czechoslovakia in August 1968']}",Alfredo Stroessner's Paraguay,"{'answer_em': 0.0, 'answer_f1': 0.5, 'answer_precision': 1.0, 'answer_recall': 0.3333333333333333, 'support_f1': 0.0, 'support_precision': 0.0, 'support_recall': 0.0, 'accuracy': 0.5}"
2hop__78766_461854,Who is the spouse of the actor who played Scarlet in Gone with the wind?,{'answer': 'Error: Failed to parse final JSON.'},Laurence Olivier,"{'answer_em': 0.0, 'answer_f1': 0.0, 'answer_precision': 0.0, 'answer_recall': 0.0, 'support_f1': 0.0, 'support_precision': 0.0, 'support_recall': 0.0, 'error': 1}"
4hop1__625463_229349_66759_54221,Storm of the Century filmed in state A based on the book by the author who wrote a story featuring the author of The Hope. When do alcohol sales start in state A?,"{'answer': '5am', 'supporting_facts': [""A very powerful blizzard hits the fictional small town of Little Tall Island (also the setting of King's novel Dolores Claiborne) off the coast of Maine."", 'Herman Wouk Is Still Alive is a short story by American author Stephen King.', 'Alcohol may be sold between the hours of 5am and 1am each day of the week.']}",5am,"{'answer_em': 1.0, 'answer_f1': 1.0, 'answer_precision': 1.0, 'answer_recall': 1.0, 'support_f1': 0.0, 'support_precision': 0.0, 'support_recall': 0.0, 'accuracy': 1.0}"
2hop__107238_64918,Who was president when congress declared war on the country where Glumpers was filmed?,{'answer': 'Error: Failed to parse final JSON.'},President McKinley,"{'answer_em': 0.0, 'answer_f1': 0.0, 'answer_precision': 0.0, 'answer_recall': 0.0, 'support_f1': 0.0, 'support_precision': 0.0, 'support_recall': 0.0, 'error': 1}"
3hop1__36497_78276_68042,When did the majority party of the branch of government that the President calls to support appointments to the USAF gain control in the House?,"{'answer': '2010', 'supporting_facts': ['Republicans regained control of the chamber they had lost in the 2006 midterm elections, picking up a net total of 63 seats and erasing the gains Democrats made in 2006 and 2008.', 'The senior officials in the Office of the Secretary are the Under Secretary of the Air Force, four Assistant Secretaries of the Air Force and the General Counsel, all of whom are appointed by the President with the advice and consent of the Senate.']}",the 2010 election,"{'answer_em': 0.0, 'answer_f1': 0.6666666666666666, 'answer_precision': 1.0, 'answer_recall': 0.5, 'support_f1': 0.0, 'support_precision': 0.0, 'support_recall': 0.0, 'accuracy': 0.6666666666666666}"
2hop__269766_43945,Common Sense which was written by the author of The Age of Reason was an important work because?,{'answer': 'Error: Failed to parse final JSON.'},crystallized the rebellious demand for independence from Great Britain,"{'answer_em': 0.0, 'answer_f1': 0.0, 'answer_precision': 0.0, 'answer_recall': 0.0, 'support_f1': 0.0, 'support_precision': 0.0, 'support_recall': 0.0, 'error': 1}"
3hop1__536452_15840_36002,What were the Genesis's advantages over the platform of Pinball Quest?,{'answer': 'Error: Failed to parse final JSON.'},built on 16-bit architectures and offered improved graphics and sound,"{'answer_em': 0.0, 'answer_f1': 0.0, 'answer_precision': 0.0, 'answer_recall': 0.0, 'support_f1': 0.0, 'support_precision': 0.0, 'support_recall': 0.0, 'error': 1}"
2hop__311931_417706,What record label does the performer of Emotional Rain belong to?,"{'answer': 'A&M Records (Canada) and Koch Entertainment (Europe)', 'supporting_facts': ['Emotional Rain is the seventh studio album by singer Lee Aaron, released on August 3, 1994 through A&M Records (Canada) and in 1995 through Koch Entertainment (Europe); it was later reissued in 2004 through Solid Gold Records.']}",Attic Records,"{'answer_em': 0.0, 'answer_f1': 0.22222222222222224, 'answer_precision': 0.14285714285714285, 'answer_recall': 0.5, 'support_f1': 0.0, 'support_precision': 0.0, 'support_recall': 0.0, 'accuracy': 0.22222222222222224}"
4hop1__88342_75218_128008_48717,Who was second pick in the 1999 draft of the league that has a competition where they give out the MLB MVP award after it?,"{'answer': 'Josh Beckett', 'supporting_facts': [""The BBWAA does not offer a clear - cut definition of what ``most valuable ''means, instead leaving the judgment to the individual voters."", 'Josh Beckett Florida Marlins Spring HS (Spring, Texas)']}",Josh Beckett,"{'answer_em': 1.0, 'answer_f1': 1.0, 'answer_precision': 1.0, 'answer_recall': 1.0, 'support_f1': 0.0, 'support_precision': 0.0, 'support_recall': 0.0, 'accuracy': 1.0}"
4hop2__71753_685934_70784_79935,When was the region that lies to the north of the region Israel is located and where The World is located created?,{'answer': 'Error: Failed to parse final JSON.'},1930,"{'answer_em': 0.0, 'answer_f1': 0.0, 'answer_precision': 0.0, 'answer_recall': 0.0, 'support_f1': 0.0, 'support_precision': 0.0, 'support_recall': 0.0, 'error': 1}"
2hop__131818_161450,Where is the Voshmgir District located?,"{'answer': 'Aqqala County, Golestan Province, Iran', 'supporting_facts': ['Voshmgir District () is a district (bakhsh) in Aqqala County, Golestan Province, Iran.']}",in the north-east of the country south of the Caspian Sea,"{'answer_em': 0.0, 'answer_f1': 0.0, 'answer_precision': 0.0, 'answer_recall': 0.0, 'support_f1': 0.0, 'support_precision': 0.0, 'support_recall': 0.0, 'accuracy': 0.0}"
2hop__60686_229757,Who is the spouse of the actress that plays leslie knope on parks and recreation?,"{'answer': 'No information available', 'supporting_facts': []}",Will Arnett,"{'answer_em': 0.0, 'answer_f1': 0.0, 'answer_precision': 0.0, 'answer_recall': 0.0, 'support_f1': 0.0, 'support_precision': 0.0, 'support_recall': 0.0, 'accuracy': 0.0}"
4hop1__567737_141375_458768_33637,How many ethnic minorities were looked at differently in the city where the headquarters of the company that Study in Brown's record label is a part of?,{'answer': 'Error: Failed to parse final JSON.'},two,"{'answer_em': 0.0, 'answer_f1': 0.0, 'answer_precision': 0.0, 'answer_recall': 0.0, 'support_f1': 0.0, 'support_precision': 0.0, 'support_recall': 0.0, 'error': 1}"
3hop1__139862_2053_5289,What UK label was bought by the major broadcaster based in New York that is not ABC and did not broadcast Highway to Heaven?,"{'answer': 'Oriole Records', 'supporting_facts': ['In 1964, CBS established its own UK distribution with the acquisition of Oriole Records.', 'The three major American broadcast networks are all headquartered in New York: ABC, CBS, and NBC.', 'Highway to Heaven is an American television drama series that ran on NBC from 1984 to 1989.']}",Oriole Records.,"{'answer_em': 1.0, 'answer_f1': 1.0, 'answer_precision': 1.0, 'answer_recall': 1.0, 'support_f1': 0.0, 'support_precision': 0.0, 'support_recall': 0.0, 'accuracy': 1.0}"
2hop__778212_22458,"What does the abbreviated name of the organization that includes the Scottish Football Association as a member, stand for?","{'answer': 'FIFA stands for the International Federation of Association Football', 'supporting_facts': ['David Will ... was Chairman of Brechin City for two decades, before becoming President of the Scottish Football Association (the governing body of Scottish football) and Vice-President of FIFA (the governing body of world football).', ""Swiss are fans of football and the national team is nicknamed the 'Nati'. The headquarters of the sport's governing body, the International Federation of Association Football (FIFA), is located in Zürich.""]}",International Federation of Association Football,"{'answer_em': 0.0, 'answer_f1': 0.7692307692307693, 'answer_precision': 0.625, 'answer_recall': 1.0, 'support_f1': 0.0, 'support_precision': 0.0, 'support_recall': 0.0, 'accuracy': 0.7692307692307693}"
2hop__728969_131890,Which is the body of water near George Mills' place of birth?,"{'answer': 'River Thames', 'supporting_facts': ['George Robert Mills (born 29 December 1908 in Deptford, died 15 July 1970) was an English footballer, principally for Chelsea.', 'Deptford borders the areas of Brockley and Lewisham to the south, New Cross to the west and Rotherhithe to the north west; Deptford Creek divides it from Greenwich to the east, and the River Thames separates the area from the Isle of Dogs to the north east;']}",River Thames,"{'answer_em': 1.0, 'answer_f1': 1.0, 'answer_precision': 1.0, 'answer_recall': 1.0, 'support_f1': 0.0, 'support_precision': 0.0, 'support_recall': 0.0, 'accuracy': 1.0}"
2hop__179322_83289,"Who stars in the video ""One Last Time"" by the performer of Baby I?","{'answer': 'Matt Bennett', 'supporting_facts': [""The music video was filmed in early January 2015 and it also stars Matt Bennett, who was also Grande's co-star from the Nickelodeon sitcom Victorious."", 'Baby I is a song recorded by American singer Ariana Grande for her debut studio album Yours Truly (2013).']}",Matt Bennett,"{'answer_em': 1.0, 'answer_f1': 1.0, 'answer_precision': 1.0, 'answer_recall': 1.0, 'support_f1': 0.0, 'support_precision': 0.0, 'support_recall': 0.0, 'accuracy': 1.0}"
2hop__574419_270105,What is the seat of the county where Van Hook Township is located?,"{'answer': 'Stanley', 'supporting_facts': ['The Mountrail County Courthouse in Stanley, North Dakota was built in 1914 and served Mountrail County as its courthouse continuously since then.', 'Van Hook Township is a township in Mountrail County in the U.S. state of North Dakota.']}",Stanley,"{'answer_em': 1.0, 'answer_f1': 1.0, 'answer_precision': 1.0, 'answer_recall': 1.0, 'support_f1': 0.0, 'support_precision': 0.0, 'support_recall': 0.0, 'accuracy': 1.0}"
3hop1__9285_5188_6375,"Who was the first person to control a spacecraft, from the country the top-ranking Warsaw Pact operatives came from, despite it being headquartered in the country called the nobilities commonwealth?",{'answer': 'Error: Failed to parse final JSON.'},Gherman Titov,"{'answer_em': 0.0, 'answer_f1': 0.0, 'answer_precision': 0.0, 'answer_recall': 0.0, 'support_f1': 0.0, 'support_precision': 0.0, 'support_recall': 0.0, 'error': 1}"
2hop__59274_461854,Who was the spouse of the actor who played Scarlett in Gone With the Wind?,"{'answer': 'Laurence Olivier', 'supporting_facts': ['Vivien Leigh (born Vivian Mary Hartley, and also known as Lady Olivier after 1947; 5 November 1913 -- 8 July 1967) was an English stage and film actress.']}",Laurence Olivier,"{'answer_em': 1.0, 'answer_f1': 1.0, 'answer_precision': 1.0, 'answer_recall': 1.0, 'support_f1': 0.0, 'support_precision': 0.0, 'support_recall': 0.0, 'accuracy': 1.0}"
3hop2__326964_851134_7713,How long had Pfrang Association's headquarters location been the capitol city of Yaxing Coach's headquarters location?,{'answer': 'Error: Failed to parse final JSON.'},about 400 years,"{'answer_em': 0.0, 'answer_f1': 0.0, 'answer_precision': 0.0, 'answer_recall': 0.0, 'support_f1': 0.0, 'support_precision': 0.0, 'support_recall': 0.0, 'error': 1}"
2hop__574496_123283,Where did the founder of the Acting Company study?,"{'answer': 'Clifton College', 'supporting_facts': ['He was educated in England at Clifton College, became a British subject, and worked in the grain trade in London before emigrating to the United States in 1925, where he took the stage name of John Houseman.']}",Clifton College,"{'answer_em': 1.0, 'answer_f1': 1.0, 'answer_precision': 1.0, 'answer_recall': 1.0, 'support_f1': 0.0, 'support_precision': 0.0, 'support_recall': 0.0, 'accuracy': 1.0}"
3hop1__389955_132457_47686,Where do Greyhound buses leave from in the city where the band that recorded the album I'm Alive and on Fire formed?,"{'answer': 'Toronto Coach Terminal', 'supporting_facts': ['Danko Jones is a Canadian rock trio from Toronto, Ontario.', ""I'm Alive and on Fire is a 2001 album by Canadian rock band Danko Jones."", 'The Toronto Coach Terminal is the central bus station for inter-city services in Toronto, Ontario, Canada.', 'The TTC managed the station directly until July 8, 2012, when it was leased out in its entirety to bus lines Coach Canada and Greyhound Canada for $1.2 million annually.']}",Toronto Coach Terminal,"{'answer_em': 1.0, 'answer_f1': 1.0, 'answer_precision': 1.0, 'answer_recall': 1.0, 'support_f1': 0.0, 'support_precision': 0.0, 'support_recall': 0.0, 'accuracy': 1.0}"
3hop1__742464_15840_36002,What were the Genesis's advantages over the platform in which Robodemons is played?,"{'answer': 'The Genesis had a larger library of games and a lower price point.', 'supporting_facts': [""Despite the Genesis's head start, much larger library of games, and lower price point, the Genesis only represented an estimated 60% of the American 16-bit console market in June 1992, and neither console could maintain a definitive lead for several years."", 'Robodemons is an action video game with shooting elements that was released for the Nintendo Entertainment System by Color Dreams on December 20, 1989.']}",built on 16-bit architectures and offered improved graphics and sound,"{'answer_em': 0.0, 'answer_f1': 0.10000000000000002, 'answer_precision': 0.1, 'answer_recall': 0.1, 'support_f1': 0.0, 'support_precision': 0.0, 'support_recall': 0.0, 'accuracy': 0.10000000000000002}"
3hop1__617062_127905_80286,Who has the most hits in the history of the organization that includes the team Jim Wilson was released by?,"{'answer': 'Pete Rose', 'supporting_facts': ['He was released by the Indians following the 1986 season.', 'Pete Rose holds the Major League record for most career hits, with 4,256.']}",Pete Rose,"{'answer_em': 1.0, 'answer_f1': 1.0, 'answer_precision': 1.0, 'answer_recall': 1.0, 'support_f1': 0.0, 'support_precision': 0.0, 'support_recall': 0.0, 'accuracy': 1.0}"
2hop__435184_84856,When does the new season of the show starring the cast member of Pizza Man start?,"{'answer': 'April 17, 2017', 'supporting_facts': [""The sixth season of ``Basketball Wives LA ''was confirmed by VH1 with a premiere date of April 17, 2017."", 'Bill Maher starred in the film Pizza Man.']}","January 20, 2017","{'answer_em': 0.0, 'answer_f1': 0.3333333333333333, 'answer_precision': 0.3333333333333333, 'answer_recall': 0.3333333333333333, 'support_f1': 0.0, 'support_precision': 0.0, 'support_recall': 0.0, 'accuracy': 0.3333333333333333}"
3hop1__106239_650651_7262,Who was a prominent figure at the radio division of the broadcast company that created the version of The Biggest Loser set in the country where Kelupis originated?,{'answer': 'Error: Failed to parse final JSON.'},Walter Sabo,"{'answer_em': 0.0, 'answer_f1': 0.0, 'answer_precision': 0.0, 'answer_recall': 0.0, 'support_f1': 0.0, 'support_precision': 0.0, 'support_recall': 0.0, 'error': 1}"
2hop__10114_599630,Where in Zhejiang is the city where Protestants are especially notable?,"{'answer': 'Wenzhou', 'supporting_facts': ['Zhejiang is one of the provinces of China with the largest concentrations of Protestants, especially notable in the city of Wenzhou.']}",Yongjia County,"{'answer_em': 0.0, 'answer_f1': 0.0, 'answer_precision': 0.0, 'answer_recall': 0.0, 'support_f1': 0.0, 'support_precision': 0.0, 'support_recall': 0.0, 'accuracy': 0.0}"
3hop2__132957_76377_40768,"When did Nissan, the Acura Legend maker and the top selling car brand open US assembly plants?",{'answer': 'Error: Failed to parse final JSON.'},1981,"{'answer_em': 0.0, 'answer_f1': 0.0, 'answer_precision': 0.0, 'answer_recall': 0.0, 'support_f1': 0.0, 'support_precision': 0.0, 'support_recall': 0.0, 'error': 1}"
3hop1__829944_474097_84283,Who is the owner of the record label that the performer of Better Than Me is signed with?,"{'answer': 'Warner Music Group', 'supporting_facts': ['Terry Dexter is the eponymous debut studio album by American contemporary R&B singer Terry Dexter, released July 13, 1999 via Warner Bros. Records.', 'Warner Bros. Records Parent company Warner Music Group Founded March 19, 1958; 60 years ago (1958 - 03 - 19) Founder James Conkling']}",Warner Music Group,"{'answer_em': 1.0, 'answer_f1': 1.0, 'answer_precision': 1.0, 'answer_recall': 1.0, 'support_f1': 0.0, 'support_precision': 0.0, 'support_recall': 0.0, 'accuracy': 1.0}"
3hop1__418091_15840_36002,What were Genesis's advantages over the platform that plays Bigfoot?,{'answer': 'Error: Failed to parse final JSON.'},built on 16-bit architectures and offered improved graphics and sound,"{'answer_em': 0.0, 'answer_f1': 0.0, 'answer_precision': 0.0, 'answer_recall': 0.0, 'support_f1': 0.0, 'support_precision': 0.0, 'support_recall': 0.0, 'error': 1}"
2hop__68590_27619,Where is the mission for the agency that controls the monetary policy of the EU found?,"{'answer': 'Frankfurt, Germany', 'supporting_facts': ['The European Central Bank (ECB; German: Europäische Zentralbank (EZB), French: Banque centrale européenne (BCE)) is the central bank for the euro and administers monetary policy of the eurozone, which consists of 19 EU member states and is one of the largest currency areas in the world.', 'The Treaty of Amsterdam established the bank in 1998, and it is headquartered in Frankfurt, Germany.']}",Article 2 of the Statute of the ECB,"{'answer_em': 0.0, 'answer_f1': 0.0, 'answer_precision': 0.0, 'answer_recall': 0.0, 'support_f1': 0.0, 'support_precision': 0.0, 'support_recall': 0.0, 'accuracy': 0.0}"
2hop__67660_158861,What actor had the role of the narrator of How I Met Your Mother?,{'answer': 'Error: Failed to parse final JSON.'},Josh Radnor,"{'answer_em': 0.0, 'answer_f1': 0.0, 'answer_precision': 0.0, 'answer_recall': 0.0, 'support_f1': 0.0, 'support_precision': 0.0, 'support_recall': 0.0, 'error': 1}"
2hop__235471_565925,What record label did the performer of The Place and the Time belong to?,{'answer': 'Error: Failed to parse final JSON.'},Columbia Records,"{'answer_em': 0.0, 'answer_f1': 0.0, 'answer_precision': 0.0, 'answer_recall': 0.0, 'support_f1': 0.0, 'support_precision': 0.0, 'support_recall': 0.0, 'error': 1}"
2hop__75207_46837,When does the winter season begin in the place where fuser and alberto meet the indigenous couple who were traveling for work?,"{'answer': 'June, July or August', 'supporting_facts': ['In Chile, for instance, they encounter a penniless and persecuted couple forced onto the road because of their communist beliefs.', 'Winter is often defined by meteorologists to be the three calendar months with the lowest average temperatures. This corresponds to the months of December, January and February in the Northern Hemisphere, and June, July and August in the Southern Hemisphere.']}",June,"{'answer_em': 0.0, 'answer_f1': 0.4, 'answer_precision': 0.25, 'answer_recall': 1.0, 'support_f1': 0.0, 'support_precision': 0.0, 'support_recall': 0.0, 'accuracy': 0.4}"
3hop1__159803_89752_75165,What's the population of the largest state in the region of the U.S. where trading practices were once threatened by the Navigation Acts?,"{'answer': '1,335,907', 'supporting_facts': ['The Navigation Acts which threatened the existence of certain trading practices of New England.', 'Maine alone constitutes nearly one - half of the total area of New England, yet is only the 39th -largest state, slightly smaller than Indiana.', 'Population Ranked 42nd Total 1,335,907 (2017 est.)']}","1,335,907","{'answer_em': 1.0, 'answer_f1': 1.0, 'answer_precision': 1.0, 'answer_recall': 1.0, 'support_f1': 0.0, 'support_precision': 0.0, 'support_recall': 0.0, 'accuracy': 1.0}"
2hop__2299_38663,What percentage did the Dow Jones fall in the historical era where the book takes place?,"{'answer': '22.61%', 'supporting_facts': ['The Dow Jones Industrial Average (DJIA) fell exactly 508 points to 1,738.74 (22.61%).', 'In finance, Black Monday refers to Monday, October 19, 1987, when stock markets around the world crashed, shedding a huge value in a very short time.']}",54.7%,"{'answer_em': 0.0, 'answer_f1': 0.0, 'answer_precision': 0.0, 'answer_recall': 0.0, 'support_f1': 0.0, 'support_precision': 0.0, 'support_recall': 0.0, 'accuracy': 0.0}"
2hop__388467_110882,What is the birth date of the By Your Side performer?,"{'answer': '1 January 1986', 'supporting_facts': ['James Cottriall (born 1 January 1986, Stratford upon Avon) is an English musician, currently living in Los Angeles, California.', 'By Your Side is a song by the English musician James Cottriall, from his second studio album Love Is Louder.']}",1 January 1986,"{'answer_em': 1.0, 'answer_f1': 1.0, 'answer_precision': 1.0, 'answer_recall': 1.0, 'support_f1': 0.0, 'support_precision': 0.0, 'support_recall': 0.0, 'accuracy': 1.0}"
2hop__486392_35739,When was the version of Windows 8 from the company that Iceweasel was based on made accessible?,"{'answer': 'August 15, 2012', 'supporting_facts': ['On August 15, 2012, Windows 8 was made available to download for MSDN and TechNet subscribers.', 'GNU IceCat, formerly known as GNU IceWeasel, is a free software rebranding of the Mozilla Firefox web browser distributed by the GNU Project.']}",September 2013,"{'answer_em': 0.0, 'answer_f1': 0.0, 'answer_precision': 0.0, 'answer_recall': 0.0, 'support_f1': 0.0, 'support_precision': 0.0, 'support_recall': 0.0, 'accuracy': 0.0}"
3hop1__68802_89752_49923,How many counties are there in the largest state in the region where the film The Family Stone was set?,{'answer': 'Error: Failed to parse final JSON.'},sixteen,"{'answer_em': 0.0, 'answer_f1': 0.0, 'answer_precision': 0.0, 'answer_recall': 0.0, 'support_f1': 0.0, 'support_precision': 0.0, 'support_recall': 0.0, 'error': 1}"
2hop__56270_68396,What percentage of the nation's population lives in the state that includes the 951 area code?,"{'answer': 'more than 12%', 'supporting_facts': ['As of 2006, California had an estimated population of 37,172,015, more than 12 percent of the U.S. population.', 'Area code 951 is a California telephone area code that was split from area code 909 on July 17, 2004.']}",more than 12 percent,"{'answer_em': 0.0, 'answer_f1': 0.8571428571428571, 'answer_precision': 1.0, 'answer_recall': 0.75, 'support_f1': 0.0, 'support_precision': 0.0, 'support_recall': 0.0, 'accuracy': 0.8571428571428571}"
2hop__21103_16254,"By 1931, what percentage of the world's Jews were the group of Jews that represented the bulk of modern Jewry?","{'answer': '92%', 'supporting_facts': [""It is estimated that in the 11th century Ashkenazi Jews composed only three percent of the world's Jewish population, while at their peak in 1931 they accounted for 92 percent of the world's Jews."", 'Ashkenazi Jews represent the bulk of modern Jewry, with at least 70% of Jews worldwide (and up to 90% prior to World War II and the Holocaust).']}",92 percent,"{'answer_em': 0.0, 'answer_f1': 0.6666666666666666, 'answer_precision': 1.0, 'answer_recall': 0.5, 'support_f1': 0.0, 'support_precision': 0.0, 'support_recall': 0.0, 'accuracy': 0.6666666666666666}"
2hop__853227_68633,Arthur Marryatt is a member of a sports association that has who as president?,"{'answer': 'Thomas Bach', 'supporting_facts': ['Arthur Albert Marryatt (1873 – 23 November 1949) was a New Zealand sports administrator, who represented New Zealand on the International Olympic Committee from 1919 to 1923, when he was replaced by Joseph Firth.', 'President of the International Olympic Committee Président du Comité international olympique Olympic rings Incumbent Thomas Bach since 10 September 2013']}",Thomas Bach,"{'answer_em': 1.0, 'answer_f1': 1.0, 'answer_precision': 1.0, 'answer_recall': 1.0, 'support_f1': 0.0, 'support_precision': 0.0, 'support_recall': 0.0, 'accuracy': 1.0}"
2hop__30384_30351,Who did Hay work for after being hired by his other notable influence regarding resource distribution other than Max Weber?,"{'answer': 'Ludwig von Mises', 'supporting_facts': ['Upon the completion of his examinations, Hayek was hired by Ludwig von Mises on the recommendation of Wieser as a specialist for the Austrian government working on the legal and economic details of the Treaty of Saint Germain.']}",the Austrian government,"{'answer_em': 0.0, 'answer_f1': 0.0, 'answer_precision': 0.0, 'answer_recall': 0.0, 'support_f1': 0.0, 'support_precision': 0.0, 'support_recall': 0.0, 'accuracy': 0.0}"
3hop1__830700_538202_84283,Who owns the record label of the Shake What God Gave Ya performer?,"{'answer': 'Warner Music Group', 'supporting_facts': ['Warner Bros. Records Parent company Warner Music Group Founded March 19, 1958; 60 years ago (1958 - 03 - 19)', 'Shake What God Gave Ya is the third studio album from American country artist James Otto. It was released in the United States on September 14, 2010 through Warner Bros. Nashville.']}",Warner Music Group,"{'answer_em': 1.0, 'answer_f1': 1.0, 'answer_precision': 1.0, 'answer_recall': 1.0, 'support_f1': 0.0, 'support_precision': 0.0, 'support_recall': 0.0, 'accuracy': 1.0}"
4hop3__673447_132409_371500_35031,"Among the top five largest urban areas in the state where Infest's performer was formed, where does Veoh's headquarters city rank?","{'answer': 'third', 'supporting_facts': ['Papa Roach is an American rock band from Vacaville, California.', 'The urban area of San Diego extends beyond the administrative city limits and had a total population of 2,956,746, making it the third-largest urban area in the state, after that of the Los Angeles metropolitan area and San Francisco metropolitan area.', 'Veoh is an Internet television company based in San Diego, California.']}",third-largest,"{'answer_em': 0.0, 'answer_f1': 0.0, 'answer_precision': 0.0, 'answer_recall': 0.0, 'support_f1': 0.0, 'support_precision': 0.0, 'support_recall': 0.0, 'accuracy': 0.0}"
2hop__818692_113442,What date did the creator of Autumn Leaves die?,"{'answer': '13 August 1896', 'supporting_facts': ['Sir John Everett Millais, 1st Baronet ( , ; 8 June 1829 – 13 August 1896) was an English painter and illustrator who was one of the founders of the Pre-Raphaelite Brotherhood.']}",13 August 1896,"{'answer_em': 1.0, 'answer_f1': 1.0, 'answer_precision': 1.0, 'answer_recall': 1.0, 'support_f1': 0.0, 'support_precision': 0.0, 'support_recall': 0.0, 'accuracy': 1.0}"
2hop__401710_456439,Who is the spouse of the producer of Dolores Claiborne?,"{'answer': 'Unknown', 'supporting_facts': ['Dolores Claiborne is a 1995 American psychological thriller drama film directed by Taylor Hackford and starring Kathy Bates, Jennifer Jason Leigh, and David Strathairn.', 'The context does not provide information about the producer of Dolores Claiborne or their spouse.']}",Helen Mirren,"{'answer_em': 0.0, 'answer_f1': 0.0, 'answer_precision': 0.0, 'answer_recall': 0.0, 'support_f1': 0.0, 'support_precision': 0.0, 'support_recall': 0.0, 'accuracy': 0.0}"
2hop__394720_120259,When was the kingdom that Heptarchy was part of abolished?,{'answer': 'Error: Failed to parse final JSON.'},918,"{'answer_em': 0.0, 'answer_f1': 0.0, 'answer_precision': 0.0, 'answer_recall': 0.0, 'support_f1': 0.0, 'support_precision': 0.0, 'support_recall': 0.0, 'error': 1}"
2hop__511296_577502,Who married the actor from Terminator?,"{'answer': 'Maria Shriver', 'supporting_facts': ['Maria Shriver (wife of California governor Arnold Schwarzenegger)']}",Maria Shriver,"{'answer_em': 1.0, 'answer_f1': 1.0, 'answer_precision': 1.0, 'answer_recall': 1.0, 'support_f1': 0.0, 'support_precision': 0.0, 'support_recall': 0.0, 'accuracy': 1.0}"
4hop1__17192_17130_70784_61381,When was the region immediately north of the region where the country that secured southern Lebanon is located and the Persian Gulf established?,{'answer': 'Error: Failed to parse final JSON.'},1932,"{'answer_em': 0.0, 'answer_f1': 0.0, 'answer_precision': 0.0, 'answer_recall': 0.0, 'support_f1': 0.0, 'support_precision': 0.0, 'support_recall': 0.0, 'error': 1}"
4hop3__547073_88460_30152_20999,How were people from whom the new coins were a proclamation of independence by the Somali Muslim Ajuran Empire expelled from the country between Thailand and Si Phan Don's country?,{'answer': 'Error: Failed to parse final JSON.'},The dynasty regrouped and defeated the Portuguese,"{'answer_em': 0.0, 'answer_f1': 0.0, 'answer_precision': 0.0, 'answer_recall': 0.0, 'support_f1': 0.0, 'support_precision': 0.0, 'support_recall': 0.0, 'error': 1}"
3hop1__850160_15840_36014,What was Nintendo's limit on games per developer per year on the system which had a three letter abbreviation and was also the platform for Pictionary?,{'answer': 'Error: Failed to parse final JSON.'},five,"{'answer_em': 0.0, 'answer_f1': 0.0, 'answer_precision': 0.0, 'answer_recall': 0.0, 'support_f1': 0.0, 'support_precision': 0.0, 'support_recall': 0.0, 'error': 1}"
2hop__82378_158266,The top ballet company in the top bauxite producing country is what?,"{'answer': 'The Australian Ballet', 'supporting_facts': ['Rank Country / Region Bauxite (thousand tonnes) World 300,000 Australia 83,000', 'Ballet and dance are represented by The Australian Ballet and various state companies.']}",The Australian Ballet,"{'answer_em': 1.0, 'answer_f1': 1.0, 'answer_precision': 1.0, 'answer_recall': 1.0, 'support_f1': 0.0, 'support_precision': 0.0, 'support_recall': 0.0, 'accuracy': 1.0}"
3hop1__820301_720914_27537,Why did Roncalli leave the place where Crucifixion's creator died?,"{'answer': 'Because the death of a pontiff meant that he would have to stay at his post until the election of a new pontiff.', 'supporting_facts': ['On 10 February 1939, Pope Pius XI died. Roncalli was unable to see his mother for the end as the death of a pontiff meant that he would have to stay at his post until the election of a new pontiff.']}",for the conclave in Rome,"{'answer_em': 0.0, 'answer_f1': 0.0, 'answer_precision': 0.0, 'answer_recall': 0.0, 'support_f1': 0.0, 'support_precision': 0.0, 'support_recall': 0.0, 'accuracy': 0.0}"
4hop1__94201_642284_131926_13165,What treaty ceded territory to the US extending west to the body of water by the city where the designer of Southeast Library died?,{'answer': 'Error: Failed to parse final JSON.'},Treaty of Paris,"{'answer_em': 0.0, 'answer_f1': 0.0, 'answer_precision': 0.0, 'answer_recall': 0.0, 'support_f1': 0.0, 'support_precision': 0.0, 'support_recall': 0.0, 'error': 1}"
3hop1__109113_720914_27537,Why did Roncalli leave the city where the painter of Venus with a Mirror died?,{'answer': 'Error: Failed to parse final JSON.'},for the conclave in Rome,"{'answer_em': 0.0, 'answer_f1': 0.0, 'answer_precision': 0.0, 'answer_recall': 0.0, 'support_f1': 0.0, 'support_precision': 0.0, 'support_recall': 0.0, 'error': 1}"
3hop1__106847_160713_77246,What is the meaning in the arabic dictionary of the majority religion in the area of British India that become India when the country for A Music Fairy was created?,"{'answer': 'Al-Hind', 'supporting_facts': ['The Arabic equivalent Al-Hind likewise referred to the country of India.', 'According to the 2011 census, 79.8% of the population of India practice Hinduism.', ""On 29 March 2012 'A Music Fairy' has been screened at University of Ankara under celebration of Pakistan Culutral Week 'Jeevay Jeevay Pakistan' arranged by Embassy of Pakistan in Turkey.""]}",the country of India,"{'answer_em': 0.0, 'answer_f1': 0.0, 'answer_precision': 0.0, 'answer_recall': 0.0, 'support_f1': 0.0, 'support_precision': 0.0, 'support_recall': 0.0, 'accuracy': 0.0}"
2hop__59612_50883,The London broil cut comes from a country with an emergency response guidebook with response guides in which section?,"{'answer': 'The fourth section', 'supporting_facts': ['The fourth section, with orange page borders, includes the actual response guides.', 'London broil is a beef dish made by broiling marinated beef, then cutting it across the grain into thin strips. Despite its name, the dish and the terminology are North American, not British.', 'The Emergency Response Guidebook is used in the United States, as implied by the context, and the London broil dish originates from North America.']}","The fourth section, with orange page borders","{'answer_em': 0.0, 'answer_f1': 0.5, 'answer_precision': 1.0, 'answer_recall': 0.3333333333333333, 'support_f1': 0.0, 'support_precision': 0.0, 'support_recall': 0.0, 'accuracy': 0.5}"
3hop1__857_846_7770,Where does the Yangtze River flow in the city where the Yongle emperor greeted the person to whom the edict was addressed?,{'answer': 'Error: Failed to parse final JSON.'},past the west side and then north side,"{'answer_em': 0.0, 'answer_f1': 0.0, 'answer_precision': 0.0, 'answer_recall': 0.0, 'support_f1': 0.0, 'support_precision': 0.0, 'support_recall': 0.0, 'error': 1}"
4hop1__567737_141375_458768_33677,When was the most recent Bicycle Friendly Community Award given to the city where the company Study in Brown's record label is part of is headquartered?,{'answer': 'Error: Failed to parse final JSON.'},2013,"{'answer_em': 0.0, 'answer_f1': 0.0, 'answer_precision': 0.0, 'answer_recall': 0.0, 'support_f1': 0.0, 'support_precision': 0.0, 'support_recall': 0.0, 'error': 1}"
2hop__42027_42004,"Since 2004, what is the location of the body to which, if a matter is not specifically reserved, it is devolved?","{'answer': 'The Scottish Parliament', 'supporting_facts': ['The Scottish Parliament has the power to legislate in all areas that are not explicitly reserved to Westminster.', 'All matters that are not specifically reserved are automatically devolved to the Scottish Parliament.']}",Scottish Parliament Building,"{'answer_em': 0.0, 'answer_f1': 0.8, 'answer_precision': 1.0, 'answer_recall': 0.6666666666666666, 'support_f1': 0.0, 'support_precision': 0.0, 'support_recall': 0.0, 'accuracy': 0.8}"
2hop__644898_64046,Who plays the prison warden in the second movie in the series with the same name as the place where James Trainer died?,"{'answer': 'Brendan Gleeson', 'supporting_facts': ['James Trainer (7 January 1863 in Wrexham – 5 August 1915 in Paddington, Central London, England) was a Welsh association football player of the Victorian era.', 'Paddington 2 ... Brendan Gleeson as Knuckles McGinty, a safe cracker and prison cook']}",Simon Farnaby,"{'answer_em': 0.0, 'answer_f1': 0.0, 'answer_precision': 0.0, 'answer_recall': 0.0, 'support_f1': 0.0, 'support_precision': 0.0, 'support_recall': 0.0, 'accuracy': 0.0}"
2hop__124412_402641,Who is the child of Chiang Hsiao-wen's father?,{'answer': 'Error: Failed to parse final JSON.'},Chiang Hsiao-wu,"{'answer_em': 0.0, 'answer_f1': 0.0, 'answer_precision': 0.0, 'answer_recall': 0.0, 'support_f1': 0.0, 'support_precision': 0.0, 'support_recall': 0.0, 'error': 1}"
3hop1__140345_2053_5289,"What label was bought by the company which, along with ABC and the network which aired Law of the Plainsman, is the other major broadcaster based in NY?",{'answer': 'Error: Failed to parse final JSON.'},Oriole Records.,"{'answer_em': 0.0, 'answer_f1': 0.0, 'answer_precision': 0.0, 'answer_recall': 0.0, 'support_f1': 0.0, 'support_precision': 0.0, 'support_recall': 0.0, 'error': 1}"
3hop1__132967_40769_64047,When did the rx 350 model of the luxury division of the company that built Daihatsu boon change body style?,{'answer': 'Error: Failed to parse final JSON.'},Sales began worldwide in April 2012,"{'answer_em': 0.0, 'answer_f1': 0.0, 'answer_precision': 0.0, 'answer_recall': 0.0, 'support_f1': 0.0, 'support_precision': 0.0, 'support_recall': 0.0, 'error': 1}"
2hop__50432_56873,When did the team that won the 1959 fa cup final beating luton town 2-1 win the fa cup?,"{'answer': '1959', 'supporting_facts': ['1959 FA Cup Final Event 1958 -- 59 FA Cup Nottingham Forest Luton Town Date 2 May 1959 Venue Wembley Stadium, London Referee Jack Clough (Bolton) Attendance 100,000 ← 1958 1960 →', 'Forest won the FA Cup in 1898 and 1959.']}",1898 and 1959,"{'answer_em': 0.0, 'answer_f1': 0.5, 'answer_precision': 1.0, 'answer_recall': 0.3333333333333333, 'support_f1': 0.0, 'support_precision': 0.0, 'support_recall': 0.0, 'accuracy': 0.5}"
2hop__30905_213732,"Who is the child of the person who sponsored the resolution to reopen trade with Vietnam, along with Kerry?","{'answer': 'Meghan McCain', 'supporting_facts': ['In 1994 the Senate passed a resolution, sponsored by Kerry and fellow Vietnam veteran John McCain, that called for an end to the existing trade embargo against Vietnam;', 'Dirty Sexy Politics is a 2010 political memoir written by Meghan McCain, the daughter of Republican Senator John McCain, about the 2008 United States presidential election.']}",Meghan McCain,"{'answer_em': 1.0, 'answer_f1': 1.0, 'answer_precision': 1.0, 'answer_recall': 1.0, 'support_f1': 0.0, 'support_precision': 0.0, 'support_recall': 0.0, 'accuracy': 1.0}"
2hop__54651_169233,What award did the singer of Never Had a Friend Like Me in Aladdin receive?,"{'answer': 'Academy Award for Best Supporting Actor', 'supporting_facts': [""Robin Williams (1951–2014) was an American actor and comedian who throughout the course of his career won numerous awards, including an Academy Award for Best Supporting Actor for his role in 'Good Will Hunting' (1997)."", ""'Friend Like Me 'is a song from the 1992 Disney film Aladdin. It was performed by Robin Williams in his role as the Genie.""]}",Academy Award for Best Supporting Actor,"{'answer_em': 1.0, 'answer_f1': 1.0, 'answer_precision': 1.0, 'answer_recall': 1.0, 'support_f1': 0.0, 'support_precision': 0.0, 'support_recall': 0.0, 'accuracy': 1.0}"
2hop__46376_158105,Which two features were played up by the highest paid person in the world?,"{'answer': 'Ease of use and enhanced support for Plug and Play (PnP)', 'supporting_facts': [""Microsoft CEO Bill Gates was highlighting the operating system's ease of use and enhanced support for Plug and Play (PnP).""]}",ease of use and enhanced support for Plug and Play,"{'answer_em': 0.0, 'answer_f1': 0.9523809523809523, 'answer_precision': 0.9090909090909091, 'answer_recall': 1.0, 'support_f1': 0.0, 'support_precision': 0.0, 'support_recall': 0.0, 'accuracy': 0.9523809523809523}"
4hop1__58323_375563_161848_67585,"How many stars are on the flag of the nation that first participated in the 1952 Olympics, located near the citizen country of the author of the 2005 novel Thief?",{'answer': 'Error: Failed to parse final JSON.'},four,"{'answer_em': 0.0, 'answer_f1': 0.0, 'answer_precision': 0.0, 'answer_recall': 0.0, 'support_f1': 0.0, 'support_precision': 0.0, 'support_recall': 0.0, 'error': 1}"
2hop__66167_615257,What team does the player with the most points in a NBA season play for?,"{'answer': 'No team is specified for the player with the most points in an NBA season', 'supporting_facts': ['Wilt Chamberlain holds the all - time records for total points scored (4,029) and points per game (50.4) in a season; both records were achieved in the 1961 -- 62 season.']}",Oklahoma City Thunder,"{'answer_em': 0.0, 'answer_f1': 0.0, 'answer_precision': 0.0, 'answer_recall': 0.0, 'support_f1': 0.0, 'support_precision': 0.0, 'support_recall': 0.0, 'accuracy': 0.0}"
3hop1__36497_73181_68042,When did the party with a majority in the body the President calls on for support of his appointments to the USAF gain control of the House?,"{'answer': '2010', 'supporting_facts': ['Republicans regained control of the chamber they had lost in the 2006 midterm elections, picking up a net total of 63 seats and erasing the gains Democrats made in 2006 and 2008.', 'The senior officials in the Office of the Secretary are the Under Secretary of the Air Force, four Assistant Secretaries of the Air Force and the General Counsel, all of whom are appointed by the President with the advice and consent of the Senate.']}",the 2010 election,"{'answer_em': 0.0, 'answer_f1': 0.6666666666666666, 'answer_precision': 1.0, 'answer_recall': 0.5, 'support_f1': 0.0, 'support_precision': 0.0, 'support_recall': 0.0, 'accuracy': 0.6666666666666666}"
3hop1__489567_443779_52195,Who is the president of the newly declared independent country that is part of the commission of Truth and Friendship with the country where Inierie is located?,{'answer': 'Error: Failed to parse final JSON.'},Francisco Guterres,"{'answer_em': 0.0, 'answer_f1': 0.0, 'answer_precision': 0.0, 'answer_recall': 0.0, 'support_f1': 0.0, 'support_precision': 0.0, 'support_recall': 0.0, 'error': 1}"
2hop__151705_141308,What company is I Dig Love's record label a part of?,"{'answer': 'Apple Records', 'supporting_facts': ['Leng also compares ""I Dig Love"" with ""Love the One You\'re With"", a ""hymn to hedonism"" by Stephen Stills, with whom Harrison worked on Doris Troy\'s eponymous album for Apple Records, in 1969–70.', 'Apple Records is a record label founded by the Beatles in 1968 as a division of Apple Corps Ltd.']}",Apple Corps,"{'answer_em': 0.0, 'answer_f1': 0.5, 'answer_precision': 0.5, 'answer_recall': 0.5, 'support_f1': 0.0, 'support_precision': 0.0, 'support_recall': 0.0, 'accuracy': 0.5}"
2hop__257831_123283,Where did the producer of Julius Caesar study or work?,"{'answer': 'England and the United States', 'supporting_facts': ['He was educated in England at Clifton College, became a British subject, and worked in the grain trade in London before emigrating to the United States in 1925, where he took the stage name of John Houseman.']}",Clifton College,"{'answer_em': 0.0, 'answer_f1': 0.0, 'answer_precision': 0.0, 'answer_recall': 0.0, 'support_f1': 0.0, 'support_precision': 0.0, 'support_recall': 0.0, 'accuracy': 0.0}"
4hop2__161602_474028_88460_21057,"During British rule, what wood was mostly produced in the nation that's the boundary between the host of the 2020 AFC U-23 Championship qualification, and the nation containing A Don?",{'answer': 'Error: Failed to parse final JSON.'},75% of the world's teak,"{'answer_em': 0.0, 'answer_f1': 0.0, 'answer_precision': 0.0, 'answer_recall': 0.0, 'support_f1': 0.0, 'support_precision': 0.0, 'support_recall': 0.0, 'error': 1}"
2hop__61714_89309,What was the date that Pam got married in The Office?,"{'answer': 'October 8, 2009', 'supporting_facts': ['The Office episode Episode no. Season 6 Episode 4 / 5 ... Original air date October 8, 2009', 'Jim and Pam marry early in the season, at Niagara Falls, during the highly anticipated, hour long episode, ""Niagara ""']}","October 8, 2009","{'answer_em': 1.0, 'answer_f1': 1.0, 'answer_precision': 1.0, 'answer_recall': 1.0, 'support_f1': 0.0, 'support_precision': 0.0, 'support_recall': 0.0, 'accuracy': 1.0}"
4hop3__650050_88460_30152_20999,How were people from whom the new coins were a proclamation of independence by the Somali Muslim Ajuran Empire expelled from the natural boundary between Thailand and A Doi's country?,{'answer': 'Error: Failed to parse final JSON.'},The dynasty regrouped and defeated the Portuguese,"{'answer_em': 0.0, 'answer_f1': 0.0, 'answer_precision': 0.0, 'answer_recall': 0.0, 'support_f1': 0.0, 'support_precision': 0.0, 'support_recall': 0.0, 'error': 1}"
2hop__412633_15781,"Who, along with the author of An Essay on the History of Civil Society, criticized the idea of social contract theorists?",{'answer': 'Error: Failed to parse final JSON.'},David Hume,"{'answer_em': 0.0, 'answer_f1': 0.0, 'answer_precision': 0.0, 'answer_recall': 0.0, 'support_f1': 0.0, 'support_precision': 0.0, 'support_recall': 0.0, 'error': 1}"
3hop1__145924_131905_41948,"Besides the Irish Channel and the body of water by the city Caspar Voght died in, what else lowered in the last cold phase?","{'answer': 'sea level', 'supporting_facts': ['The last phase slightly predates the global last ice age maximum (Last Glacial Maximum). During this time, the lower Rhine flowed roughly west through the Netherlands and extended to the southwest, through the English Channel and finally, to the Atlantic Ocean. The English Channel, the Irish Channel and most of the North Sea were dry land, mainly because sea level was approximately 120 m (390 ft) lower than today.']}",English Channel,"{'answer_em': 0.0, 'answer_f1': 0.0, 'answer_precision': 0.0, 'answer_recall': 0.0, 'support_f1': 0.0, 'support_precision': 0.0, 'support_recall': 0.0, 'accuracy': 0.0}"
3hop1__715607_792411_51423,What is the name of the castle in the city where the performer of A Collection 1984–1989 was born?,"{'answer': 'None of the above', 'supporting_facts': ['A Collection 1984–1989 is a 1995 greatest hits compilation of her by Jane Siberry.', 'Gavin Bradley is an award-winning Canadian singer-songwriter and producer based in Toronto who has worked with artists like Nelly Furtado, Tori Amos and Jane Siberry.', ""There is no information about Jane Siberry's birthplace in the provided context.""]}",Casa Loma,"{'answer_em': 0.0, 'answer_f1': 0.0, 'answer_precision': 0.0, 'answer_recall': 0.0, 'support_f1': 0.0, 'support_precision': 0.0, 'support_recall': 0.0, 'accuracy': 0.0}"
3hop1__595371_40769_64047,When did the RX 350 from the Scion xB manufacturer's luxury division change body style?,{'answer': 'Error: Failed to parse final JSON.'},Sales began worldwide in April 2012,"{'answer_em': 0.0, 'answer_f1': 0.0, 'answer_precision': 0.0, 'answer_recall': 0.0, 'support_f1': 0.0, 'support_precision': 0.0, 'support_recall': 0.0, 'error': 1}"
3hop1__128554_39743_24526,"What is the average winter daytime temperature in the region where Richmond is found, in the state where WIRR operates?",{'answer': 'Error: Failed to parse final JSON.'},upper 40s–lower 50s °F,"{'answer_em': 0.0, 'answer_f1': 0.0, 'answer_precision': 0.0, 'answer_recall': 0.0, 'support_f1': 0.0, 'support_precision': 0.0, 'support_recall': 0.0, 'error': 1}"
4hop1__567737_141375_458768_33633,When did the explorer reach the headquarters location of the group Study in Brown's record label is part of?,{'answer': 'Error: Failed to parse final JSON.'},"August 3, 1769","{'answer_em': 0.0, 'answer_f1': 0.0, 'answer_precision': 0.0, 'answer_recall': 0.0, 'support_f1': 0.0, 'support_precision': 0.0, 'support_recall': 0.0, 'error': 1}"
3hop1__103197_214799_259594,What country gas the border troops of the country of the literature of the country of Andreas Zülow's citizenship?,{'answer': 'Error: Failed to parse final JSON.'},GDR,"{'answer_em': 0.0, 'answer_f1': 0.0, 'answer_precision': 0.0, 'answer_recall': 0.0, 'support_f1': 0.0, 'support_precision': 0.0, 'support_recall': 0.0, 'error': 1}"
2hop__803903_78606,Who plays the wife of Big Stan's director in Grown Ups?,"{'answer': 'Salma Hayek', 'supporting_facts': ['Big Stan is a 2007 American prison comedy directed and produced by Rob Schneider, who also starred in the film.', 'In Grown Ups, Lenny (Adam Sandler) has become an ambitious Hollywood talent agent with his wife, fashion designer Roxanne (Salma Hayek), and his three children']}",Joyce Van Patten,"{'answer_em': 0.0, 'answer_f1': 0.0, 'answer_precision': 0.0, 'answer_recall': 0.0, 'support_f1': 0.0, 'support_precision': 0.0, 'support_recall': 0.0, 'accuracy': 0.0}"
2hop__27650_27628,Who is the Vice-President of the body that began to increase their coverage of weaker debts?,"{'answer': 'Vitor Constâncio', 'supporting_facts': ['The European Central Bank had stepped up the buying of member nations debt.', 'It is composed of the President of the Bank (currently Mario Draghi), the Vice-President (currently Vitor Constâncio) and four other members.']}",Vitor Constâncio,"{'answer_em': 1.0, 'answer_f1': 1.0, 'answer_precision': 1.0, 'answer_recall': 1.0, 'support_f1': 0.0, 'support_precision': 0.0, 'support_recall': 0.0, 'accuracy': 1.0}"
2hop__10900_21567,Who introduced a system of musical notation in the 14th century used in the area where the Ottoman slave trade flourished?,"{'answer': 'John Kukuzelis', 'supporting_facts': ['Prominent reformer of Orthodox Church music from the first half of 14th century was John Kukuzelis; he also introduced a system of notation widely used in the Balkans in the following centuries.', 'Due to the Ottoman slave trade that had flourished in the Balkans, the coastal town of Ulcinj in Montenegro had its own black community.']}",John Kukuzelis,"{'answer_em': 1.0, 'answer_f1': 1.0, 'answer_precision': 1.0, 'answer_recall': 1.0, 'support_f1': 0.0, 'support_precision': 0.0, 'support_recall': 0.0, 'accuracy': 1.0}"
2hop__677160_110882,When was the performer of So Nice born?,"{'answer': 'January 1, 1986', 'supporting_facts': ['James Cottriall (born 1 January 1986, Stratford upon Avon) is an English musician, currently living in Los Angeles, California.', 'So Nice is a song by English musician James Cottriall, from his first studio album Sincerely Me.']}",1 January 1986,"{'answer_em': 0.0, 'answer_f1': 1.0, 'answer_precision': 1.0, 'answer_recall': 1.0, 'support_f1': 0.0, 'support_precision': 0.0, 'support_recall': 0.0, 'accuracy': 1.0}"
2hop__603365_120259,When was a participant in the Battle of Maserfield abolished?,"{'answer': 'Not specified', 'supporting_facts': ['The Battle of Maserfield (or Maserfeld, ""marsh (border) field""; Welsh: ""Maes Cogwy""), was fought on 5 August 641 or 642, between the Anglo-Saxon kings Oswald of Northumbria and Penda of Mercia, ending in Oswald\'s defeat, death, and dismemberment.']}",918,"{'answer_em': 0.0, 'answer_f1': 0.0, 'answer_precision': 0.0, 'answer_recall': 0.0, 'support_f1': 0.0, 'support_precision': 0.0, 'support_recall': 0.0, 'accuracy': 0.0}"
2hop__56806_7298,What pop artist started his career on adult contemporary radio along with the subject of the song The One That Got Away?,"{'answer': 'Josh Groban', 'supporting_facts': ['While most artists became established in other formats before moving to adult contemporary, Michael Bublé and Josh Groban started out as AC artists.', 'In 2017, the singer revealed that ""The One That Got Away ""was about Josh Groban.']}",Michael Bublé,"{'answer_em': 0.0, 'answer_f1': 0.0, 'answer_precision': 0.0, 'answer_recall': 0.0, 'support_f1': 0.0, 'support_precision': 0.0, 'support_recall': 0.0, 'accuracy': 0.0}"
2hop__40270_11402,"According to the agency that considers if Los Angeles County is to be a separate metropolitan area, what is the total area in square miles?","{'answer': '81.4 square miles', 'supporting_facts': ['According to the United States Census Bureau, the city has a total area of 81.4 square miles (210.8 km), of which 81.1 square miles (210 km) is land and 0.3 square miles (0.78 km) (0.37%) is water.']}",17.037 square miles,"{'answer_em': 0.0, 'answer_f1': 0.6666666666666666, 'answer_precision': 0.6666666666666666, 'answer_recall': 0.6666666666666666, 'support_f1': 0.0, 'support_precision': 0.0, 'support_recall': 0.0, 'accuracy': 0.6666666666666666}"
2hop__655505_110949,What is the Till dom ensamma performer's birth date?,"{'answer': '11 September 1962', 'supporting_facts': ['Mauro Scocco (born 11 September 1962) is a Swedish pop artist of Italian descent.', 'Till dom ensamma is a song written by Mauro Scocco, and recorded by himself on the 1991 album Dr. Space dagbok, and released as a single the same year.']}",11 September 1962,"{'answer_em': 1.0, 'answer_f1': 1.0, 'answer_precision': 1.0, 'answer_recall': 1.0, 'support_f1': 0.0, 'support_precision': 0.0, 'support_recall': 0.0, 'accuracy': 1.0}"
4hop1__47210_53706_795904_580996,What location borders the city founded by a former newspaper publisher selling supplies in the state where the valley girl accent originated?,{'answer': 'Error: Failed to parse final JSON.'},Rio Linda,"{'answer_em': 0.0, 'answer_f1': 0.0, 'answer_precision': 0.0, 'answer_recall': 0.0, 'support_f1': 0.0, 'support_precision': 0.0, 'support_recall': 0.0, 'error': 1}"
2hop__434218_29898,Which affiliate left the employer of Don Newman due to an agreement with CHBC?,"{'answer': 'CFJC-TV', 'supporting_facts': ['However, due to an agreement between CHBC and CFJC-TV in Kamloops, CFJC also disaffiliated from the CBC on February 27, 2006, but no retransmitters were installed in the licence area.']}",CFJC-TV in Kamloops,"{'answer_em': 0.0, 'answer_f1': 0.5, 'answer_precision': 1.0, 'answer_recall': 0.3333333333333333, 'support_f1': 0.0, 'support_precision': 0.0, 'support_recall': 0.0, 'accuracy': 0.5}"
2hop__50936_90973,Who did the original voice of the character that Mila Kunis plays in Family Guy?,"{'answer': 'Lacey Chabert', 'supporting_facts': [""Meg made her first appearance on television when Family Guy debuted on Fox on January 31, 1999, with the episode ``Death Has a Shadow ''. Originally voiced by Lacey Chabert during the first season, she has been voiced by Mila Kunis since season 2, although Chabert returned to voice Meg in Yug Ylimaf and Back to the Pilot.""]}",Lacey Chabert,"{'answer_em': 1.0, 'answer_f1': 1.0, 'answer_precision': 1.0, 'answer_recall': 1.0, 'support_f1': 0.0, 'support_precision': 0.0, 'support_recall': 0.0, 'accuracy': 1.0}"
2hop__555792_30351,Who did Hayek work for upon being hired by the author of Omnipotent Government?,"{'answer': 'The Austrian government', 'supporting_facts': ['Upon the completion of his examinations, Hayek was hired by Ludwig von Mises on the recommendation of Wieser as a specialist for the Austrian government working on the legal and economic details of the Treaty of Saint Germain.']}",the Austrian government,"{'answer_em': 1.0, 'answer_f1': 1.0, 'answer_precision': 1.0, 'answer_recall': 1.0, 'support_f1': 0.0, 'support_precision': 0.0, 'support_recall': 0.0, 'accuracy': 1.0}"
4hop2__161602_474028_88460_21034,What year did the country that is the natural boundary between where the tournament was hosted and where A Don is located host the ASEAN Conference?,"{'answer': '2014', 'supporting_facts': ['A Don is a village in south-eastern Laos near the border with Vietnam.', 'Myanmar (also known as Burma) is the northwestern-most country of mainland Southeast Asia, bordering China, India, Bangladesh, Thailand and Laos.', 'Though it gave up its turn to hold the ASEAN chair and host the ASEAN Summit in 2006, it chaired the forum and hosted the summit in 2014.']}",hosted the summit in 2014,"{'answer_em': 0.0, 'answer_f1': 0.4, 'answer_precision': 1.0, 'answer_recall': 0.25, 'support_f1': 0.0, 'support_precision': 0.0, 'support_recall': 0.0, 'accuracy': 0.4}"
2hop__557743_92763,What is the enrollment at Henry Latimer's alma mater?,{'answer': 'Error: Failed to parse final JSON.'},"16,801","{'answer_em': 0.0, 'answer_f1': 0.0, 'answer_precision': 0.0, 'answer_recall': 0.0, 'support_f1': 0.0, 'support_precision': 0.0, 'support_recall': 0.0, 'error': 1}"
3hop1__816887_127905_80286,Who has the most hits in the league of the team that Dick Aylward plays for?,{'answer': 'Error: Failed to parse final JSON.'},Pete Rose,"{'answer_em': 0.0, 'answer_f1': 0.0, 'answer_precision': 0.0, 'answer_recall': 0.0, 'support_f1': 0.0, 'support_precision': 0.0, 'support_recall': 0.0, 'error': 1}"
2hop__43776_162341,What other recognition did the Oscar winner for Best Actor in 2006 receive?,{'answer': 'Error: Failed to parse final JSON.'},nominated for an Academy Award for Best Supporting Actor,"{'answer_em': 0.0, 'answer_f1': 0.0, 'answer_precision': 0.0, 'answer_recall': 0.0, 'support_f1': 0.0, 'support_precision': 0.0, 'support_recall': 0.0, 'error': 1}"
2hop__608902_653666,Who is the mother of Katharine Smith Salisbury's brother?,"{'answer': 'Lucy Mack Smith', 'supporting_facts': ['Katharine Smith Salisbury (July 8, 1813 – February 1, 1900) was a sister to Joseph Smith and an early convert in the Latter Day Saint movement.', 'History of Joseph Smith by His Mother is a biography of Joseph Smith, founder of the Latter Day Saint movement, according to his mother, Lucy Mack Smith.']}",Lucy Mack Smith,"{'answer_em': 1.0, 'answer_f1': 1.0, 'answer_precision': 1.0, 'answer_recall': 1.0, 'support_f1': 0.0, 'support_precision': 0.0, 'support_recall': 0.0, 'accuracy': 1.0}"
2hop__609313_20273,What year did the author of History of the Reformation in Scotland die?,"{'answer': '1572', 'supporting_facts': ['The History of the Reformation in Scotland is a five-volume book written by the Scottish reformer, John Knox, between 1559 and 1566.', 'John Knox (1505–1572), a Scot who had spent time studying under Calvin in Geneva, returned to Scotland and urged his countrymen to reform the Church in line with Calvinist doctrines.']}",1572,"{'answer_em': 1.0, 'answer_f1': 1.0, 'answer_precision': 1.0, 'answer_recall': 1.0, 'support_f1': 0.0, 'support_precision': 0.0, 'support_recall': 0.0, 'accuracy': 1.0}"
2hop__6827_55848,When was the first branch of the company that bought FleetBoston Financial established?,"{'answer': '1928 or earlier', 'supporting_facts': ['In 1928 Giannini merged his bank with Bank of America, Los Angeles, headed by Orra E. Monnette and consolidated it with other bank holdings to create what would become the largest banking institution in the country.', 'In 2004, Bank of America announced it would purchase Boston - based bank FleetBoston Financial for $47 billion in cash and stock.']}","November 3, 1930","{'answer_em': 0.0, 'answer_f1': 0.0, 'answer_precision': 0.0, 'answer_recall': 0.0, 'support_f1': 0.0, 'support_precision': 0.0, 'support_recall': 0.0, 'accuracy': 0.0}"
2hop__576118_25719,At the end of which year did tribes from the area where Linear Pottery culture was found invade the Roman Empire?,"{'answer': '406', 'supporting_facts': ['In the early 5th century, the deep crisis suffered by the Roman Empire allowed different tribes of Central Europe (Suebi, Vandals and Alani) to cross the Rhine and penetrate into the rule on 31 December 406.']}",406,"{'answer_em': 1.0, 'answer_f1': 1.0, 'answer_precision': 1.0, 'answer_recall': 1.0, 'support_f1': 0.0, 'support_precision': 0.0, 'support_recall': 0.0, 'accuracy': 1.0}"
3hop1__358853_339990_54675,"What mountain can you see from Portland, in the state that Raven Creek is located in?",{'answer': 'Error: Failed to parse final JSON.'},Tualatin Mountains,"{'answer_em': 0.0, 'answer_f1': 0.0, 'answer_precision': 0.0, 'answer_recall': 0.0, 'support_f1': 0.0, 'support_precision': 0.0, 'support_recall': 0.0, 'error': 1}"
3hop1__186307_503371_21711,When was the Palau de la Generalitat constructed in the city where Martin from where Jaulin is located died?,"{'answer': '15th century', 'supporting_facts': ['The Palau de la Generalitat in Barcelona, built in the 15th century for the kings of Aragon', 'Martin the Humane (29 July 1356 – 31 May 1410), also called the Elder and the Ecclesiastic, was King of Aragon, Valencia, Sardinia and Corsica and Count of Barcelona from 1396', 'Jaulín is a municipality located in the province of Zaragoza, Aragon, Spain']}",built in the 15th century,"{'answer_em': 0.0, 'answer_f1': 0.6666666666666666, 'answer_precision': 1.0, 'answer_recall': 0.5, 'support_f1': 0.0, 'support_precision': 0.0, 'support_recall': 0.0, 'accuracy': 0.6666666666666666}"
3hop2__326964_846_7713,How long had the city where the Yongle Emperor greeted the Karmapa been the capitol city of Yaxing Coach's headquarters location?,{'answer': 'Error: Failed to parse final JSON.'},about 400 years,"{'answer_em': 0.0, 'answer_f1': 0.0, 'answer_precision': 0.0, 'answer_recall': 0.0, 'support_f1': 0.0, 'support_precision': 0.0, 'support_recall': 0.0, 'error': 1}"
4hop3__577443_88460_30152_20999,How were people from whom new coins were a proclamation of independence by the Somali Muslim Ajuran Empire expelled from the natural boundary between Thailand and Tham Pha's country?,{'answer': 'Error: Failed to parse final JSON.'},The dynasty regrouped and defeated the Portuguese,"{'answer_em': 0.0, 'answer_f1': 0.0, 'answer_precision': 0.0, 'answer_recall': 0.0, 'support_f1': 0.0, 'support_precision': 0.0, 'support_recall': 0.0, 'error': 1}"
3hop1__545624_2053_5289,"What UK label was bought by the company which, along with ABC and the network which broadcasted Here and Now, is the other major broadcaster based in NY?","{'answer': 'Oriole Records', 'supporting_facts': ['CBS established its own UK distribution with the acquisition of Oriole Records.', 'The three major American broadcast networks are all headquartered in New York: ABC, CBS, and NBC.', 'Here and Now is an American television sitcom that aired on NBC from September 19, 1992 to January 2, 1993.']}",Oriole Records.,"{'answer_em': 1.0, 'answer_f1': 1.0, 'answer_precision': 1.0, 'answer_recall': 1.0, 'support_f1': 0.0, 'support_precision': 0.0, 'support_recall': 0.0, 'accuracy': 1.0}"
2hop__252311_366220,Who founded the company that distributed the film UHF?,{'answer': 'Error: Failed to parse final JSON.'},Mike Medavoy,"{'answer_em': 0.0, 'answer_f1': 0.0, 'answer_precision': 0.0, 'answer_recall': 0.0, 'support_f1': 0.0, 'support_precision': 0.0, 'support_recall': 0.0, 'error': 1}"
3hop1__222497_309482_27537,Why did Roncalli leave the place where the composer of Al gran sole carico d'amore worked?,"{'answer': 'Because the death of a pontiff meant that he would have to stay at his post until the election of a new pontiff', 'supporting_facts': ['Nono himself and Yuri Lyubimov wrote the libretto.', 'Roncalli was unable to see his mother for the end as the death of a pontiff meant that he would have to stay at his post until the election of a new pontiff']}",for the conclave in Rome,"{'answer_em': 0.0, 'answer_f1': 0.0, 'answer_precision': 0.0, 'answer_recall': 0.0, 'support_f1': 0.0, 'support_precision': 0.0, 'support_recall': 0.0, 'accuracy': 0.0}"
4hop1__93661_59747_211319_557671,Which county shares a border with the county where the most populous city in the state where season 8 of The Walking Dead was filmed is located?,"{'answer': 'Fulton County and DeKalb County, and also Cobb County, Clayton County, and Gwinnett County', 'supporting_facts': ['The Walking Dead is mostly filmed in Georgia.', 'The largest municipality by population in Georgia is Atlanta with 420,003 residents']}",Presque Isle County,"{'answer_em': 0.0, 'answer_f1': 0.11764705882352941, 'answer_precision': 0.07142857142857142, 'answer_recall': 0.3333333333333333, 'support_f1': 0.0, 'support_precision': 0.0, 'support_recall': 0.0, 'accuracy': 0.11764705882352941}"
2hop__25344_88628,"In True Grit, who did the star play?",{'answer': 'Error: Failed to parse final JSON.'},U.S. Marshal Rooster Cogburn,"{'answer_em': 0.0, 'answer_f1': 0.0, 'answer_precision': 0.0, 'answer_recall': 0.0, 'support_f1': 0.0, 'support_precision': 0.0, 'support_recall': 0.0, 'error': 1}"
3hop2__222979_132477_40768,"When did the maker of the Acura RLX, the owner of Scion, and Nissan open US assembly plants?","{'answer': 'A decade after the 1973 oil crisis', 'supporting_facts': ['A decade after the 1973 oil crisis, Honda, Toyota and Nissan, affected by the 1981 voluntary export restraints, opened US assembly plants and established their luxury divisions (Acura, Lexus and Infiniti, respectively) to distinguish themselves from their mass-market brands.']}",1981,"{'answer_em': 0.0, 'answer_f1': 0.0, 'answer_precision': 0.0, 'answer_recall': 0.0, 'support_f1': 0.0, 'support_precision': 0.0, 'support_recall': 0.0, 'accuracy': 0.0}"
3hop1__572324_568433_51423,What is the name of the castle in the city where the headquarters of the production company of Care Bear: Journey to Joke-a-lot is located?,"{'answer': 'Bellver Castle', 'supporting_facts': [""Care Bears: Journey to Joke-a-lot is a 2004 children's animated feature film, produced by Nelvana Limited and released by Lions Gate Home Entertainment."", 'In 1931, the Spanish Second Republic gave the castle to the city of Palma, along with the forest surrounding it.', ""Bellver Castle became a museum in 1932, being restored in 1976 to become the city's History museum.""]}",Casa Loma,"{'answer_em': 0.0, 'answer_f1': 0.0, 'answer_precision': 0.0, 'answer_recall': 0.0, 'support_f1': 0.0, 'support_precision': 0.0, 'support_recall': 0.0, 'accuracy': 0.0}"
3hop1__208108_547811_80702,What is the name of the famous bridge in the city where the composer of La Silvia was born?,{'answer': 'Error: Failed to parse final JSON.'},Rialto Bridge,"{'answer_em': 0.0, 'answer_f1': 0.0, 'answer_precision': 0.0, 'answer_recall': 0.0, 'support_f1': 0.0, 'support_precision': 0.0, 'support_recall': 0.0, 'error': 1}"
3hop1__324448_831637_91775,What does SEAL stand for in the military branch that operates USS Prevail?,"{'answer': 'Sea, Air, and Land', 'supporting_facts': [""The United States Navy's ``Sea, Air, and Land ''Teams, commonly abbreviated as the Navy SEALs, are the U.S. Navy's primary special operations force and a component of the Naval Special Warfare Command."", ""Among the SEALs' main functions are conducting small - unit maritime military operations that originate from, and return to, a river, ocean, swamp, delta, or coastline.""]}","Sea, Air, and Land","{'answer_em': 1.0, 'answer_f1': 1.0, 'answer_precision': 1.0, 'answer_recall': 1.0, 'support_f1': 0.0, 'support_precision': 0.0, 'support_recall': 0.0, 'accuracy': 1.0}"
4hop2__5206_14670_8987_8529,"When was ""Slavs"" used in the national anthem of the country whose military having the Air Defense Artillery was unprepared for the invasion of the country conquered by the Pact?",{'answer': 'Error: Failed to parse final JSON.'},1943–1992,"{'answer_em': 0.0, 'answer_f1': 0.0, 'answer_precision': 0.0, 'answer_recall': 0.0, 'support_f1': 0.0, 'support_precision': 0.0, 'support_recall': 0.0, 'error': 1}"
3hop2__103889_30152_20999,How were the people that the Ajuran Empire declared independence from by minting coins expelled from Zaw Win Thet's country?,"{'answer': 'The Portuguese were expelled from Myanmar during the Restored Toungoo Dynasty in 1613.', 'supporting_facts': ['The Somali Muslim Ajuran Empire, allied with the Ottomans, defied the Portuguese economic monopoly in the Indian Ocean by employing a new coinage which followed the Ottoman pattern, thus proclaiming an attitude of economic independence in regard to the Portuguese.', 'The dynasty regrouped and defeated the Portuguese in 1613 and Siam in 1614.']}",The dynasty regrouped and defeated the Portuguese,"{'answer_em': 0.0, 'answer_f1': 0.25000000000000006, 'answer_precision': 0.18181818181818182, 'answer_recall': 0.4, 'support_f1': 0.0, 'support_precision': 0.0, 'support_recall': 0.0, 'accuracy': 0.25000000000000006}"
2hop__706038_14251,What line by a cast member of Birds of Feather is believed to have started the archie nickname?,"{'answer': 'Archibald, certainly not!', 'supporting_facts': ['Nicknames for anti-aircraft guns include AA, AAA or triple-A, an abbreviation of anti-aircraft artillery; ""ack-ack"" (from the spelling alphabet used by the British for voice transmission of ""AA""); and archie (a World War I British term probably coined by Amyas Borton and believed to derive via the Royal Flying Corps from the music-hall comedian George Robey\'s line ""Archibald, certainly not!"")']}","""Archibald, certainly not!""","{'answer_em': 1.0, 'answer_f1': 1.0, 'answer_precision': 1.0, 'answer_recall': 1.0, 'support_f1': 0.0, 'support_precision': 0.0, 'support_recall': 0.0, 'accuracy': 1.0}"
